{
  "metrics": {
    "train": {
      "mae": 0.6300432949483086,
      "rmse": 1.0754508425744769,
      "smape": 38.68811937362919
    },
    "validation": {
      "mae": 0.7029894104215754,
      "rmse": 1.069723762152109,
      "smape": 52.575421127671476
    }
  },
  "baseline": {
    "validation": {
      "mae": 1.2987703719118957,
      "rmse": 1.689805999083737,
      "smape": 91.72432386530846
    },
    "train": {
      "mae": 1.3771177733346498,
      "rmse": 1.8042786388547947,
      "smape": 78.77613569892783
    }
  },
  "parameters": {
    "model": "tree",
    "max_depth": 8,
    "min_samples_leaf": 20,
    "random_state": 42,
    "use_log_target": false,
    "learning_rate": 0.05,
    "max_leaf_nodes": 31,
    "max_iter": 500
  }
}