{
  "metrics": {
    "train": {
      "mae": 1.0923176731456483,
      "rmse": 1.4767112006645153,
      "smape": 1.50039850678628
    },
    "validation": {
      "mae": 1.239897210703,
      "rmse": 1.6707202899949247,
      "smape": 2.2576391176802812
    }
  },
  "baseline": {
    "validation": {
      "mae": 1.3144535480437545,
      "rmse": 1.7584333260720741,
      "smape": 2.346046044524068
    },
    "train": {
      "mae": 1.3489920906841653,
      "rmse": 1.798124571876154,
      "smape": 1.5805558560405726
    }
  },
  "parameters": {
    "max_depth": 8,
    "min_samples_leaf": 20,
    "random_state": 42,
    "use_log_target": false
  }
}