{
  "metrics": {
    "train": {
      "mae": 0.49223227962609933,
      "rmse": 0.9843531862288978,
      "smape": 0.45343709484570555
    },
    "validation": {
      "mae": 0.8275128551731207,
      "rmse": 1.1836099189715246,
      "smape": 1.6403698824289221
    }
  },
  "baseline": {
    "validation": {
      "mae": 1.3144535480437545,
      "rmse": 1.7584333260720741,
      "smape": 2.346046044524068
    },
    "train": {
      "mae": 1.3489920906841653,
      "rmse": 1.798124571876154,
      "smape": 1.5805558560405726
    }
  },
  "parameters": {
    "model": "hgbt",
    "max_depth": -1,
    "min_samples_leaf": 50,
    "random_state": 42,
    "use_log_target": true,
    "learning_rate": 0.03,
    "max_leaf_nodes": 63,
    "max_iter": 600
  }
}