"PORT_ID","LATITUDE","LONGITUDE"
104100,5.21937758815309305,97.1050983618594188
104101,45.122841,-0.665969
104102,53.293105,10.736548
104103,46.1820988011267346,-82.9574408301718904
104104,65.661,-20.298
104105,12.0128251645553377,-83.7580672090569323
104901,-43.953,-176.58
104914,57.178,-170.279
110462,50.8297,3.2581
110463,50.6271,3.02689
110464,50.6029,2.98281
110465,50.5545,2.94417
104967,25.3711413452516297,55.3777933494281669
104968,34.8128,128.7294
104969,5.3341,163.019
106826,42.497165453774798,-8.85776488391389272
106827,42.6523869943315432,-8.82132600047233062
106828,47.653,-2.75829
101793,-7.67842615865133737,144.587850350808395
101794,47.2907324884275013,-2.02972474650169543
101795,48.7842166907105081,-3.04197373343110566
101796,41.7429200014774722,-81.2627245480135372
101797,-5.08142670692557097,-81.1080129549794435
101798,-7.7062869649043515,113.573121893230919
101800,66.8691849968265757,13.7025118128207843
101801,13.57288,100.577732
101802,33.268796,131.627372
101803,-43.2200680447746706,170.156936879338076
101804,22.4726782116810888,69.0843297054686616
101805,53.557,142.96
101806,59.359384,143.203292
101807,26.2259464072725059,127.674298442916694
101808,37.6227,129.0642
101809,3.9910000000000001,7.28989674503849105
101810,34.89,128.716
101811,4.71987149999999556,7.08411439999997938
101812,70.2382750579651258,22.3465346814237407
101813,46.849,31.979
101814,64.8973950404464546,-23.7007384793215401
101816,40.9235521505712967,9.52487013273982264
101817,17.8960771966722554,-77.1069432174835327
101818,61.8434451853204834,6.81011754142607995
101819,53.139968,8.230891
101820,59.6061,5.80541
101821,43.7287,135.2572
101822,58.8536,6.123
101823,47.0522981259754971,-122.90651058368654
101824,-8.64232433987555737,124.852949397484736
109121,61.3704,5.0185
109122,61.3741,4.9637
109123,61.3201,4.979
109124,61.3208,4.941
109125,61.3102,4.769
109126,61.3086,4.7416
109127,61.3001,4.7485
109128,61.3194000000000017,4.70709999999999962
109129,61.2842,4.7276
109130,61.2979,4.6604
109131,60.9952,4.8953
109132,61.068,4.9407
109133,61.0561,4.867
109134,62.1351,6.0214
109135,61.758,5.0699
109136,61.5761,4.8073
109137,12.483491926020811,-61.4596566807154119
109138,61.2928,5.0141
109139,61.9102,5.2908
109140,61.9029,5.2079
109141,61.8945,5.0616
109142,61.6319,4.8634
109143,61.5827,4.8772
109144,61.6022,5.0351
109145,61.5417,4.9688
109148,59.5249,6.3335
109149,59.5508,6.5131
109150,59.3892,5.9247
109151,59.4516,5.9919
109152,62.1166,5.4207
109153,62.0823,5.412
109154,62.2867000000000033,7.10510000000000019
109155,62.285,7.2796
109156,62.9619,8.0633
109157,62.9487,8.0888
109158,62.9376,8.11
109159,62.9066,8.1109
109160,60.8618,4.9349
109161,60.8615,4.9649
109162,60.8763,5.028
109163,60.9452,4.846
109164,60.9286,5.0159
109165,60.9652,4.9075
109166,60.8931,4.8345
109167,60.8938,4.8371
109168,59.933,5.8313
109169,59.9527,5.8315
106482,57.5744695349032511,-157.590454693119625
106947,25.7589,119.63
106948,22.8614,120.188
101477,51.4940136172866829,-2.7176894817884194
105769,64.0434981078428791,10.0422028123111016
105783,59.923,5.3065
100008,33.960489,135.110148
105489,-12.5037778657494325,130.858191717936023
105503,51.204521638635569,-56.7734797695797297
106039,49.2971595666942477,-123.013884655578806
106056,33.7664674914785152,-118.272110350322549
104767,56.3807248304419915,-3.42822284053694215
104768,36.7536845446905005,28.9357266493731871
108962,61.1526,6.1167
108964,63.6546999999999983,8.58760000000000012
108965,-5.63569146970902768,11.8492475749013888
108966,64.7771,11.6398
108967,65.8314000000000021,12.0704999999999991
108968,65.935,12.1391
108969,65.8803000000000054,11.9304000000000006
108970,66.0703,12.0656
108971,69.37710468092844,16.1618293372763127
108972,65.9766,12.1605
108973,70.6381,24.5711
108974,70.9116000000000071,25.3248999999999995
108975,70.8887,24.9413
108976,70.9178,25.0062
108977,70.8286,24.4518
108978,70.9180000000000064,24.5307999999999993
108980,71.1979316812352181,25.675887389139838
108981,70.478,23.6277
108982,69.0699,17.0614
108983,68.9066,16.643
108984,68.9365,16.7246
108986,68.8923,17.1102
108987,68.7168,17.0228
108988,68.8124,17.5202
108989,68.7853,17.6429
108990,68.8001,14.5937
108991,68.7807,14.5937
108992,68.7815,14.6157
108993,68.7908,14.6255
108994,68.784637215179643,14.6414388355401481
108995,68.6328516703743645,15.5674167023782353
108997,68.4175,16.7913
108998,68.4023,16.8592
108999,68.3929,16.9139
109000,69.703840784635247,19.0211546055063714
109001,69.9791,21.0272
109002,69.9613,20.9782
109003,69.9466,20.7527
109004,69.9936,20.7111
109005,70.0492,21.8117
109006,70.0621,21.8753
109007,70.0638,21.9034
109008,69.5569,17.6105
109009,69.4914,17.673
109010,69.5189,17.6959
109011,69.5005,17.919
109012,69.4743,17.8787
109013,69.4334,18.1535
101465,27.8610000000000007,-82.5525999999999982
101466,48.0925670390538613,-122.792004626143537
101467,42.5177198256597393,3.10779498440480539
101468,-4.626253,55.463647
101469,-17.7564378567998666,168.299421551246354
101470,-34.778792353403901,137.868434805061554
101471,-34.192418784892098,138.142994027113502
101472,-20.5741566721493605,117.205022712555106
101473,43.3861092030147688,-87.865098540780977
101474,32.156387800718214,-81.1552252522256055
101475,45.0959567532603316,-64.4064129318256846
101476,46.7903296746737922,-91.3863452559505873
101478,-1.94092478548818925,-50.8241283109324229
101479,37.1327,-8.53046
101480,51.4950540832877977,-2.77561480482082867
101481,43.6458602489686953,-70.2546382429909073
101482,45.5609141828386512,-122.72362006096364
101483,-38.3472638872513727,141.618609682576732
101484,41.1392830095072526,-8.61307342997413983
101485,-30.0097909999999999,-51.2131749999999997
101486,41.1346589890832348,9.53266633987164447
101487,44.4912,12.2751
101488,37.2820418034501557,13.5270459272268422
101489,39.0844276134398143,9.02163636904448296
101490,16.8881,-25.0009
101491,45.0505,12.3636
101492,45.454614404994949,12.2594031206035758
105770,58.74319,23.25709
105771,70.4071412702583643,58.7560944282361532
105772,45.6133305645873719,-121.195139347400598
105773,45.6034648317675533,-121.172863906207226
105774,46.422,-117.014
105775,45.854211765133968,-119.674539077503553
105776,18.2759166558015451,72.970300347498295
110602,68.6948,17.4277
110603,68.6811,17.4619
110604,70.1031,21.595
110605,70.8014,28.0975
110606,69.2759,17.1389
110607,69.2842,17.1484
103538,53.316848,-2.942148
103539,44.9059334922367768,-66.9820604065916143
103540,2.81296895007361503,9.8323215792296228
105318,1.3049,104.1738
105319,-46.419278962929269,168.336879495093427
108652,69.8979,18.4812
108653,69.5456,20.5455
108654,10.4787221370865673,123.68685779302605
108655,-2.47412948641364183,119.127977643214166
108656,69.6977595897409827,19.0734624687500585
108657,69.1259,17.7959
108658,64.8386,10.6599
108659,64.8027,10.9777
108660,64.7988,11.0248
108661,70.8117,27.5003
108662,70.7748,27.2185
108663,70.7372,27.3171
108664,70.6717,27.1339
108665,70.6292,27.1233
108666,70.1423,22.8935
108667,70.091,22.7552
108668,70.077,22.6662
108669,70.0859,22.6618
108670,70.0916,22.709
108671,70.2409,23.2844
108672,70.2297,23.3361
108673,70.2378,23.4112
108674,70.3409,22.8048
108675,70.3206,22.8971
108676,70.3033,22.938
108677,70.2122,22.2785
108678,70.1917,22.321
108679,70.1412,22.245
108680,70.1517,22.3127
108681,70.1414,22.3542
108682,70.1495,22.4166
108683,70.1332,22.443
108684,70.0903,20.7587
108685,69.8601,20.714
108686,69.8897,20.769
108687,69.7866,18.6507
108688,69.7306,18.6536
108689,69.6996,18.6517
108690,68.9297,16.7014
108691,65.065,12.0889
108692,65.0948,12.0246
108693,65.1392,12.3197
108694,65.2494,12.8153
108695,65.1177,12.3215
106063,51.879943,4.301728
106064,51.877546,4.296991
106066,30.525365,-88.087044
106067,30.7014,-88.037488
106068,30.704364,-88.040381
106069,30.706457,-88.041467
106070,30.707611,-88.041935
106071,30.70768,-88.039776
106072,30.70984,-88.042376
106073,30.710794,-88.04253
106074,30.711158,-88.040552
106077,30.721107,-88.042599
106078,30.726096,-88.039431
106079,30.726159,-88.04617
106080,34.643641,135.426054
106081,34.644051,135.429667
106082,34.63977,135.439209
106083,34.636767,135.439693
106085,34.63041,135.440978
106086,34.634212,135.413073
101414,39.1945661147732309,8.39294900179354286
101415,-19.841420902316969,-40.0575037105766754
101416,42.810587459014414,10.3246447127371432
103262,-42.446161291900907,171.203063020004663
103263,53.3443685456268852,-60.3965427822467618
103264,44.3983821719131555,8.92276496878186087
103265,19.2965318787490929,-81.3849952120185662
103266,6.82054948335814792,-58.167754043265731
103267,46.1773960526590983,-62.5377888451763013
103268,33.3598522071081049,-79.2869178447202785
103269,-28.7719647433323402,114.600845549448252
103270,49.757325,8.477649
103271,-34.4950897330185171,18.2753217583077543
103272,35.1043467472079485,-1.86392657327042
103273,46.1625461148400404,34.8082158047825914
103274,51.085448,3.735944
103275,35.9624878377406674,-5.50850909742417016
103276,36.1394646736916769,-5.36209439721170966
103278,51.398,0.561
103279,8.83176006008490866,125.099506300313664
103353,52.6250605112996297,-9.12354941534774966
103354,58.842,6.282
103355,44.631056672874422,-86.2404591516426962
103356,50.106914,8.709895
103357,49.1492493151570429,-123.026734485038858
103358,57.6924372839245976,-1.99801340732225352
103359,47.8479,-69.5701
103360,-33.110398,-58.314399
103361,55.56,9.743
100538,29.9951633000000015,-90.4472659999999991
109506,61.4678,5.2203
109507,59.5389,5.5443
100541,35.135561,138.697852
100542,34.7107870000000034,137.304906999999986
100543,-38.1759934309406077,174.694221141402664
100544,61.6337670925696273,21.3836101207514204
100545,49.9198152418683492,-126.652778109995211
100547,31.6459,121.2394
100548,24.2851014342139813,120.516515859178455
100549,-8.91504739233901056,-140.096079125426769
100550,22.7902196943480817,121.191483618198873
100551,32.285449557581785,119.857706117841317
100552,34.359268,134.072959
100553,34.7415,134.7878
100554,34.330533772312215,132.915598482049887
100555,4.8839873895744601,-1.73925160341824947
100556,-5.21499146970902761,11.8119475749013887
100557,34.234543,133.682989
100558,42.5546373960016311,11.1371787254307417
100560,-36.7062883272146081,-73.1039765493312927
100562,-19.666,116.933
106041,33.7327357062043731,-118.253826581406628
106042,33.732136682960693,-118.24910466962514
106043,33.7249254218083934,-118.272291718302597
106044,33.7342001047927269,-118.273480057688175
106045,33.7585133443668823,-118.25911634301805
106046,33.761804180334174,-118.252173628627901
106047,33.7633558192346825,-118.247636806663365
106048,33.7685163382727467,-118.252307976629524
106049,33.7631171073860585,-118.259926425655877
106050,33.7571629867930625,-118.268327285257172
106051,33.7607586860073212,-118.267077851591168
106052,33.7620371204906888,-118.266693410463148
106053,33.754667,-118.272762
106054,33.7557917659150988,-118.280508894901672
106055,33.7601431700406494,-118.275548884878475
106057,33.7564817611757846,-118.269727781892925
106058,33.753344,-118.274923
100380,53.951009,10.860814
100381,44.7668207062690655,-85.606792172909266
100382,48.7918728528387717,-3.22636171798662463
100383,55.3649775112426354,13.1520698514321719
100384,40.17351,-74.731961
100385,45.6323638104784166,13.7498232120873904
100386,8.55224277707174352,81.2038780741683013
100387,48.106,-53.374
100388,18.7033725913826991,37.7448114496008813
100389,34.4551881066969941,35.820929959461111
100390,32.9098089603659574,13.2077670612054323
100391,-37.0626723741611102,-12.3132600354076391
100392,57.066,0.916
100393,43.5098339227008211,16.2439909652404602
108382,28.11,-75.96
108383,30.94,-75.19
108384,32.95,-71.08
108385,31.89,-72.46
108386,63.9563767424330862,10.1793812672746462
108387,59.0236,5.6998
108388,30.0386070587340193,-93.3303995574712815
108390,51.9717,4.0757
108391,67.7651,15.2484
108392,36.45,-71.19
108393,38.11,-67.06
108394,39.9,-64.88
108395,39.94,-58.21
108396,42.94,-54.92
108397,66.544,13.4107
108398,66.42,13.02
108399,66.1609,12.6815
108400,67.1387906998050425,14.135504441138135
108401,66.9799361950195049,14.1559310258608591
108402,67.035161989768298,14.0220520055456781
108403,41.3773607898055218,19.4118001429997662
102276,38.0315188196668359,-122.133468258852588
102293,55.702,51.4
102307,41.6142001865052222,15.9517597885608691
102323,20.338144508410462,-77.1470593056250067
102756,30.4311559622783392,48.1747235225641646
102771,25.1520397768692483,121.757266898994118
106950,51.9618,4.08091
106951,60.0315,20.3851
106952,-16.0149051282812138,168.173986886848866
106953,60.3310200074480676,25.5753261190759709
106954,60.2527785886272511,25.3873619651676385
106955,60.3942592725793546,26.017658555820276
106956,39.8729349795293189,20.0082148813796685
106957,47.4436494187606712,-53.1079786993091005
106958,44.8184184719562424,13.9306908833717813
103528,58.5717806034346893,-4.7353811192422226
105429,48.911078,11.920771
103531,59,5.666
103532,-45.7249453117138316,166.505522128968352
103533,51.216283,6.742063
103534,53.8829311214717563,-166.529661767978297
103535,61.7717,5.1608
103536,-12.781514,45.258428
103959,59.5381998390408995,-44.0389397191453682
107796,18.2309267238800778,-72.5356907770458292
102647,50.391282,7.596249
102648,33.499,133.583
102649,57.787948326471998,-152.400024402837829
102650,55.4577644966216567,12.2127355266106541
102651,13.14,100.825
102652,62.9738802964033368,17.8187804133729983
102653,36.4044,126.4785
102655,-4.7155199562314527,136.448745366448577
102656,33.909,130.88
102657,8.11580000000000013,123.895478766849052
102658,55.492987,9.498313
102659,4.21600000000000019,8.54889674503849051
102660,60.557282,4.826564
102661,50.9251,6.969303
102662,54.1821699189716384,15.5525236231881561
102663,-1.98268035166542322,121.342606429009535
102664,34,134.6
102665,50.539725,137.065847
102666,45.5613787786028155,13.7331494244037664
102667,59.283,5.316
102669,44.9668049717361527,14.1198045067052576
102670,7.363306,134.503786
102671,46.624772,142.757875
102672,55.3370000000000033,11.1319999999999997
102673,36.8983716959635544,27.2913550611985194
102674,26.102027879521323,34.287685463627291
102675,5.99693574474408919,116.080125033235859
103093,65.235501608653351,21.6254371913213568
103094,37.666,141.016
103097,27.8449689615290836,-97.0619346136834622
103098,47.6899039986222419,-53.2189518799368031
103099,53.4833,9.96093
103100,59.969858,5.834521
103102,62.3707,6.0329
103103,60.1694463612476866,18.4879988408313523
103104,53.1775,5.41299
103105,49.1414456863802442,-123.845065828130856
103106,62.644911399702238,17.9396079160713313
103108,68.796918225831817,16.5450747341391882
103109,54.6962401011676462,-1.19170951610137532
103110,51.94932,1.251718
103111,34.114,132.9698
103112,34.340936,132.34556
103113,59.405479,5.25963
103114,51.8417196074289066,-8.29950915657506449
105688,34.418,131.398
105689,33.413,131.638
105690,10.9597405316734839,123.325508553138334
105692,43.213474,-79.211899
105693,43.2071421233948669,-79.2637260999377276
105694,42.4914629792281247,-79.3384117705315504
105695,42.549938254860912,-82.6024750900952682
105696,43.2664827713689917,-82.5245374555362758
105697,43.9447042083455202,-82.7067565450001894
105699,43.7363628745503448,-83.4625944354763476
105700,44.2672989511445181,-83.4937643058027987
105701,45.651243755709757,-84.4681312669560924
105702,42.5867898656491448,-87.803444125271767
105703,42.4884023238279909,-87.7995092135003858
105704,42.846471482959771,-87.8261493781333513
105705,45.315565562592603,-85.24652007786176
105706,45.2147667125453836,-85.0168866851653178
105707,45.3789872879057441,-84.9625480152134145
105708,44.8335025944951653,-87.3816767300233295
105709,46.6730054744874252,-85.9824475697798363
105710,-75,164
105711,8.578,-60.989
105713,47.7520317231761879,-122.728657072627129
105714,50.902,-128.046
102610,50.835807,156.608379
102611,4.58035968124406523,113.98762681158756
100984,41.772701,-70.513368
105777,43.8482987935779533,-69.6312482399703612
105778,41.4550878361795654,-70.5975535796000173
105779,41.6503104237923196,-70.2768089995277023
105780,41.3883105418771322,-70.5113397711201486
105781,41.4669999999999987,-70.0360000000000014
105782,63.4311,8.6723
105784,59.7779,5.38708
105785,68.0149627091721243,15.3378069186711734
102294,9.25677888919044101,124.716554960036603
102295,10.3167504441781688,-75.5121185171347094
109277,66.5285,12.8807
109278,66.4617,12.957
109279,66.4128,12.9569
109280,66.4386,13.1274
109281,66.1008,12.1573
109282,66.0608,12.2423
109283,65.9287999999999954,12.1588999999999992
109284,65.9073000000000064,12.2210000000000001
109285,62.1412,5.3267
109286,64.9118,11.3084
109287,65.0385,11.4597
109288,65.0428,11.4829
109289,65.1345,11.5156
109290,65.123,11.6745
109291,65.1209,11.6814
109292,25.0094279535950648,51.6064825847458479
109293,60.5358,5.252
109294,60.5964,5.4346
109295,59.8666,5.2281
109296,59.7766,5.3218
109297,59.7604,5.3412
109298,59.7467,5.3424
109299,59.6712,5.3121
109300,59.6365,5.2471
109301,59.6263,5.2507
109302,59.6133,5.2453
109303,60.6825,4.76
109304,60.5923,4.8578
109305,60.5652,4.8784
109306,60.5397,4.9039
109307,60.5093,4.9317
109308,60.4685,4.966
109309,63.5686,9.4743
109310,63.5909,9.4048
109311,68.2212,14.5218
109312,68.2704,14.7695
109313,68.2905,14.8285
109314,68.2277,14.8052
109315,68.3054,14.9499
109316,68.305,15.1341
109317,68.2867,15.1227
109318,68.2689,15.1104
109319,68.3252,15.2023
109320,68.3388,15.2366
107088,-64.8723,-62.5519
107090,-64.7185000000000059,-62.6257999999999981
107092,-61.28607,-55.1856
107093,-60.59,-45.625
107094,-0.28319,-90.5386
107095,-0.39291,-90.7106
107097,-1.20912,-90.4462
107098,-0.747189,-90.3098
102251,60.0926313058307642,19.9266200152135013
107100,-0.238983,-90.858
107101,7.23120066762574076,144.44645718047272
107102,-8.64894429105237528,151.316925011731058
107103,-19.5332027991512938,169.266123166067558
107104,-19.2172974740757567,169.597754335117514
107105,9.22852,145.384
107106,-11.3028082057696686,166.453267580861677
107107,-16.7970922691232474,179.993563317696442
107108,-6.75749858557728267,147.910386396838589
107109,-9.28421041617577103,153.653451144411434
107110,-9.08325824870647835,149.317032410959911
107111,-9.16218330264547376,159.80115987354381
107113,-8.27266,157.203
107251,61.2686624673914508,-149.913220560032556
107252,43.8722330197545602,-78.6875291152090455
107253,58.0398766505403856,7.15323838285671698
107255,17.6225516146035517,83.2429270654434106
107256,43.424814027146887,-124.257090396132639
107257,46.198948,-123.436714
107258,36.8529794527236234,53.3689375138255429
107259,-26.8480853227609515,-70.8149343695984612
107260,9.99900195710559636,98.5669277654856018
107261,55.7731914013354171,-4.8628287745994605
107262,10.605785,107.018268
107263,15.377222,108.864722
107264,37.6967475109823198,27.0095817908292624
107265,72.550506,-118.774904
107266,74.48536,-116.472416
107267,30.4682508275231072,130.864847878805733
107268,33.583931,131.377644
103280,38.4426252268045161,15.8965272746302873
103281,-7.63099146970902709,11.6879475749013881
103282,40.9186602162613582,38.3813275991445337
103283,-38.6751357881547904,178.0232089427208
109367,60.1769,5.1248
109368,60.2483,5.175
109369,60.2201,5.2145
109996,51.8288,4.5563
109997,53,10.5677
109998,52.7243,10.6642
111035,66.03717,-22.98485
111043,29.63966,122.29465
111047,-14.27218,125.88712
111070,-24.74359,-42.5133
111074,3.95017,5.88434
111076,7.95643,-56.71562
111078,25.24225,-97.44412
111082,63.2758,18.71699
111089,68.50215,15.33218
111090,11.78359,42.88078
102790,-17.4180931146120876,140.794372723941478
102808,45.3405607823895096,36.6706171335155915
102821,58.3186,6.3439
102836,16.9799431607670108,82.2857019642445664
102851,59.47245,10.680139
102865,45.3158,28.8607
105013,57.147,1.984
105029,12.4256085767863063,98.5978476210106578
105044,30.063397,-90.871699
105161,59.7116187859404448,24.731334308537626
102553,13.06294,100.898019
102561,38.810977326903874,23.5236248915345065
100530,54.6073166290794774,-1.15990387390745808
101918,53.4882,8.5005
106545,51.968846,5.728433
109551,65.595,-24.0064
105935,34.576216674362783,12.5235338133011584
103821,42.1049496539470667,11.768755144568873
108275,38.0794126474409538,118.952857869735411
108356,64.9461,11.4614
100561,10.1568949907999357,124.331455765877507
101695,-6.86006188772014447,109.693408143744847
102256,44.0318145182022818,10.0404211612300003
104886,43.598333944634085,51.2190679676763381
101322,18.224,-94.393
102062,-3.34965857839206604,135.504802771130841
102321,48.986,1.729
106282,56.563206,3.0856
103006,59.6047871214036959,-151.41127391053152
102524,18.2007143254789447,121.657425700820554
100898,4.93623012467339084,-1.69973434022735481
103853,8.21258424606656412,-82.8717135741979689
103771,-12.1637931207469272,-77.0322138306685531
104553,43.5896583610772907,7.13121421501893593
108458,14.1225569129573483,109.215413383362559
105207,37.7731558838528656,23.4878305768659636
103187,-54.2827057445078722,-36.5024259040651273
105732,69.5688824693339569,31.2371217200104461
102434,4.00183324855225386,9.12753476511300299
106448,7.816667,108.184722
101830,4.67550283936671107,7.15546458514171491
107695,52.255555,11.774905
103595,53.3473025992979615,-6.21692405396736891
102175,47.9346746662241543,-84.8303741320745104
107125,-8.93836333214024314,-139.573130108691572
100829,57.0533239422721081,-135.351322715360396
100640,51.395,0.502
100669,17.1198,-61.8485
103248,51.445974710037909,0.370851049499043073
103969,28.9723122807485538,-89.3788293239990708
103220,19.2991221079183717,84.9687256730558005
101711,0.617838899999999969,101.599328099999994
102493,52.837371,5.703937
107006,10.8521358847012994,121.004659572911422
104237,38.670415,-9.074795
106269,-3.892833,-61.377102
105691,42.3075406046420142,-83.0841047755522624
101001,11.2509492746900666,-74.2180191622038734
102855,36.6159999999999997,136.599999999999994
101622,29.746,-95.18
100710,37.952193,-121.327581
106770,42.9718831213581254,17.0526969606369612
103426,5.36596938880694907,5.43361491866314328
101567,40.6656,-74.1441
103877,10.9267431174961054,-68.2674910475697487
110582,60.4212,19.9839
110590,60.6051,28.5494
107314,66.5223547105885018,-86.2451344855122386
106738,45.1499855562481542,14.6687574107611773
103390,45.4182167087672326,12.2584268764696542
103912,20.2275053165506229,-77.3261413962555508
101993,37.06508,136.993888
107441,37.654676,-87.485549
107442,37.902106,-87.494548
107444,37.963,-86.785
107445,37.948,-86.778
107446,37.94,-86.774
107447,38.128,-86.365
107448,38.075325,-86.278945
107450,38.037768,-85.917136
107451,38.045891,-85.916172
103576,51.789859,4.637753
103577,36.8533807848746164,36.1302620926208462
100622,11.2504921788575292,124.999994234286277
100623,47.2615922699755586,-122.419882628197797
100624,2.32774999999999999,111.832863599999996
100625,56.9592131475859489,-2.20033407067427689
100626,-38.3721774015095036,145.224948203536343
100627,60.093246,5.221592
100628,62.107999999999997,6.55449999999999999
109493,59.396,5.2712
109494,68.8293,14.776
109495,68.6093,15.3811
109496,59.3375,5.9878
109497,59.3265,6.0679
109498,70.2591,21.7133
109499,69.9045,21.8768
109500,69.893,18.8079
109501,69.7886,19.161
109502,69.1959,16.9159
109503,65.1086,12.4422
109504,68.9015530032633166,15.2861938857791682
109505,68.6923,17.0522
109508,60.0711,5.7368
109509,69.1514,17.9562
109510,69.833,19.3615
109511,65.3523,12.4379
109512,63.6793,8.6705
109513,69.9147,29.4871
109514,69.9185,29.5878
109515,69.9099,29.6807
109516,69.7624712925903054,30.4134680770053727
109517,69.7316097811636268,30.4118400218635792
109518,60.3416,5.128
109519,70.0896618992776439,25.0777150633517714
109520,59.0613,5.7027
109521,59.7596,5.4912
109522,61.1488253317701052,6.75153652845944308
109523,57.070999999999998,10.0350000000000001
109524,63.1762,8.6168
109525,63.1428,8.4603
109526,-8.27849146970902794,9.73994757490138774
109527,-33.8255622000000002,-58.4340145999999976
109528,68.6005,15.3449
109529,68.7728,15.4466
109530,68.6307,15.4833
109531,62.8170273997852391,6.90194437145244866
109532,63.036,7.6781
109534,-46.5914773752747067,168.347820701250384
102086,-41.2741,173.77
102087,45.486,-0.823
100712,66.3397024863365203,13.0020414532477329
100714,37.849347,140.959066
100715,46.3473008768880348,-62.2497189367824859
100716,37.9163334036702651,23.0566999999999993
100717,35.8252746146717556,10.6452736707615525
100718,56.083,4.25
100719,44.788168,-68.773561
100720,42.4029061673362406,-86.2794945162984703
100721,-8.77567197594146364,115.737837106734148
100722,46.9736293491201451,-65.5589597128483064
100723,42.5,-50
100724,48.034667063718274,-122.751833633552309
100725,-23.1,167
100726,26.6114952484226386,-78.227260859517429
100727,54.997354646902842,-1.44207535265818887
100728,50.8823320387320095,-1.39607333219934415
100730,33.912855,-78.017322
100731,-47.333,167.5
100732,48.9829,140.2785
100733,-6.11912708629286328,12.324358758580118
107405,40.267732,-79.896324
107406,40.255932,-79.91191
107408,40.223097,-79.968067
107409,40.211714,-79.95
107410,40.190242,-79.854062
107411,40.171832,-79.85161
107412,40.161706,-79.865418
107413,40.153646,-79.905134
107414,40.131533,-79.88802
107415,40.12547,-79.873521
107416,40.120081,-79.861914
107417,39.860239,-79.925444
107418,39.840755,-79.933743
107419,39.781516,-79.934643
107420,39.777432,-79.935345
107422,37.058039,-88.506622
107423,38.888857,-84.792686
107424,39.057533,-84.894212
107425,38.625354,-83.667455
107426,38.706911,-83.818692
107427,38.648631,-83.755274
107428,38.454552,-82.60583
107429,38.432141,-82.601227
107430,38.493827,-82.655379
107431,38.513832,-82.675796
107432,41.517713,-90.501989
107433,34.35,-86.282
107434,37.261667,-86.975556
107435,37.2975,-86.983333
107437,37.419302,-87.101009
107438,37.45676,-87.104481
107439,37.484847,-87.140044
107440,37.589167,-87.406389
111036,40.63425,26.65657
111037,-60.35078,-46.16633
111038,60.38578,19.97589
111040,61.56699,1.562
111041,1.03959,103.3177
111042,-24.1254,-41.88559
111044,29.77161,122.364
111045,29.69943,122.36222
111046,30.15112,122.25455
111060,21.55555,91.81611
111061,-21.26836,-39.99163
111062,-41.80072,-73.83989
111063,-43.33347,-73.60032
111064,-52.36682,-69.03291
111065,-52.9499,-74.0666
111066,-22.55816,-40.12281
111067,24.18176,52.56987
111068,9.17573,-13.1467
111071,68.19984,-106.63334
111072,35.13038,119.57194
111073,13.72023,-17.52977
111075,59.42499,17.58031
111077,59.6133,5.2453
111079,-33.80226,25.68504
111080,63.01667,7.81672
111081,-64.96937,-63.37069
111084,17.9766,120.47362
111085,6.42582,4.00511
111086,-63.36059,-56.67787
111087,51.287,-60.10132
100630,69.2432010613129023,19.2478645575552676
102365,35.478442,135.382803
102366,7.085926,171.365158
102367,23.559379548103049,119.564856284369753
102368,31.261,130.291
102369,3.76250041125375079,8.78056450888408158
102370,2.192723,102.246868
103012,20.9469020000000015,107.073380999999998
106733,43.7559276360464366,15.7770888858170331
106735,43.9607222174007646,15.4233684664403654
106736,43.9658973110538511,15.4084277643002157
106737,44.3247530112017856,15.2584305596761229
103148,28.690241,121.453548
103156,51.359079,0.449568
104023,0.746883399999999975,101.816858800000006
104029,-34.5932824298591015,-58.3620957016504462
104036,-8.10288898961442428,115.088348963885522
105884,67.6580444157418697,12.7020678251874806
105891,21.7389582447276624,-72.2804125244322648
105897,69.775,18.406
105903,59.5834607132633209,10.6183649512554243
102453,38.2001819360273913,20.4418120099043961
102459,68.4186288043396758,15.9987680725775121
103472,54.579,11.276
104608,-16.130593,-146.332054
104614,-23.1138,-135.046
104622,12.6661144965534334,123.870400000000004
106558,51.826594,4.723988
100022,42.664,131.106
100688,62.1820000000000022,4.86399999999999988
100694,58.971746,5.728819
104854,-3.11951911833466466,152.649536973220222
104855,26.32838162347592,127.868442596775267
104856,25.0029645359878998,-77.5454844104996255
104857,23.5547957411513877,-75.2726863804342798
104858,-21.401371550504944,165.110969874573954
104859,31.6179999999999986,130.638000000000005
104860,26.5730928621961091,54.0086316899151981
104861,25.4242914011057763,55.4532494681910464
104862,48.827763,44.719899
104863,47.777596,46.385031
104864,48.6387083999999987,43.6004537999999968
104865,47.570587,41.091794
104867,45.851,47.535
104868,46.383,48.071
104870,46.092,47.738
104871,45.79373,47.533818
104873,57.767246,40.899136
104874,56.3356,43.9859
104875,56.235,51.092
104876,56.2462496999999999,51.2653529999999975
104877,56.529,43.596
105258,36.415664712586576,22.9508332924998193
105259,36.0324312550986932,23.1716577162387871
105260,37.9966906016097568,24.648125429303505
102235,35.2841873578024376,-2.92373219914947802
102236,37.1104463276997905,15.2626123891418182
102237,35.1415,-90.066098
103999,50.9645845438473231,1.85050099219256969
104000,12.0594879977007299,124.593083532693768
104001,22.5521475000000002,88.2956920000000451
104002,-27.0550615320975467,-70.8318903346987128
104004,-27.082651601344466,-70.8530601044609512
104005,-23.7563970662537649,-70.4650258798458395
104006,-45.7491940377216082,-67.369969423256066
104007,-45.8087103361684385,-67.3574406783871638
104008,-46.4725789490632692,-67.4972725339798387
104009,11.2487133421910688,75.7701037737362526
104010,-12.0490341091950679,-77.1473942650609104
104011,56.0545338302421854,-3.23737291265427318
104012,65.47434,12.20959
104013,40.698,-74.006
104014,-18.0012258419942164,122.218431592204368
104015,25.9511818445742506,-97.4015474824028331
104016,51.2296041813167804,3.22306631889036943
104017,53.897796,9.15214
104018,31.1461399372838379,-81.4979236158287677
104019,50.869216,4.355842
104020,61.9302838100124333,5.45011250138758108
104022,32.9690092415187905,132.18099991755517
104024,56.16657,-3.037408
104025,57.6805264146421877,-2.95798706209833862
104026,44.569,-68.8
104027,22.4918304999999847,88.1802622999999954
104028,3.89463220245041697,-77.07593292174802
109488,69.4194,17.3371
109489,4.158,100.5998
109490,67.5340871962152107,15.1699594238182893
109491,31.7,121.7667
109492,70.0437,20.9496
103641,-8.55282343196102346,125.574868898662459
103647,8.58517312096378937,123.336163914385523
103654,46.765,31.94
103660,4.85305928214709503,-52.2758703394922932
105135,6,73.19
105141,33.793351,-91.039669
105148,26,-92
105154,45.6556591199820403,-122.762595977513442
102539,34.926826,33.643167
102546,28.1385260113662774,-15.4189783945153565
107579,41.452,-90.782
107580,41.52,-90.47
102627,-2.74327830000000006,111.729041800000005
102633,62.8933869835001218,27.7054119819762938
102640,29.3238473592684521,48.2497456046892097
103662,54.5506576822967233,-9.07551732568450831
100371,36.7562,137.2249
100379,38.010147549619397,12.5016594342012439
102243,11.2436795401438925,-71.5
102250,9.73604340717359129,123.83853844736015
102772,34.178,132.4335
102778,57.8478792912046416,18.789977950741001
102785,56.164395863139589,14.8637556739581171
102792,33.9534,131.8465
105026,-0.444970185884674962,129.908454352878465
106100,51.893552,4.455637
106116,5.36046097475287553,4.34891966791599494
106131,12.1571,-84.2183
104570,29.5114739617581989,34.9943088390038568
104584,51.7079229918797338,-5.15572472991470576
104600,10.571782,72.635115
104617,-15.824435,-148.278504
106416,51.959219,5.337112
106430,5.194749,-57.179105
100632,-42.1554886951246388,145.327012326321466
100646,60.623089,4.858931
100659,-0.166,123.5
100674,18.0107757373497819,-63.045866047137828
100690,68.1210307062694511,13.8404075419036552
100706,55.9156370479521811,-130.005370101563187
105058,55.508,9.738
105073,55.8756103233956196,-4.89140583520844707
105089,33.7922789592520161,-119.177800387422167
105104,40.0677,120.049
105118,19.3229686540613663,95.1892989125197317
103736,-52.803091,-68.223312
105495,69.0546,58.1487
105496,-10.047776440706599,143.066594524318589
105497,-10.2037742059131169,142.822574887758805
105498,45.8480461110236774,-63.6639654234533623
105499,47.236458,-61.826531
105500,47.3793631043050993,-61.853868244208968
105501,47.6094188012706567,-61.5565523283928897
105502,47.556947,-61.559102
105504,59.2985,5.22823
105505,56.542432299953532,-61.6859357088792066
105506,19.411,-92.043
105507,20.779753378859585,71.1602637799848878
105508,20.9293813848849339,72.7705083377811803
105509,58.5,-5.5
106032,49.302583148776904,-123.052768341139995
106033,49.2969272947011845,-123.03628912677199
106034,49.3002694687450358,-123.04448930999817
106035,49.297042,-123.029913
106036,49.2917336207154406,-123.03431792888108
106037,49.289656767541409,-123.074961722652787
106038,49.289656767541409,-123.09488425116848
106040,33.7305059873885682,-118.261709773109629
106155,49.434846,8.508568
106156,49.471096,8.455282
106157,49.31279,8.454823
106158,49.01558,8.329366
106159,48.956976,8.188878
106160,49.224158,8.38481
106162,49.1385311427593905,6.18708770479936998
106163,49.6817529713156,6.45074826859668
106164,49.795533,6.697233
106165,49.909741,7.053916
106166,49.950241,7.112962
106167,49.11074,7.072136
106168,52.377477,8.989035
106169,51.904193,7.657568
106170,51.951752,7.641058
106171,51.620517,7.324516
106172,52.220984,7.67759
106173,52.797825,7.247254
106174,52.697756,7.290873
106175,52.560865,7.30065
106177,44.6249984426246584,-124.034345656395388
106178,51.1772539999999978,5.85179899999999975
106179,48.897334,8.136827
106181,52.3033,8.91966
106182,52.289076,8.034315
111039,42.89183,132.36611
108220,35.0289,136.8546
108221,40.6846,122
108222,59.8345,5.725
108225,7,-79.6667
108226,-6.23399146970902773,10.7150475749013872
108227,35.1189999999999998,119.416200000000003
104338,9.94077573051954744,-71.1510005419924738
101365,-41.48425,-72.95634
104716,41.421,141.452
104731,12.0545429082011815,121.355938009580228
104746,-11.5747516606939378,169.81112295498815
101388,16.0046903054048286,-85.969806569119271
101850,40.205964,139.995658
101851,20.8977126703207574,-17.0508142899342019
101852,17.9906995898753621,-16.0343770506489349
101853,-22.2590161624238512,166.435563641353411
101854,44.7326683115917092,37.7912760209427958
101855,67.687881727897107,72.8982881285458859
101856,-33.8775463759141786,-58.4242606516449356
101857,21.5359896506441437,-77.263528420224219
101858,-21.1329999999999991,-175.199999999999989
101860,4.14723539896187532,117.66717849809811
101861,28.971022149028272,34.6663191655929808
103015,21.316,-157.866
103016,58.6327245211071144,13.4434950350307663
103017,53.717543,-0.842234
103018,51.973717,4.130084
103020,41.41055948829041,41.4288324309803926
103021,37.307483,-77.26616
103022,24.302723005246218,121.761750859379504
103023,46.9691565003070437,-123.912348837560273
103024,55.855043601901329,9.87480735178686331
103025,38.5392542849865549,-28.6212434791312091
103026,59.4120640034167451,10.4905333408637222
103027,32.441,131.658
103028,56.0068620426599892,-3.3600219467309218
103502,41.2763222099240963,31.4114828496667613
103503,40.9830647321480939,27.9822626434416151
102518,48.4463846956179651,-89.1880774214407808
102519,43.114442937774335,-82.4867858707449955
102521,60.3928,5.2878
102522,-2.8789912023868407,151.2503865990696
102523,1.1635217220541374,102.227281676112185
102525,-10.617,125.988
102526,22.214121,114.101085
102527,48.4481731369306843,-4.25543539613199773
102528,55.8583902150805898,12.829979373206573
102529,59.0020999999999987,9.74900000000000055
102530,62.4409080283093374,6.18618097749097196
102531,6.431089,99.76289
102532,35.1049,119.4016
102533,64.6592908798192241,24.4108037175359271
102534,61.0701648399426134,28.182552729650606
102536,35.202376727018887,-6.15412258484907326
102537,9.25180083222610605,123.59095009483238
102538,59.337,10.6582
102540,54.8468782663676748,-5.7957964181713626
102541,59.0499999999999972,10.0329999999999995
102542,38.5692915290507727,23.2971843344599812
102543,17.9362158495937329,-66.1589718207794277
102544,9.39192896402415656,-79.8144387022640132
102545,10.1918369022883617,-71.3385445145250543
102547,11.7041412580557385,-70.2104259180323567
102548,22.116,113.8
102549,35.532874023386519,35.7632716801037702
102550,53.370437,10.56481
102551,-41.4287592822399588,147.123377412351687
102554,70.5059284872255319,23.9801939796663781
100890,54.8359347358838818,-1.3279738229775917
100891,44.4513643850181737,-68.8959165993163509
100892,36.6197533475992572,-121.853144652997813
100893,47.4355954003914988,-122.36718650727147
100894,47.5963993695070471,-122.342630509925598
100895,-3.65427052760321214,116.36082392212019
100896,49.65,-1
100897,33.263,131.895
100899,1.12745297626476559,103.923443469974018
100900,34.28384539329452,35.656165085800211
100902,-5.54967124206329387,104.604055232630898
100904,1.467041,103.824688
100905,6.25046097475287521,2.66491966791599522
100906,4.48043868664466061,118.617333799608019
100907,34.58,135.461
100909,38.27,141.011
100910,-1.04911316235730645,117.217318162507766
100911,44.9909994724203841,14.899774697432564
100912,69.4951,17.4945
100913,6.0851014233620937,116.124602594190193
100914,56.485,53.826
106183,51.864213,12.629056
106184,51.858433,12.037391
100252,34.715999999999994,33.315999999999995
100253,59.6051667925940478,16.5562510004569816
100255,42.17421201763743,14.7112764936780973
100256,55.8520026308278759,12.5728960842178452
100257,65.6853227602972112,24.6190338625680702
100258,55.705871,9.559329
100259,52.472708,4.591844
110531,47.60281,7.591
110532,43.9841,22.8825
110533,47.7349,17.7746
106739,45.1717074811974229,14.687629306549649
106740,45.1269,14.7879
106741,44.0344630535016606,15.2495189239578579
106742,44.014490813489374,15.251257962363356
106743,44.0491189024463523,15.3008559526830368
106744,43.8983032635953592,15.1593909792790313
106745,44.6929328479462598,14.3920376813078388
106746,44.5402,14.4643
106747,44.9488001313966521,14.4125247772164293
101604,69.2035383718022814,33.4620030334717171
101605,-4.17889537143568557,121.599576153551368
101606,17.9707841081002186,-66.6175486561114099
101607,11.9170433614898634,79.8244862563608848
101608,65.3493959422959421,34.4140629020268776
101609,-2.56249549539271282,-44.3805470928346253
101610,37.73569381190147,-25.662246422680159
101611,-25.4568827300619844,-48.6736528477640817
103374,18.5382617867381612,-92.6562097971018659
103375,27.475,-79.3
103376,62.2389790155803055,-6.80506255963989481
103377,12.049,-68.833
103379,47.261764,132.018427
103380,36.194606,136.123
103381,33.619,130.383
103382,34.461414,133.447044
103383,56.466,2.15
103384,35.675091,139.981243
103385,-8.502747,179.194709
103386,39.883,139.85
103387,32.6448789507877137,-16.9069985585029094
103388,25.6865,119.579
103389,36.8026,137.0658
103391,-5.44959872417375113,12.1829999999999998
103392,62.3439,5.6325
103393,35.332193,139.827876
103394,36.2943800489737285,30.1520652070281905
103396,67.251076200758817,15.4228173390155447
103397,70.9240453063774652,22.9012505661693311
103398,69.2289777526504508,17.9711769309097278
103399,55.852538,-4.945329
103400,56.1270175927630177,-2.80636526162607769
103401,52.0152137847126568,-4.97554850692769524
103402,58.1256,7.9739
108300,59.4393,5.7496
108301,21.951,113.1959
108302,13.3832447767502263,121.820522186676115
108303,20.8429000000000002,106.786299999999997
108307,24.633,-76.178
108304,36.4167016558126093,27.3858362386236287
108305,36.6142539112995422,24.9503978038442682
108306,36.6745251390833644,25.1437294762920232
108293,36.3426253591746757,25.7700822105483134
108223,37.2947266737219536,26.7650835298203944
108224,37.1276733679557651,26.8495631673736526
105805,37.1582533946564268,26.8525602973262885
103909,45.4079249836529257,-87.3508943008544065
103910,28.0439745496089436,-115.181248362835888
103911,-32.1259000000000015,133.667939912726467
103913,1.39900000000000002,9.21782146005872782
103914,-8.18971854741332272,114.836876333805776
103915,42.14,-73.904
103917,-8.81688654258260485,116.813679710561232
103918,35.8939766479969364,-5.30940859564896961
103919,36.8643688444231401,35.9453999999999994
103920,43.2607215885202834,-10.023932465364874
104764,39.5848413233660565,-9.07444597427928201
104765,39.354805988191508,-9.37275532257694444
105379,7.34596367313356424,143.898038087839893
105381,5.275209,162.974257
100226,-7.94344308247307129,145.411226763288937
100227,62.9760307904463232,17.7207711333448437
100228,60.4799999999999969,5.73299999999999965
100229,61.1191175460135057,-146.340884360351822
100230,-39.8152,-73.25
100231,39.4386079186850864,-0.311118129927819564
100232,60.4169152328158745,26.2536043243039678
100233,62.2973727074006618,7.26460056676157695
100234,50.396514,7.612815
111088,-54.18476,-37.41845
100985,44.513422,-68.799983
100986,63.925,127.456
100987,0.384093501655280001,117.567007968547713
100988,0.117556999999999995,110.598048500000004
100990,0.984437588506750005,117.990152797485081
100991,-27.341409,-55.594462
100992,34.4071765598131165,-119.689763733740577
100993,-29.9023994023919641,-51.3723404188014001
107135,12.5783639632027757,122.268748007210007
107136,50.8388,155.683
100672,38.616355,-90.183324
100673,43.385439,4.808493
100675,48.6457803130740274,-2.01501214636685688
100676,45.3537985608567453,-65.5292110440745148
100677,47.2676900985389565,-2.20184971147701392
100678,38.3605492324509356,22.685558146863908
100679,45.6384464641607437,-1.09056610874385074
100680,59.8881116272831662,30.200928011678414
100681,46.782969,-71.213006
100682,29.9358115285691788,-90.3274127625384011
106665,60.0019,5.1177
106666,60.1147,5.16131
106667,64.9297,-14.0277
106668,59.3376,5.29843
106669,67.8999,15.1897
106670,71.0484734650739682,25.9092183749643752
106671,71.0427,25.8938
106672,71.113,25.8325
106673,63.0560958603745547,7.67495071978426679
106674,58.034,12.1471
106676,26,-93
106677,74.6835360875615777,-94.8839696202923761
105433,-8.29722425601688052,123.94535691985628
105434,18.1606531147174017,-67.6034272666162934
105435,44.3673413109785955,-64.2980425782906337
105436,44.4465027414838545,-64.3714614908332976
105438,9,117
105439,-8.39204451294640208,123.318733711161528
105440,-9.11370210898606992,119.04813814797771
105441,-1.59667550960407856,99.2160886183696817
105442,2.47919003499252799,96.3830027503104958
105443,17.0043488005127053,-61.7653796744025314
103921,-56.1255628761176553,-67.1973328077180412
103922,-45.4651019172317277,-72.8270228829630071
102985,-14.7778977083414489,-39.027672979706729
102986,46.318128556376962,30.662055208521398
102987,8.23362255328227377,124.232550688096751
102988,-17.6443189776075862,-71.3501852766247708
102989,10.7060952316630118,122.594323574084086
102990,34.0672577772059455,133.013694349612933
102991,33.3110161821593067,129.825017700579707
102992,-28.4671676801815465,-71.2473881687070332
103247,51.0121669877769861,2.17678609617723584
103249,51.464,0.339
103250,46.9189507183575998,-124.136362582035275
105134,10.842,72.183
105136,-20.9169775314375457,167.278909909656448
105137,40.6144887343685284,0.597252441678912893
105138,30.2179044126275045,-89.5797566764639015
105139,30.3906410850971369,-88.8878794272561095
105140,32.002,-91.085
105142,33.360261,-91.116702
105143,12.5034,109.407
105144,-2.26752217429905656,40.9028501408049792
105145,27.856281821350489,34.2804721206582244
105146,-62.9540000000000006,-60.6310000000000002
105147,60.0398,5.7066
105149,34.608,135.343
105150,22.286,114.097
105153,3.87699999999999978,8.13889674503849037
105155,18.6507733984370425,-91.8423427377495187
102083,44.8931769610923865,-75.1797957766275715
102084,44.5919612594580528,-75.6513445809362963
102085,40.2181016627065091,-74.7759359076321459
102654,63.8627196687489729,23.0303044361002058
102668,59.5023833231093136,16.0184042825799366
102682,6.19832835171003715,1.51695410032718447
107024,49.4034011281342202,-54.280732498664193
107055,38.148399638953812,20.7828645120686986
107072,58.1956339549813677,-136.346771672502371
107091,-64.8316,-63.5283
107112,-8.52581,157.925
107127,-36.7806811730923897,174.991234011825696
107142,8.07711978505314931,98.6803557618240319
101733,4.12542575791938582,98.211631688230824
103513,48.3458102215243173,-69.3872805600926483
103527,-29.8768097702866555,31.0373751004028833
103543,13.9346230839741025,41.6967126815991662
100915,4.62679195956423861,114.341814048808018
100916,4.71787684631544657,114.321338562846847
100918,9.96441901387201057,-61.6430451266107795
100919,-1.88804278420145799,136.245406717857094
103833,18.133289,-94.413252
103834,51.8493883196760876,-8.29546363752792004
103835,43.9521769670947222,-78.1656605876616908
103836,-9.07811619444430562,-78.6141460424437071
103838,48.0758999999999972,-64.6777000000000015
103839,38.4570041680305366,23.5895549060519762
103840,-12.132097,125.017452
106276,60.493369,2.828569
103843,19.5392491624704299,-105.085067715418887
103844,50.943,143.613
103845,14.2941560588750924,-91.9219009691752973
103846,-26.3509927585299693,-70.6382431517409373
103847,-11.582894282796028,-77.2739649923575058
103848,48.3443107967933656,-64.6681794608513059
103849,36.006543,126.686173
103850,31,122.5
103851,31.767,120.941
100589,-7.19692843528005266,112.722294306890333
100590,-5.8825062290786887,106.030147906364959
100591,21.1989438999999997,72.817803799999993
100592,9.78280990760329416,125.50208860590071
100593,62.9863104350391581,8.64835962216509202
100594,34.7050015465801707,138.523413522684933
100597,52.767819,0.195933
100598,-18.1339944699175319,178.423371818964853
100599,13.569,-61.07
100600,66.7090678632412448,13.707540379500772
103764,49.6680227310617397,-124.929964649385653
103765,9.52116929820347302,-13.7143295980140856
103766,47.866,-3.916
103767,-36.576,-73.042
103768,-23.407343,-57.455282
103769,-32.4777148846264083,-58.2203559399307835
103770,47.794459,-52.954429
103772,41.9689027650556028,-80.5485528241627691
102892,46.820148,130.368424
102893,22.603,113.119
102894,31.926214,120.234994
104519,69.6282930283555714,162.306301542685418
104520,40.9683116324220506,28.6992843434943552
104521,-3.6930161279310223,128.176893139871851
104522,51.981119,5.494306
104523,-6.1092686001365939,150.749312219356341
104524,-0.866727153463487388,121.583524799793537
104525,-8.57405033498685576,116.07063089070931
104526,52.407102,4.876075
104527,11.7471298241161985,-70.2172421521057259
104528,50.214,136.916
104529,47.746172,130.950806
104530,48.5020711129890572,-122.57275059217838
104532,61.24175946773601,-149.889072273603745
104533,-11.7720624242523737,-77.1771805008222032
104534,43.6286574511696585,13.4957523612758035
104535,62.5608000000000004,7.67199999999999971
104536,69.3285133958707576,16.1354653657050626
104537,4.721,104.884
104538,61.1332895694761689,36.5300691054880673
104539,35.482498,140.009656
104540,38.8320858747847808,26.9501457572445631
104541,-6.18280439894616229,155.545721474713474
104542,56.2721,12.8313
104543,65.6147,-37.625
104544,-5.84573565121690475,13.4291099226363375
104545,38.6511106283467569,-27.2162614551468209
104547,36.903441108301287,7.7801010087326965
104548,5.222,105.599
104549,22.9722361319352864,120.167612087560443
104550,30.4978,117.02
104551,36.8327886940351377,30.6130278883477445
104552,4.21600000000000019,8.33189674503849176
105329,35.166,-75
105330,13.9825610713380399,47.9074662740037738
105331,-36.9324966706857225,174.783188788254535
105332,45.3239375222595626,37.381779731442343
105333,45.5151134505840389,32.6968922747974418
105334,42.7435976142465677,41.4233646271772145
105335,42.9960677701882261,41.0219094230569823
105336,19.3446070882207373,-16.8349987632112459
105337,36.9603322173658029,8.7633302265265538
105338,31.6247827726508213,25.9233631149191339
105340,52.1368115626988882,-10.2744763102242054
105341,59.145173,6.167492
105342,-22.376,-40.028
105343,10.4041956006954308,51.2714942130399649
105344,-6.1254995000000001,141.2980953
105345,-7.35470130000000033,141.265713599999998
100235,45.2227794016452691,-74.088952460566631
100236,61.1909604069061004,17.1735707025638362
100237,-33.0308504000237875,-71.6249164627171666
100238,49.2873446866144604,-123.084474281313433
100239,45.6351743000000027,-122.712750700000001
100241,61.1752056936673938,6.63810724819467435
100242,-2.68315133601627931,141.298259840682476
110874,-32.74544106735145,18.015124506185384
110875,-51.901697907158855,-58.43815222013951
110876,40.840312601174695,10.521061097361125
101586,10.1368494000162013,-61.0030145685230494
108247,-34.1099,-58.9827
103403,63.0902000000000029,-50.6786999999999992
103404,41.7708831773115747,12.2255915508839763
103405,48.4906810817971916,-125.022154640562349
103406,60.8619119222856071,7.12024736947195525
103407,-21.1648225234124183,149.24694575750496
103408,66.051,-23.517
103409,53.9247839413157379,-3.00298155799682531
103411,54.808568,9.437346
103412,53.6197565000000012,-0.705308799999999958
103413,61.601889810958852,5.02320225012079025
103414,60.4510000000000005,5.23200000000000021
103415,58.845588,-3.117013
103416,51.1348975367305201,2.74617838746189769
103417,-8.372,142.924
103418,25.253,120.641
103419,38.6708342959755669,26.754258875488663
103420,60.333,-4.416
103421,67.5617280598883525,15.1833771122339556
103422,63.98133308900114,11.1004008103816609
103423,42.9009035075725862,10.7724659031928045
103425,18.710758,-72.390296
103427,5.16646097475287558,5.16491966791599566
103428,61.4603800000000007,5.831264
103429,-26.178,-58.161
103430,58.9024560000000008,6.08013199999999987
103431,58.0972717230346518,-68.4068074851326884
106959,43.8233213825979888,15.590309952365498
106960,43.0615139790949684,16.1854228293294504
106961,43.0445095585970776,16.085867722276312
106963,37.6794614049506222,24.9686441413936357
106964,37.7762278876178641,24.9535678882075445
106965,37.8428446654379158,24.9404058321786515
106966,37.8836318126704228,24.7345209803773187
106967,37.8568713640517203,24.7847268239119849
106968,37.5773,26.4774
106969,39.2035113626394889,20.1901146154141031
106970,38.6256420833298719,20.6052851548898381
106971,38.7069048134586211,20.7111278545942064
106972,38.8337,20.7136
106973,38.8455989502116665,20.7234014396924486
106974,38.3648519195065347,20.7193763579831938
106975,38.5689040578063356,20.9121750811280478
106976,38.623446761341711,20.9325233961398567
106977,39.4139583133386111,20.0980816155683719
106979,39.4520566200665925,20.2744442424421116
106980,39.2830352000706924,20.4011174688650243
106981,38.6012763935371623,20.5491392935770634
106982,38.379042523764781,20.5385821775527724
106983,38.3478,20.528
106984,38.2640107189130845,20.3720170534176006
106985,38.4620544234721251,20.5763036232421754
106986,37.6378142435108529,23.1582823132131566
106987,37.50169791473283,23.4532900749540438
106988,39.8721335844031302,25.2631731299910385
106989,38.8422325402859201,24.5353353137600507
106990,9.53333,99.9083
106991,-34.6337094339310312,-58.3481953476505097
106994,62.1156935075336136,-6.72724442854519555
106995,62.1182999999999979,-6.90500000000000025
106996,61.5534,-6.80728
106997,61.7000000000000028,4.75999999999999979
101566,-33.9611083554021604,25.64176672309328
103637,49.422681,1.02175
103638,44.625726313253125,-65.7508079069065587
103639,39.0717905262765228,26.884773800792015
103640,73.506463141577072,80.5145714575788389
103642,40.7786129029371693,29.6039911407301766
103643,40.7650869449013484,29.5356969076317526
103644,59.9579999999999984,5.98500000000000032
103645,48.6311234790393954,-2.05079154622127691
103646,46.9032812936496839,-60.4597002794675049
103648,58.8384,6.1684
107557,38.828,-90.111
107558,38.851,-90.114
107560,38.922,-90.287
107561,38.995,-90.68
107562,39.435,-91.017
107269,31.359297,131.049317
107271,70.5,58
107272,73.1037628625911395,141.186444682708782
101848,40.9826979659660466,-72.6449985680570762
101849,52.624477,1.303333
103301,19.449054062448333,-72.7143333383642698
100485,48.4070347398614373,-89.2147956169255281
100486,-10.5867340752495718,142.221780514624697
100487,58.5980797542430807,-3.51305841337905411
100488,56.7004510844839231,8.22340726636897656
101580,48.3350523600281647,-70.8699146930460984
101581,6.97902557241816002,158.201270060499496
101582,20.8086982953967734,-17.0362088526329103
101584,46.1819,-60.2554
101585,10.1904228567986888,-61.7008865576464203
101587,-38.0998975499549317,144.447005661956695
101588,10.400926,-61.491592
101589,-20.6387170102528898,117.191649206339221
101590,45.6040606586315462,-61.3732642376702842
101592,10.3210175590254298,-61.4735905415935662
107099,-0.294401,-91.3853
101594,47.6231535248330218,-70.1393758961255003
101596,-20.931921,55.321056
101597,-4.78245483607157329,11.8343676719796438
101598,50.165960955702765,-66.4820518382132519
101599,69.083,160.966
101600,61.48,129.136
101601,53.5616838767936585,14.5924043523632125
101602,40.7623241986078853,29.5358228913673599
103116,70.9933,24.6624
106846,51.8971,4.36792
106847,51.8932,4.34082
106848,51.8877,4.30893
106850,51.9471,4.16315
106851,51.9275,4.20231
106852,51.9637,4.07484
106853,51.9541,4.05245
106854,53.7089,7.80981
106855,53.7748,7.86711
106856,53.7012,7.70507
106857,53.7642,7.69658
106858,53.681,7.48645
106859,53.7254,7.49636
106860,53.6784,7.57179
106861,52.3703,5.01672
106862,59.3537,5.31732
106863,68.1271988867091238,13.5705160213752336
106864,60.9799,5.07538
106865,60.8437,5.06342
106867,53.3358,6.2999
106868,53.1851,5.99268
102249,56.714586,10.390256
105156,54.6616961159752748,20.1233509455304329
102252,23.0057727161099344,-82.7621770607115081
102253,58.7199999999999989,13.8290000000000006
102254,42.3985880555106007,-8.69891653460459047
102255,33.9734552988278722,-118.447944839077422
102257,45.0978575882072548,-87.6051897464560341
102258,0.441676812185727741,121.937471838305996
102259,47.0520804753860915,37.5021654240885596
102261,15.4107315585077647,73.8014399192876596
102262,36.8497244750815796,28.2782238648186528
102263,71.1264,-51.2739
102264,46.5326899827271632,-87.3921621069233225
102265,29.9119661000000008,-90.0934515000000005
102266,25.0778312403388455,34.898071056140445
102267,19.4018449396506014,37.323053579163215
102268,30.4144187390852885,19.592166911031498
102269,32.0667755485692325,23.999738522009693
102270,37.7877811099775371,12.4384629358189294
102271,35.824657,14.546702
102272,43.3222073322385555,5.3172928640989845
102273,6.13309080476450408,-10.3658934512736778
102274,40.9626055085969796,27.9343019202357645
102275,43.4044811140932509,5.05728823623510149
102277,34.300715,133.773989
102278,35.183,128.583
102279,9.01285726973360113,125.502579829049139
102280,12.3697695557482792,123.614454158626501
102281,15.5583209994743061,119.923845588587028
102282,20.6501787730267452,58.8625883678759578
102283,44.2199104025922196,15.5399927230174537
102284,-3.29527420742553545,128.952942862813416
102285,15.638247482738727,39.4747026253326609
101696,0.540587799999999952,101.442987599999995
101697,-31.7822587310123588,-52.3322068923966484
101698,1.18296317880887725,108.971139553933668
101699,-12.9676568506880088,40.4852807163986057
101700,51.6990954053916667,-4.95695917134929775
103558,27.0663731960293994,-13.4594319904540658
102582,27.9756070091083231,-15.3774495941020426
102598,62.942975878160901,17.8042883615712419
102612,4.58764555805718111,114.183095055054082
104381,-7.9248384859724279,-14.4142909136993236
104398,36.5472964954737449,26.3555295602349098
104413,57.048244,9.941677
104431,29.0429769598340073,33.1180849696092992
103462,50.8473,-1.17757
103463,53.17333,8.5818
103464,37.0022977636100876,-7.92117319535832909
102838,46.008,-122.854
102839,37.0228419336157089,22.1127023902594253
102840,-7.64890867688805454,113.917083960020136
102841,34.9284785727517502,24.8060183353871757
102842,11.7005231768135776,122.398386184196255
102843,36.9487727949634319,26.9873619676042757
102844,54.7063573587957919,20.4603771388443469
102845,65.8524885408490945,23.1318749243919477
102846,56.659012441322794,16.368814723093962
102847,55.6762297262835659,11.0893511604137469
102848,61.7658320245195753,4.88211668501641061
102849,57.246,37.854
102850,39.272,141.887
102852,41.821,140.668
102853,52.561059,5.917048
102854,50.079093,45.452647
102856,33.795,131
102857,67.1366965078908891,32.4068693559084124
101620,59.144,9.652
101623,49.2297917554743449,-124.814888206119605
101624,-38.6747758109897433,146.69770811793984
101625,60.0959794409644203,23.5528442959047588
101626,58.021,56.218
101627,51.896579,4.390668
101628,-31.9875177919269262,115.830779171424524
100683,48.6330000249077372,-2.02711183811705009
100684,18.333309,-64.923069
100685,49.519412,0.751524
100686,53.627808,9.537253
100687,53.642174,9.526331
100689,41.0318547303123253,-73.5400222338432172
100691,53.286774,-2.866132
100692,40.629,-74.069
100693,61.25,1.866
100695,59,10.037
100696,40.6676925686165305,23.7018542520186699
100697,46.627,-71.731
100698,-2.11798495738739145,133.529018893029047
100699,54.9827790542476862,12.2808762266914577
100701,62.7843034934942068,6.4756915324146691
100702,58.08298,11.794272
100703,48.5256902029403889,-58.5279097348553776
100704,53.6484394789614001,14.6203645009455929
100705,55.3222696975688066,12.4582699932315428
100708,63.4665387469843978,10.8849112059696065
100709,59.3467320000000029,18.1311940000000007
100442,30.95,117.778
100443,45.941099,-0.888027
105052,20.299886923763097,72.7683466231953417
105053,-6.82599146970902737,12.3519475749013878
105054,-8.99473761858067711,124.861867446389212
105055,-5.54059092541937126,146.139669682738202
105056,-38.7114793198077578,146.383756618309491
105057,13.377,100.986
105060,11.562,104.935
105059,65.9001195951093308,22.6519627170550102
105061,60.205167000000003,5.59559899999999999
105062,60.1054889999999986,5.17744300000000024
105063,60.5263,5.2981
105064,15.7829716679771082,-88.0440941000367019
100957,61.868593,28.906989
100958,-16.7780699488916305,179.333253201059193
106750,44.5555601441457938,14.8822073891993227
106751,44.4608344485503011,14.5496555066611215
106752,44.2797403401596128,14.7565515816060717
106753,43.9569642464968382,15.3887923220663492
106754,44.0658854222596048,15.2030283519426437
106755,44.0515225972782929,15.1104537782666029
106756,44.03224045250861,15.130938660476609
106757,44.1398884718365423,14.9064004029679804
106758,43.9364601792298259,15.1678984938910482
106759,43.9491538602689715,15.1453250098026793
106760,43.8828083647169862,15.2857995719723743
106761,43.8153,15.9218
106763,43.1822022282438667,16.5761496264917199
106764,43.3864642317440641,16.5533225648183162
106765,43.3763353100732161,16.6055829099624397
106766,43.3774038768298382,16.6275230231417837
106767,43.2612693220027253,16.6572503224155071
106768,43.3859784108645812,16.4786999920242714
105346,-20.326,-40.307
105347,10.5964824396269144,-71.5230297124629715
105348,33.234771,126.566302
105349,-35.951,173.86
105350,45.15,36.564
105352,-17.6820569804585936,168.548636838752543
105353,-23.8316,-147.667
105354,5.9287,-56.9272
105356,5.49328748313286841,-54.0382712973186372
105357,-1.81608099856635974,-49.7980170056945468
108794,62.3079999999999998,6.43459999999999965
104726,-2.66936340801207539,118.886556242578905
103991,39.202025338228907,9.11456639050608963
103992,20.972999999999999,107.052000000000007
103993,22.5301326079069142,-79.4694199464338453
103994,7.64587336665134032,-66.1804602120413676
103995,19.991318081279676,-75.1496093506839742
103996,-16.91881947282927,145.78311244088664
103997,4.9789016381699831,8.32387538236772961
105930,64.8869066104144707,12.4379397601467687
105931,64.7974733835054479,11.8612092241584683
105932,60.382,5.761
105933,68.0476440994108174,16.0778648452328952
105934,-32.43,-60.812
105936,67.9362989549941574,13.0998618137338791
105937,63.8458391174414572,8.46053382538432786
105938,-34.046360919745716,23.0442699530241306
105939,41.1908461436132995,16.6727608466368444
105940,41.2448234402653355,16.506134110049242
105941,41.2821857629054918,16.4214441787712992
105943,42.9560457626282712,13.8887622207140939
105944,43.313563467679991,13.7335144566941523
105945,43.8532364766833638,13.0155133617811192
105946,44.0800597384805499,12.5675871892220439
107978,24.4303094059401325,54.4909731304453118
107979,22.0206525210484365,64.9904530605086848
107980,-5,65
107981,19.6688474189301346,57.7110207136105089
107982,54.1556926150641189,13.6445237917361002
107983,71.2786601540737621,72.0731096064868666
107984,49.4829,0.4877
107985,43.5632808772703584,7.07554533868752955
107986,54.9427,10.2579
107988,46.2517706399710917,47.9392656887760893
107990,56.9537582422814737,-7.48831758515462464
107991,51.1633704611440621,-4.65454522602772514
104150,70.8587165548806723,29.0946878152225104
104164,51.017967306477793,-4.20390903306543873
104180,-4.81815955744255309,119.479791962263903
104195,21.474,109.059
104626,18.6371443986426968,72.8821711608708824
104640,26.175,-78.5
104659,-35.54,-56.562
106486,69.7628207126334985,61.6560503714854633
106500,-23.308001,-41.187001
107281,7.75716791860749844,98.3105968936840213
107296,4.597,118.998
107311,47.1007856090353698,-55.7509334208303784
107327,77.482,-69.356
107341,47.609059880740638,-57.6096696260423258
107358,39.743968,-80.854271
101044,27.1903077965807398,-112.08744191876832
101063,43.4202980288427369,-83.9549645406009972
101078,16.9483252372379738,54.0137196117185283
101094,67.3661051982897163,15.5874443497445867
101110,32.3605321331308176,-117.077166554314388
103126,54.3745049999999992,10.9921779999999991
103143,37.994751,125.698964
106401,52.011,6.043917
103573,23.0390000000000015,113.730000000000004
103587,37.9567268588967934,23.6020456313537608
103601,51.455746,6.723688
102210,34.422,133.255
102225,23.189593669038139,-106.415334834903277
104003,9.91284824281804333,-84.7200118571449252
104021,6.798,122.167
104039,0.484426622688883979,122.108342076593658
105798,64.976,-51.577
103807,12.636,100.925
103808,54.716,135.326
103809,58.7771232044141172,-94.1977534537411572
103810,22.842,-74.584
103811,41.9021000380004693,32.9831399931225562
103812,11.015903359924657,-74.2563702963325625
103813,22.1656957331018525,-80.4761080309909005
103814,-6.00825179824646671,105.958720109412369
103815,-7.7488137247747142,109.005440757232563
103816,-5.45250760040536164,106.25255903964414
103817,-6.70969320780850875,108.572830131588049
107563,39.684,-91.309
107564,39.726,-91.364
107566,39.927,-91.419
107567,40.035,-91.495
107568,40.13,-91.511
107569,40.3646,-91.4427
107570,40.539,-91.405
107573,40.6315,-91.272
107574,40.80684,-91.095383
107575,40.96943,-90.95446
107576,41.095554,-90.94657
107577,41.165,-91.002
107581,41.796,-90.212
107582,41.828481,-90.182538
107583,41.865389,-90.173015
102113,4.3965517788457138,113.971665916708659
102114,47.8958491548445338,-64.5787158052380477
103876,41.888965165701741,-87.5998922502823376
103878,48.4308244905545848,-71.0563421444418424
103879,10.6800902563807689,-61.6443257127929982
103880,23.048991718537355,-81.1915829236480846
103881,51.4576928257931598,-3.15718832743434552
103882,10.1284530999999998,-63.0881887000000035
103883,-24.8813422683579155,113.616516132485728
103884,39.8499,-75.2503
103885,43.4015757588140971,5.02913085490373213
103886,54.7101792283060462,-5.80633591568835428
103888,10.4042421881980083,-75.5328107492472043
103889,37.592690003338646,-0.979280500465023684
103890,40.583789,-74.20782
103891,10.675190369143877,-63.2452962506348655
103892,33.6153862165583703,-7.59293405185063985
103893,21.7523233742904232,-79.9901169989010725
103894,40.697636704054716,14.4749846963195736
103895,39.9580196745288205,0.0263049845432334235
103896,14.0102534765839213,-60.9944642870845684
103897,10.751884,106.78234
103898,18.3565648283790708,-69.0220934914762125
103899,37.4936351122437301,15.0968918985360787
103900,11.7740807666501333,124.877741361285217
103901,10.6046218133489152,-67.0397393362259919
103903,14.5007958997589714,120.91188956393799
103904,4.93654684320766979,-52.3402919271766649
103905,20.183,-91.983
103906,18.5941011093064503,120.334734609806802
103907,37.951949398076394,22.960052598989904
103908,10.3092477034749646,123.925556111848806
101003,37.1174526952783737,15.2704812498445719
101005,27.3391177048175962,-112.263419183827722
101006,-0.101807977569525226,117.533498765532173
101007,-0.0626090094287488907,-51.1671078521543023
102616,6.395,100.132
102617,3.37315258182227939,99.4699045595869507
102618,5.333,103.15
102619,4.52524408150329993,98.0225938266788717
110475,52.276,7.6056
110476,53.0843,7.8347
110477,53.1645,8.6236
110478,53.0537,8.8748
110479,52.4087,8.0603
110481,52.4213,9.6392
110482,52.39965,9.5662
110483,52.3762,11.9946
110484,52.4257,12.5485
110485,52.4285,13.3094
110486,52.44298,13.32568
110487,52.44256,13.35706
110488,52.4543,13.3865
110489,52.579,7.311
110490,52.7765,7.2732
110491,47.7507,18.1265
110492,48.3378,16.3179
110493,48.2146,15.2248
110494,46.6066,18.8586
110495,47.759,18.5289
110496,46.9067,18.9597
110497,44.6891,20.9458
110498,44.7259,21.6112
110499,44.7716,21.5173
110500,45.6711,18.9655
110501,47.1109,18.8849
110502,52.3126,7.6264
110503,48.6605,7.8861
110504,49.398,8.8568
110505,49.3956,8.7988
110506,49.4807,8.5795
110507,49.48433,8.51077
110508,49.3493,9.1003
110509,49.2173,9.20858
110510,49.0433,9.1708
110511,49.03936,9.15213
110512,49.0139,9.16026
110513,48.946,9.2143
110514,48.9494,9.2371
110515,48.09179,7.57421
110516,49.0706,8.34
110517,51.37748,6.71933
110518,47.8124,7.5416
101701,5.414603,100.360311
101702,-36.7235825862055876,-73.0105094557195144
101703,37.8318,120.739
101704,-35.7171656662745463,137.943589361736798
101705,4.25,5.59889674503849033
101706,30.4013022459794939,-87.2085032075966637
101707,39.979538,-75.072554
101708,50.1177691707086552,-5.52944837121246469
105792,45.5730412565985006,-61.3451863407215754
104766,41.3737133457914226,-8.76447091472678252
101593,16.2293546062179459,-61.5439764415541788
102565,15.7893894822616403,-86.7961011588609637
102566,9.46382663885015596,-71.0690472257612242
102567,43.3631308406681271,-8.39082269941129333
102569,36.8103847330476128,10.2964024381453001
103117,50.2370365691741867,-63.6122496664431338
103118,58.125226141239871,-134.757022420930241
103119,40.9988362494694911,29.0157914391518936
103120,-21.2473200143497394,149.304769751115344
103121,21.1570788999999913,72.675118400000045
103122,54.9866298000000029,-1.51893760000000011
103123,26.3598387808603221,127.959675299493099
103124,65.325663,7.316001
104887,37.481951208740206,49.4670773537961779
104888,42.9894912230683488,47.5057028162161004
104889,40.3705963039508404,49.8627528315105835
104890,40,52.994
104891,52.4686000000000021,48.1499999999999986
104893,29.9141939000000008,-90.0857405999999941
104894,-25.367549,-57.648993
104895,-25.505518,-57.57847
104896,-18.998846,-57.603073
104897,-4.90422919533034829,-36.3617634658914213
104898,-22.3844237137973217,-41.7677118896007116
104902,36.0096554326003897,-5.6022907321665274
104903,-7.69899146970902759,11.7959475749013887
104904,-2.42542331765540009,133.132878520710165
101302,44.291,8.46325
101303,24.8307,118.7031
101304,46.8308085653079331,-71.1939944196551409
101305,-32.665425,-60.724632
101306,51.4184089027364095,0.734560282062539538
101307,-38.2656045135463785,144.672943073653812
101308,-17.8805498084106311,36.8801020615989117
101309,-38.5749009665119971,-58.7092935570098078
101310,13.766,109.25
101311,47.4880764743976513,-3.10039339662682556
101313,8.87697081477456784,76.5819652923522938
101314,47.971521,-4.099104
101315,42.2468059136944589,-70.9665347422973838
101316,-32.7775,-71.5255
101317,64.6887,24.4681
101318,45.07771150670726,14.1589790448962969
101319,34.0380477963178123,-6.83826962182795128
101321,22.7410934037124974,38.9964561711539304
101323,10.5623586586776099,-71.6066749259765487
101324,20.840957421717043,-86.8782166944236849
101325,-51.7314721293067095,-72.5152489733269192
101327,21.2286301262488522,-76.5427387671441295
101328,6.19219344220960721,-67.4356897463351999
101329,31.3056671452531248,-113.544931857001473
104328,65.7692541161702735,23.3663065491852109
104334,18.3457172121221603,-70.8360282254970031
106483,35.145267,139.604734
101740,-17.5376579075291126,-149.575390362006488
101747,-10.6878341401244459,-77.8307945809143717
101754,48.858198,2.338514
101760,62.1900243819941494,6.09260536709953726
101766,57.2640938901713952,16.4803462719666953
101773,43.4696387784629437,-76.5142761488915824
105351,-5.1707694315723236,154.557984986398111
105359,-8.385,-74.526
105365,15.8658564546863143,-88.7939567112169499
105371,7.330415,134.457405
106844,51.9001,4.43507
102149,6.34224791297731638,-10.7965415489341066
102157,-8.47788893200235449,140.39004553296931
102164,38.1966613516031188,15.560535129851468
107172,13.8552,-61.0617
107177,18.3866928973493202,-64.7026867907049166
107182,25.746776885879747,-79.2794177640453341
107191,18.4712170449465169,-77.4555626632459706
102874,32.054481754711432,34.7498916504421445
102880,54.986841499999997,-1.46721060000000003
102887,24.2124,52.5928
102895,8.33232688547041711,123.859116607893114
102068,10.7641424935307608,79.8497438373107542
106769,42.962526351891448,16.7152995347961131
106771,43.3978943770071197,16.2044744751400671
106772,42.8654128057002453,3.03648903217656629
106773,42.8021670775252048,3.03174312194995998
106774,42.6198062691496204,3.04057342115348561
101503,49.463354,0.542968
101519,27.634,-82.563
101536,24.7638808657713803,67.3176906595306406
101552,-33.0139016095209001,137.765448404548295
101568,17.8892,-77.13
101139,50.941,0.759
105430,44.839305,20.639387
105431,49.046362,2.100761
105432,-0.796665711638303575,122.662159213163761
100136,-3.56868933225294382,143.647879851345664
100137,-17.685520563001436,177.38830660521171
100138,18.111,106.405
100139,10.3938292705912794,107.09816238703182
100140,60.7077928737133732,28.7328289276669118
100141,45.3938,29.58
100142,60.6158302294449456,28.560884069316721
100143,61.0188511568324685,36.4206646581023037
100144,44.8692224141323521,-75.1994982300724359
100145,28.7595137667189746,33.226400797508056
100146,-9.64022243323372052,120.252744082133148
100148,-3.21849173461072091,128.277753473817995
100149,33.915863,130.819727
100150,34.2351,135.128
100151,19.2904572270031238,166.618230621762194
100152,45.416,141.7
100153,-33.9250909171674238,137.611158818151068
100154,58.0094680527477422,11.7047459678746915
100155,51.5286,6.688089
100156,-22.9446746625573574,14.4982125326574458
100157,34.308,126.747
100158,-20.137053,116.423104
100159,-39.9451596197956675,174.992410487315937
100160,54.1701075829931895,12.0987589655486616
100161,54.1002812347020594,-6.26151827420694218
100163,-38.4013220763931287,142.480599433093232
100164,63.0859706897892991,21.5528540557128032
100165,-6.05984037064952297,149.349706808994625
100166,52.2630146258730548,-7.10575295560386255
100167,54.2362961068891352,-130.301172743477508
100168,0.325963,127.877
100169,53.563851,9.722853
100170,37.499,122.133
100171,-12.6724445784711293,141.86868614482961
100172,50.42042,7.456481
107597,42.448746,-90.596709
107598,42.094249,-90.162242
107599,39.742406,-90.620111
104117,55.5669555454008517,10.0772895950984065
104118,11.0743270137778627,124.002678137795542
104119,53.375782,10.716088
104120,10.9346581999999994,-14.2977234000000077
106060,51.900968,4.359008
106061,51.887145,4.303464
106062,51.882368,4.309168
105223,48.8784110564281278,-123.302347965955732
105224,51.093106,5.139334
105225,51.170857,4.820285
105226,50.937745,5.336446
105227,50.879437,5.644903
105228,50.810751,5.670782
105229,3.80799999999999983,8.07889674503849164
105230,-8.65461310105894199,119.297898054745843
105231,51.772882,4.190759
105232,-39.9275223069509764,143.843142029710918
105233,-40.1220438355149511,148.012288919371827
105234,-7.31951579574345246,144.187016842113167
105236,36.174891841817292,-5.42027248561954877
105237,-6.74447178171133022,110.552389289804111
105238,31.388357,121.506229
105239,-20.29,116.28
105240,20.854,115.684
105241,-10.869,126.57
105242,5.73046097475287564,4.8379196679159957
105243,51.388,2.613
105244,61.465,2.15
105245,61.31,2.06
105246,61.275833,2.118114
107114,-8.11382016378971826,156.905309080604752
107115,-10.7354,152.385
107116,-9.38258861508449904,150.386555646980156
107117,-10.6254,150.761
107118,-9.66141,150.848
107119,3.46333000000000002,5.56056674503849102
107120,-4.80288442378149316,152.861595464487038
107121,-11.422082855607286,130.419482775650152
107122,-11.7548830385806298,130.641969196628907
103818,39.3721329501401982,17.1359988546234483
103819,8.14723258097889413,-63.5398438698019419
103820,8.38630915397165566,-62.6492416775513234
103823,60.666,-2.666
103824,48.1693753007514545,-53.9585518146366709
103825,10.3483311727978275,-61.4642784254189465
103826,39.7939999999999969,-75.4399999999999977
103827,41.5060952436274562,-81.7131338001563705
103828,51.4645359857376548,0.45392062946229661
109415,65.7082,12.5888
109416,65.7061,12.6227
109417,62.8839,8.1499
101409,33.0607702527877763,-16.3129723025509676
107379,38.20508,-81.404101
107394,40.550832,-79.766035
105393,2.83977700000000022,117.358196100000001
105409,50.562498,5.352559
105424,48.222138,16.413721
105437,44.5355202679575584,-64.2393073773787648
105452,-8.22792093127000257,111.07774390010438
105469,5.58240164041276277,95.1684653845862698
103171,70.6669852571535131,23.6772087821825359
103186,59.35,1.583
103216,30.35,-89.083
103234,49.356292,0.984175
100109,53.5167,8.14245
101865,58.7456411226084469,17.017626939341028
104048,-17.5162775653085205,139.797373674839662
104063,50.723919051494029,1.57493027082305992
104079,53.536201,8.565951
102698,51.410944,0.60355
102714,59.88383,30.976242
102728,64.9889287792698411,34.792227987651593
102742,24.5539157117091307,-81.8088329152373746
104514,-2.67741755005435156,-44.3613430161273854
102473,50,-6
102488,55.9844582505648276,-3.17591938893338321
104258,13.7536415887920302,121.039997263210665
104273,40.648628,-74.091522
104289,27.5360354815177644,52.543863531893038
104304,-8.20267034274622553,114.384355549267809
104321,54.8427166167950304,-5.79241595130786102
101137,24.1722444809139354,52.714741300959858
106575,44.941599,-93.056674
106591,51.858128,4.653187
101087,40.6652879257475348,14.7453103709963838
101088,12.0830093223522841,-68.2836715781274251
101089,16.1551313728959514,-95.205980755994446
101090,-2.19993703357913439,-80.9694679296840576
101091,17.7791648916321208,120.414560127470835
101092,53.7251178881310167,-0.247353333487128457
101093,17.8357566766199156,-77.1668388164599861
100356,57.538,38.322
100357,-5.12128305313674748,119.407204723671015
100358,41.621,140.945
100359,50.4313072300808543,-3.47716560501106065
100360,65.8475106772804679,24.1591266928227633
100361,43.6373796540428671,-79.3554841936947213
100362,36.910665929978336,35.988270898464819
100363,50.456927,-3.528982
100364,40.7469350750980297,14.4506515408826441
100365,37.9664151805381351,-0.686605708019512484
100366,69.335,17.0917
100367,18.4260887304726992,-64.6099713836147913
100369,68.680943423140576,16.8710211990953418
100370,-19.2445968420554969,146.835735504535904
100372,36.7833,137.1161
100373,34.726542,137.333878
100374,41.0038819159305987,39.7398670388433146
100375,57.8819613591330508,-133.221802347356714
100376,52.2651615630880926,-9.71476432930872313
100377,-30.0170434883644042,-50.0884914411174051
100378,53.381,-2.992
102238,44.204687,-88.422531
102239,59.166,9.641
102240,-37.9886004704724343,145.052297394800064
102241,44.9593810402531915,-74.8297592536946894
102242,10.6414505713799894,-71.5992065255194206
102245,50.8942620650330539,-1.42167885210616496
102246,39.807083,-75.407496
102247,54.8165142667591283,-5.76867979804369035
102248,56.654167,9.981939
107346,36.241261,-95.73817
107348,38.734365,-85.416252
107349,38.949579,-84.843005
107350,39.077016,-84.859982
107351,36.397153,-87.658495
107352,36.529932,-87.366044
107353,39.82362,-90.570262
107355,38.408588,-82.580957
110519,45.2341,19.4266
110520,52.5595,12.96279
110521,35.0064,26.1453
110522,49.0089,12.1751
110523,49.7932,10.19
110524,48.57945,13.40949
110525,48.51855,13.70952
110527,48.3183,14.14785
110528,52.2466,9.95067
110529,52.29966,9.95747
110530,49.66878,10.0546
107648,40.169471,-80.692059
107649,44.4293650004970715,-69.0028914106347742
110534,25.55695,-79.27849
110535,24.5908,-76.8148
110536,48.144,16.903
110537,45.5262,19.0825
110538,55.3393,10.9881
110539,-17.57826,168.216
110540,31.954,120.078
110541,-10.85,-165.84
110542,-16.94036,178.65967
110543,-20.34981,158.67174
110544,-18.7563,178.5216
110545,3.0503,6.6973
110546,35.72477,-0.6777
110547,17,-151.5
110548,1.0253,154.7554
110550,-43.899,-73.749
110551,30.25,122.25
110552,59.2508,5.472
110553,64.3495,10.4607
110554,60.621,5.5895
110555,62.7113,6.4242
110556,60.3337,5.2
110557,63.828,8.58
110559,47.1502,39.4521
110560,22.7288,69.6658
110561,57.3972,-5.6251
110562,57.2745,-5.7534
110563,55.6844,12.6392
110564,44.1364,8.2721
110565,51.9167,4.2474
110566,43.95,8.16
110567,41.247,9.1975
110568,60.1805,-3.86807
110569,60.2165,5.9781
110570,68.005,13.181
110571,68.024,13.3666
110572,25.88,56
110573,60.4566,5.6922
110574,59.9642,20.1732
110575,60.364,21.071
110576,60.3066,21.3904
110577,15.92,-17.722
110578,71.5376,52.3138
110579,67.3711,79.0038
110580,24.3325,-75.4755
110581,23.8534,-75.1215
110583,60.27872,25.82711
110584,14,60
110585,59.92,28.62
110586,60.015,28.46
110587,59.0615,5.4457
110588,60.5537,28.6524
110589,60.5924,28.5461
110591,54.7161,-3.5036
110592,61.0201,5.4623
110594,4.9888,-9.0446
110595,61.025,5.492
110596,60.9878,5.4832
106978,39.6242118724704326,20.1804669078657462
106992,16.8031,-62.2067
107007,58.0769,7.80748
105644,-20.4703577472260179,-28.8509840662212973
101738,-0.71136360193796444,119.855994911635449
101755,58.3813857407426227,24.4773170204967165
101771,51.2283685551188199,2.92857285161901482
105264,60.1459458958108826,5.0149960516565395
105280,12.051023452813352,121.386790089789372
105296,33.6791728452426611,35.4099256389697459
107313,60.8086855854013422,-78.2062716592260614
107315,62.4165309546198515,-77.9031710507736648
107316,67.5542089476687835,-64.0325558806085411
107317,70.4648957669661087,-68.5798140883589014
107318,69.1406496064988829,-79.2299406710302918
107319,67.8356428337212662,-115.127744138910629
107320,68.6203639696307164,-95.8763144457800394
107321,58.7058901140151548,-69.9056688740253946
107322,73.0330708658407417,-85.1587126603038769
107323,76.418609149671795,-82.9131405193880511
107324,53.7900672308208385,-78.8915102406956805
107325,55.2699174418578494,-77.7727100578740789
107326,77.773,-70.791
107328,76.005,-65.066
107329,74.578,-57.239
107330,74.111,-57.07
107331,70.007304,-51.972334
107332,69.2151559999999932,-51.1498479999999986
107333,68.3065440000000024,-53.4670429999999968
107334,68.2299585,-52.860786
107335,65.824,-53.341
107336,65.0330000000000013,-52.3719999999999999
107337,70.4991370000000046,-51.2955269999999999
102076,53.9790340886027309,-3.11669298263120353
103634,22.1828632570767468,88.1847298864988858
102286,-1.62690042688101633,-50.5392488841438521
102287,57.0081331391905692,-5.82684025049548193
102288,64.074084078323736,11.2296988820173773
102289,55.6224,12.991
102290,4.6,104.8
102291,-5.43119698620380476,12.0793777077259836
102292,35.9,14.516
100508,2.16404304732675534,117.49516624281415
100509,22.37,113.916
102296,-12.7784103447401396,45.2338289152488926
104171,-5.74890352538585248,107.078964116209164
102299,-21.2481861493002917,48.3457732829032238
102300,10.4037328749499327,-64.3612116474691192
102301,11.7812944984509649,-72.4433871297297145
102302,-3.148511,-60.032477
102303,53.4707,-2.2974
102304,58.0175233647741067,7.48234809323538741
102305,21.971238794941268,96.0530991842669124
102306,22.821682745530282,69.350833144068929
102308,43.7998827920609202,28.573274119882214
102309,12.8454225996382263,74.8230890691469455
102310,2.0232627625150843,117.755810856496225
102311,-2.7378772373659892,121.068223643713523
102312,-1.88161599999999996,125.374506999999994
102313,14.5870026339587913,120.939715260804618
102314,44.247876765523678,-86.3393189180020784
102315,45.9684200315740199,-85.8717492971185123
102316,49.513666,8.43523
102317,51.9479844185024007,1.06722000621109969
102318,3.8662050827927863,9.61599999999999966
102319,-0.869050363771482481,134.075637975566224
102320,-0.931080586348895123,-80.7188061961208803
102322,61.59904742126907,21.4674811871113533
102324,19.7090678134679891,-71.7434381300064814
102325,19.0657927214576333,-104.293046070889787
102743,48.455963,135.054103
102744,9.237693,99.864106
102745,29.2055657441818504,50.3181349884775813
102746,26.2093408656771878,56.2510095787373388
102747,62.0616304526458222,175.295923921392159
102748,46.618727,32.612764
102749,55.891,37.46
102750,47.05,142.05
102751,32.6814960901918994,14.2472672972414927
102752,29.7862950586411976,48.817898339442074
105814,38.758815428935975,22.8599469478649482
105834,13.7206461465063949,-60.9541117732520448
105849,33.497,133.889
105861,51.3707,0.762741
105875,56.537199,10.713245
105889,0.886913475336547963,134.280020242746673
102451,44.0477385995342061,-64.6945028190834677
107443,44.8993671231743861,37.3057121952232222
107449,38.013722,-86.11691
107457,37.775701,-87.943305
104127,36.8040695455906217,-6.33876355172998807
100004,51.9536674783563157,-7.8444387743358579
100010,46.6,31.016
100016,51.8116030033131736,5.23869258981937591
105920,27.7820118639010865,-17.9014186956242725
100428,34.05,134.6
100434,53.4675,49.4873
100441,47.494,132.34
106288,56.64241,3.325983
106293,62.73928,65.467279
106299,61.229619,73.496157
108510,49.8046,9.6172
108511,49.6694,10.1418
108512,49.9223,10.7989
108499,49.2389,11.1473
108500,48.9849,11.6944
108476,48.8734999999999999,9.27289999999999992
106938,43.097449792789341,10.5359633254200702
106940,43.4959573444466443,10.3214803046504962
106941,44.351487789097213,8.56968156097464195
106942,47.8988,-3.97687
106943,-4.80274226002423443,136.769189355958929
106944,21.0946057460203455,72.6183321302370217
106186,53.371071,10.566966
101251,-21.2002,-159.784
101252,26.901355696049869,49.8632285495736554
101253,28.4312997748502845,48.5822703787669923
101254,25.8109229844182941,55.9501063878267004
101255,14.9130202892621693,42.8879717526858784
102997,42.793,-86.12
102998,65.7180000000000035,-21.6700000000000017
102999,60.855,4.6133
103000,59.493394948308179,10.3221652007565172
103001,63.697369690475611,20.344696711470494
107123,-10.7507,151.7337
107124,-10.8352061009475999,162.452289529163295
107126,-11.5692031906629147,166.946926936323138
107128,-42.4128842961186265,173.702508917397438
107129,-36.422288372145907,174.819428257356549
107130,-37.5244545864910037,177.19593471137469
107131,-46.8974218783017704,168.130661663707315
107132,3.22029,106.216
107133,44.0241,145.853
107134,-8.11987,117.745
102417,65.5468496459338752,22.2504957692663083
107137,12.5757,99.9611
107138,5.78883,103.048
107139,5.91478,102.739
107140,2.8761,104.152
107141,11.6261,102.544
107143,8.55969745362866519,97.6265999999999963
107144,8.66468275913292985,97.6464922382332929
107145,-5.88378030001285612,110.439150596914217
101723,11.0513765903950922,124.38213391158817
101724,-2.98368561245630781,120.211267544837696
101725,-0.883115113677525709,119.859258544920081
101726,8.362,-62.695
100815,55.5585228467224681,14.3568380696023237
100816,37.9457092245135357,-8.88639236830945656
100817,1.262,103.839
100818,0.919867304282498077,108.966379094609692
100819,42.0219270585344802,35.1511540715370288
100821,0.0797915000000000013,111.492232599999994
100822,5.03882092188557618,115.498089039745736
100823,37.0618836929088289,15.2848178166381654
100824,58.505985,5.787661
100825,56.333,4.5
100826,25.8942345828182603,54.5372769036412421
100827,31.2129515202808534,16.6316812251412429
100828,35.210157912673175,26.1111488233082341
100830,26.1631961137783122,50.6734718438471177
107496,39.215894,-93.508702
107497,39.406246,-93.197741
104172,-15.6279133015043108,136.389618607530849
104173,49.972,7.891
104174,1.05866689138416614,104.220674073243217
104175,2.17017909999999992,111.632741100000004
104176,-4.80606172096544171,103.363320815434292
104177,3.25896795635050429,113.058136127646733
104178,23.1553384123252819,35.6187217499026332
104179,51.5565706249022639,-2.96606352784231397
104181,53.406,-3.006
104182,8.22287250489553401,126.317722773846867
104183,11.8566102595820428,-15.5754066938636928
104184,1.43911310793850067,125.188867320657565
104185,37.2734976769948361,9.88653404185845197
104186,68.5472568495010108,17.5414710327813879
104187,7.76023701498965668,116.990026956623325
104188,53.8190653227710456,-3.06306489935486193
104189,23.9393545356722761,35.4907858713749533
104190,21.5000000000000036,121.5
104191,30.077175,-94.089858
104192,45.038998,-0.599958
104193,46.4008,-72.3774
104194,22.5139643561657756,70.0282783738410473
104196,29.943321,121.85095
104197,-19.8115095722782506,34.8341774779701154
104198,33.9111277427860358,35.5306419003161622
104199,36.7538773896393849,5.09831395404674481
104200,-0.999760799442921622,117.501724015418347
104201,3.79088662611074856,98.7016219739553691
104202,14.7117704717689719,74.2633767812204866
100635,54.9071788541122956,-5.0276310520658205
100636,40.5167967944726612,23.8333695195807209
100637,67.3524506498424529,15.5898654524409999
100638,64.047395,-22.043236
100639,58.933,11.166
100641,56.4959877983422913,8.59367173805568996
100642,61.8957148142873592,6.70551034997462558
100643,54.8924959702125577,12.0455122210803616
100644,56.25,10.35
100645,61.305185,17.114707
100647,38.9097515157729532,22.6161208319294644
100648,-5.8844709443103298,105.970474984451315
100649,16.1250471844137273,120.10423246306739
100650,24.6006373235036655,121.865324050721171
100651,-8.39142322087713488,-34.9645552201560932
100652,14.8150644942888103,120.245256120417181
100653,35.4927884825908251,24.0781397032126776
100654,66.1280000000000001,-23.5309999999999988
100655,3.82750916171451294,9.53607509147367693
100656,29.9376130743070199,32.5576972979364072
100657,65.41114,-52.901081
100658,32.925567,132.706625
107356,39.40819,-81.453281
107357,39.699653,-80.841294
107359,38.427656,-82.438342
107360,40.339447,-80.609409
107361,39.368497,-81.30365
107363,39.63958,-79.962788
107754,67.8352450445001693,14.7879814750669585
101103,37.756412009551461,26.9700087799674435
101104,40.4741654646638906,25.4693171909983214
101105,32.311411842474115,-9.25135318675285134
101106,58.2165366905755519,22.5071963596085354
101107,45.08,-0.636
106277,60.608169,2.776
106278,56.521014,3.222856
106279,56.565353,3.203689
106280,56.547842,3.215517
106281,56.547639,3.218942
106283,56.376881,3.265803
106284,56.419331,3.218392
106286,61.080607,2.499181
106287,58.284618,2.043101
106290,27.8964827297231999,-114.134635519123051
106291,19.343685,105.817121
106292,62.984658,65.063722
106294,62.453863,66.042551
106295,62.445424,66.238804
106296,62.183118,67.176193
106297,61.476525,68.227223
106298,61.070187,68.497247
106300,60.925289,76.555682
106301,59.387828,79.685524
106302,59.493103,79.412838
103115,23.1284296006959735,-82.3410338438473133
104905,-2.98595289422591614,104.837164481474574
104906,-3.66414189315409233,133.75890940880231
104907,65.070999999999998,-22.7379999999999995
104909,3.34517793999373403,113.00128844805721
104910,24.2753481040863299,-110.330740442251397
104911,34.5009999999999977,133.677999999999997
104912,-14.2959455552262309,-178.160492536227935
104913,-13.2854663711406111,-176.168615654626223
104920,-15.9419438830207341,-173.766890616696969
104921,-19.80282,-174.35291
104922,-4.52476664325867528,129.896642527133537
104923,-7.98330641399526453,131.290368589406995
104924,-18.2109841377594286,147.126277153653433
104925,-16.6427194552482867,146.240599003345523
104926,-19.7494627396129125,150.382902027997289
104927,4.877,73.443
104928,12.369,-61.532
104930,-3.72,-170.712
104931,-22.74,-40.441
104932,9.762,140.521
104933,30.79,122.62
104934,5.502,153.813
104935,-3.79899146970902724,10.5459475749013887
104936,34.032,135.172
104937,33.6240000000000023,135.949999999999989
104938,33.517000000000003,135.831999999999994
107944,51.2246825096824452,-58.6516703262958927
107945,51.1817611729900932,-58.5686799865194914
107946,52.3646565555442294,-55.6817960841370478
107947,19.198833389325614,-69.4478791257848656
107948,6.12595339260097038,81.1282389022833001
107949,57.5,-8
107950,57.666,-6.75
107951,61.191606,2.157508
107952,61.167253,2.229728
107953,61.176106,2.18915
107954,61.202917,2.2013
107955,61.214944,2.273869
107957,61.255683,1.853875
107958,61.206911,1.830636
107959,61.224167,1.838644
107960,61.296583,1.902547
107961,23.5473999999999997,117.112099999999998
107962,59.1167,6.0013
107963,60.3865,4.9634
107964,58.939275129064356,17.7833351486916236
107965,61.1481,-45.5051
107966,61.1732,-48.4509
107967,66.5755,-53.4984
107968,66.8987,-52.8603
107969,60.9902,-45.4162
107970,28.7399111227651609,-13.8613471809697195
107971,28.2052,-14.024
107973,55.0848,-59.1701
107974,53.7021147532642047,-57.0236575379817623
107975,52.7740071582767243,-56.115682964454912
107976,52.688092759010452,-55.8883485728321645
107977,62.8141330898036188,6.90897143237836175
105121,20.1753757846110702,94.8846992909323603
110282,-8.16536,127.65927
110290,69.6083,17.865
107338,71.2444420000000065,-53.568595000000002
107339,71.0509689999999949,-51.885072000000001
107340,70.7310209999999984,-52.6571610000000021
107342,28.651667,121.86
107343,22.8916,112.9048
107345,3.14086700000000008,6.8216857450384909
101877,60.0847,6.5387
106731,40.8106640514781489,14.3334443488958154
106732,42.7640435879658014,10.3968043829394485
100738,37.2690588111057011,23.1554793945685233
100739,62.458578814484035,6.35046946854265659
110877,53.918546365160964,9.507210829664203
110878,-24.12540990276888,-41.88559652351587
110879,57.0412999999999997,16.4499999999999993
110880,-6.072003314598756,106.96956324417675
110882,59.745090898863936,10.256356119076294
110883,-5.982704271323024,106.127940446244
110884,59.35020012749294,18.114167013533752
110885,51.08207159651043,4.355492560583417
110886,2.7099054399889173,117.89013249662052
110887,-17.267630427987964,38.12935651110449
110888,40.85544271692217,29.268136206266874
110890,43.654703114809756,-1.4431501806585898
110891,-12.507871092397268,130.91125649262523
110892,-2.1832995835903306,104.9158692887162
110893,4.188811109459795,73.44197908670581
110894,15.601365936318247,55.120019573264685
107039,-5.95469855209820054,105.997375333568982
101320,-4.20245483147764176,152.166823874751685
105617,54.2829540418880043,-0.389884911402327172
108012,66.059745973277316,12.2398348762434352
100813,47.2807265972401396,-91.263699234499839
100596,3.71716863613482396,96.8128569684861873
107197,-2.4818956061775892,104.747191008080051
105152,-3.20526482716151762,116.286269633155058
100490,15.7899555402611149,-87.460361941229948
107070,50.5356442767092418,-126.862568325767782
106243,36.5933649057438046,-4.51312399387288909
105574,-6.72933131110857907,112.150712502168446
105011,54.9833338999999981,-1.52920030000000007
108110,46.4209724462249653,-117.104398399494215
108314,36.1867559233803888,33.6593017277787681
110895,9.37273073545795,-79.88922843615707
110896,37.74802208620314,128.98969796090967
110897,54.40012068794386,11.11159565121682
110898,60.17106950050196,-1.1441074291971194
110899,-77.85030618052491,166.76780807550315
110900,31.50112126712924,26.5669658278957
110901,-25.51872508227946,-43.46654650985
110902,-22.086380538315918,-39.82800040136134
110903,-22.13014615016096,-39.9666331534263
110907,-25.52917,-42.7473
103226,57.68751767702837,11.85526250837051
103227,12.2187904791247135,-68.3847666940549743
103228,55.959518933286617,-4.81358083638439016
103229,-12.2063198367744263,136.669443956965409
103230,16.666937437703691,-61.6669374377036945
103231,-29.7004621234360471,152.938181676986233
103232,30.039615227758496,-90.6857500831308272
103233,5.19117457699250373,-3.7390566534188574
103235,43.0605107815043553,-86.24208317595523
101629,40.517,-74.252
106614,50.032315,8.166895
106615,51.155346,5.877003
106616,49.861016,8.357197
106617,-32.0858655231804235,18.3051774310105557
106618,14.7705542356345383,74.1402155842944239
106619,60.3861,5.30652
106620,60.4159,5.30405
106621,59.604,5.772
106623,59.3773,5.2218
106624,-3.5086206238832931,117.440165169819835
106625,-5.4897309376759571,116.856679572794832
100756,62.0715458611874737,-7.32681626349529935
106885,-19.716942054009305,163.64310736721572
106886,-23.2242971938438032,-44.701158738884061
106887,-8.8282339979455795,-140.086107446750788
106888,-20.2267655052611026,164.035445437672593
106889,-20.2392,169.763
106890,-20.5495389823434884,166.561082148808595
106891,-18.8639,-159.801
106892,-19.979,-158.14
106893,-22.4465,-151.336
106894,-22.4495,-151.341
106895,-22.4793,-151.357
106897,-19.8689,-144.961
106898,-5.64038,-155.88
106899,-4.01778,-154.927
103002,66.9416999999999973,-53.6760999999999981
103003,54.369,10.144
103005,47.3966493279083778,-53.1256449714732781
103007,63.4156308571221956,10.7826157869636141
103008,14.2774103663572749,74.4377591529030411
103009,13.9425000000000008,122.237566524299893
103010,49.4283732187105045,0.243121877308583201
103011,22.318505,114.111749
110786,59.04921770884789,12.715056179949505
110817,-2.7596679559117008,105.79591935565139
100489,-13.0246148577564824,166.533069582994727
100491,10.2387598895230578,-71.3705163537460265
100492,38.983,117.729
100493,35.78972,-5.798527
100494,39.2073999999999998,118.997799999999998
100495,31.4804769356078538,130.526583288313446
100496,2.14352,111.346
100497,4.233,103.466
108696,68.804,14.8663
108697,68.6593,14.6799
108698,68.6558,14.7296
108699,68.6970000000000027,14.9612999999999996
108700,68.6682,14.8002
108701,68.7044,15.0148
108702,68.7145,15.0348
108703,68.7125,15.1125
108704,68.674,14.9825
108705,68.6664,14.9147
108706,63.5334259139649546,8.38622387046651063
108707,60.3325,4.9428
108708,60.4048,4.9399
108709,60.4338,4.9411
108710,59.3923,5.8833
108711,59.4055,5.8631
108712,59.4664,6.0262
108713,59.4741,5.9764
108714,59.4586,5.8491
108715,59.4054,5.7108
108716,59.4366,5.7734
108718,64.9440000000000026,12.0140999999999991
106527,69.1135432207107101,-105.059733630600078
106543,11.894112,109.147018
100888,34.7245413213056651,10.7751261529693672
100903,-6.93957778418337234,110.421209642902824
100921,34.313803,133.094161
100449,4.022,101.022
100450,-1.00104469019273923,100.379068500382175
100451,-5.45237,105.269448
100453,5.62908398397239829,0.0129478812946328178
100454,-0.334677899999999973,103.156585000000007
100455,10.681735,-61.597619
100456,51.121593,4.213684
100457,36.5258402182398996,1.31811996838165357
100458,37.9902922896330679,13.752092660284049
100459,-4.82352464156563432,-37.0441853378493846
100460,0.780341338223418446,127.388735955137363
100461,51.312551,3.829939
100462,46.45,-48.516
100463,41.2832952727561207,13.2577460519024157
100464,53.5392751025552371,0.112900243474896494
100465,49.700348417714423,-124.552850506242137
100467,53.185,4.844
100468,8.664,99.952
100469,51.4322227373142766,0.687050408341279617
100470,63.3210250510520609,9.87792124515179104
100471,9.627,99.439
100472,46.2538713595270181,-83.5379011518958237
100473,40.6344945123526315,22.9176951968272533
100474,-32.1497108132594533,133.638888000000009
106505,39.392,-81.2106229232371
106506,39.091484,-84.519126
106507,51.220838,3.804866
106508,40.436533,-80.005286
106509,40.047912,-80.730091
106510,39.2679057873133,-81.5678890113771
101946,-21.3369374388220656,164.993672778899651
101947,65.138,-13.737
101948,66.2012428914450766,13.0110327462981576
101949,51.210538,6.7002
101950,54.0947118600859014,10.810288529333139
101951,50.427607,7.45237
101952,46.667,141.852
101953,6.25097305151336879,-57.5237907516995932
101957,41.292052630615423,-72.9107229009990618
101958,53.7089507277381131,-0.366037910317349946
101959,41.3510598519832513,-72.0952253946943387
101960,12.9268588167276519,74.8110298452167797
101961,47.9746885659398643,-66.188671713716289
101962,29.9913029999999985,-90.0194570000000027
101963,-39.0567807516714964,174.036356177142267
101964,48.1376174426769765,-65.837058938621297
101965,52.3837422022022352,-6.9615458867754425
100660,45.157331,29.663015
100661,60.459071,-1.301828
100662,-8.93224437805844929,116.649461657068116
100663,60.5335322914994478,27.1132778875699429
100664,46.387149976528768,-63.7883128335550182
100665,34.3477,134.901
100666,54.9075458122547175,-1.35993035147302987
100667,62.3911939137565099,17.3179330914861325
100668,68.574789207461464,14.9494657971769218
100949,65.752,-19.642
100950,42.652376945335547,-86.2067399185252583
103465,58.091,6.81
103467,25.587,54.417
103468,48.5198880458939641,-68.4740160847254344
103469,67.2569823837842193,15.3946165570640456
103470,51.3436968749365761,0.901162395761120005
103471,50.840005947384121,-1.32893447136037901
101595,45.4246154925679448,-73.8355698371906328
102096,53.3221279852142587,-3.26126705250375482
102110,24.44,53.5268
103887,53.4485,-2.4076
103902,49.522603,0.725716
103916,-41.2738108347867723,174.789395507867056
103931,66.9830000000000041,-50.9329999999999998
103946,43.5465223972150852,7.01776441426445352
106222,32.833125,-79.892199
106223,22.254447,-97.80768
106224,25.8238229918359252,-77.937318374786571
106225,-0.436377,-90.285226
106226,55.4550923485282752,-60.2212578024938239
106227,54.022,-166.057
106229,52.1918049921836129,-172.800916427670217
106230,41.43111,9.236403
106231,42.2533153746610211,11.1067701547164166
106232,42.3604334185343916,10.9209409550241574
106233,42.7431421228795472,10.2386019761785256
106234,42.8073191330633023,10.197959123420075
106235,43.0030339108896271,6.19856955968993617
106236,43.0085654359061991,6.38207392070730606
106237,59.931825,5.85496
106238,65.028303,-14.112017
106239,19.9414085475928538,-72.8317269318574319
106240,41.2082579416075134,1.7316750289193088
106241,40.074821397072796,0.134502572065995835
106242,36.5440907985998464,-4.61484014478289861
106244,42.4815264760174713,3.13415983459912972
106245,36.756803519045107,-2.60476107853465111
106246,44.050999370161847,9.83595413918103922
106247,43.955652435880836,10.1635424593952113
106248,37.246814,119.192713
106249,-37.1064720925459923,149.921711970877595
107908,47.5400085154282266,40.837166709152001
107909,69.2739279719937002,15.946914037268078
107910,23.0154,113.5196
107913,22.6648,114.656
107914,14.9644,145.62
107915,33.2849,120.8102
107916,59.0887,5.9037
107917,2.04949055389963419,128.289005404842669
107919,36.9381821280000011,-75.9468598979999996
107920,37.075,126.2916
107921,15.8200542283251728,52.1966745931834879
107922,61.3741409658287083,5.63859546645759746
107923,61.3663000000000025,5.40120000000000022
107925,5,78
107926,60.3146,23.0342
107927,-0.974420105637136325,103.8240602571978
107928,60.1175563751387685,20.2985010940289712
107929,60.2375,20.0199
101799,18.1262573831514118,-94.4047739550505156
101815,66.075,-18.648
101844,63.3178718926602002,9.84544976280505502
106161,-21.481489,114.008161
106176,51.662911,7.364821
100263,10.4860194754854117,-68.0388504635124463
104447,37.6131504129179817,26.295714975968604
106631,70.6355892609189908,23.6651354388369697
106645,17.25,109
106659,27.3333,-89.5
106675,58.9459,5.75458
106690,54.9616611803707897,-5.01551130764949438
105899,40.779746,-73.926772
105900,9.64743941113480652,-84.6626428946008076
105901,39.291881486631155,-75.3678182822745413
105902,33.954,124.968
102447,41.2031585212795264,-72.0566968524102407
102448,46.002764257215965,-60.959553230813988
102449,53.43,-3.018
102450,53.4813053145363924,-3.27374766185677357
102452,43.5504282185155418,10.2973850636108839
110298,63.642,9.252
110307,-21.6768,115.0064
110314,-5.285,11.3833
110321,9.5015,125.8785
108101,4.63430724066223121,-2.93051968422977271
107992,7.61054999999999993,102.973332999999997
108014,65.7132061308013249,12.459089826688265
108035,-34.0541,-59.037
100807,68.6421098550331834,15.5189563757999025
107891,43.4929673384147506,-79.6041630549582493
104688,50.26,-5.045
106195,37.7629462346788003,-75.9449213693452378
101395,13.5032276034944783,120.953088645031613
110430,60.0087,22.6792
110438,59.9293,22.3718
110444,-12,129.83
110454,64.38,10.7653
110461,50.89917,3.36358
104772,-10.8437147948147405,-36.9211601260186413
100106,52.9821127859166339,-6.03678952620329401
104392,38.0289240057348366,23.5907448389067511
105282,-24.359,-128.317
102700,17.9851563925426738,-76.835331861587747
104699,-27.489068,-58.92373
104137,44.841,-0.567
104169,65.684715,-23.598378
106511,58.35,0.866667
106512,57.9317067522078517,-153.041042110587682
106514,60.471363,6.611936
106515,60.424119,6.621189
106516,11.1803799990490074,-60.7370591072841535
106517,55.051544,9.615148
106518,52.587477,6.092749
106519,59.214346,18.478732
106520,59.19,19.197
106521,40.1284324355249211,49.4817470833245139
106522,40.6554344169283155,27.661562327798908
106523,-62.1209,-58.4294
103029,29.75,-95.289
106526,-2.04207538386905663,147.374327018665326
106528,61.2563307458798931,-147.730379933273753
106529,59.0484140032050462,-137.042118677108363
106530,59.08272819353801,-136.370252639601489
106531,58.8455861734937287,-137.104287879742003
106532,60.5518942947116514,-145.764209653691069
106533,50.5928677798083513,-127.09021000337701
106534,41.5238516674550198,-70.6724204984650726
106535,-20.601901,115.613927
106536,-20.575164,115.637496
106537,-20.589912,115.62711
106538,-21.641076,114.906885
106539,-21.636007,114.923787
106540,-21.615523,114.942571
106541,67.9044279034455798,74.8242987295333961
106542,67.470085512121031,78.7279668146436507
106544,51.961214,5.657571
106546,22.2440876078210508,91.743661585520826
106547,-5.87993914872238399,106.069229131425587
106548,60.396058,5.233959
106549,5.867222,114.303611
106550,35.000284,136.69847
106551,6.125175,105.287172
106552,38.6221211168870795,24.1269442903725135
106553,8.363692,126.337341
100884,43.7295810998722061,15.8940791172991247
100885,1.73467755249960054,98.7776457557068568
100886,2.28443439999999987,111.819636299999999
100887,3.85706932052786167,118.075743308757339
100889,53.4602198606340977,-3.02543410091828502
109535,-21.5480381534685606,167.875229759285361
109536,-13.78637,123.31754
109537,-6.72711153472663614,156.680763787580958
109538,-6.89605687300641534,156.998453754161176
109539,25.4454,-77.7575
109540,-16.8000126794966107,145.732236176422504
109541,-20.7872675522640158,167.133547159676112
109542,10.219,103.9539
109543,-2.41606502081820862,105.55713030997812
109544,64.5058403080021918,10.8401295562990221
109545,-21.836,-138.906
109546,63.1412,8.2195
109547,71.097820764686162,25.4011068595944813
109548,71.0059953818522303,25.0125493864867963
109549,68.9878,15.8858
109552,62.6759761375870568,6.67411849499528298
109553,61.3999101677005541,7.39800141571373882
109554,62.478,6.2246
109555,63.1952,8.1734
109556,63.009521792976301,7.97240911110491091
109557,61.3238956912508755,4.94835541963081393
109558,59.1711999999999989,5.87849999999999984
109559,63.2996,8.4183
106900,-20.2953394746594604,148.908398505018283
106901,-20.3467605574707768,148.949568341551412
106902,-20.2610755049881881,148.710664674326068
106903,-20.6906342333232907,164.949987698547034
106904,-16.2868154413263575,149.962593451692612
106905,-42.1294850845837985,148.289218133967125
106906,-64.8626,-62.8798
105786,55.8483534194289817,-6.10400519579540113
103773,44.100703,28.656859
103774,-35.3255972176186503,-72.4062763132589566
104971,8.14,140.4
104134,-16.506,-151.754
103192,17.9613751635288317,-66.907176557483595
103193,10.096,-62.947
103194,10.2465446836998169,-64.5967530841358553
103195,19.8930473348835832,-75.184128933287937
103196,10.2423155740910037,-64.6276736892512531
103197,11.6702200994262562,-70.2163909367362322
103198,20.6836757063328598,-77.6189612522170052
103200,17.9943582282282968,-66.7650399754226385
103201,-2.28459374656940373,-79.9041889997892838
103202,27.9143149215523145,-110.867579829171888
103203,40.7709585399896994,29.7179864097704574
103204,60.8813247071723893,6.84213462199991884
103205,43.3344717214869917,-3.02840053773474516
103206,64.155343,-21.821074
103207,10.1087000000000007,123.271331280379101
103208,10.5705943373543345,-62.2935170340204039
103209,22.1222,113.7983
103210,27.9315294368673825,34.454811122284049
103211,21.1785689774253534,72.3597915014398581
103212,6.39933625569884246,125.918752303938334
103213,22.6,69
103214,27.5243430227693651,34.0646686453012393
103215,55.199239,11.256633
103217,-21.222174,114.645593
103218,61.19,2.22
103219,53.5876645999999965,-0.732614100000000046
103221,45.918712,-82.458662
103222,51.8392369999999971,4.97670000000000012
103223,0.50864413310464951,123.062556679657746
103224,60.0338127001858197,29.954671749916816
103225,50.8009055361573303,-1.12114788775743457
101727,10.2435393963800987,-64.6395594051047624
101728,7.292769,125.713659
101729,15.5008950127794964,73.8155765789338432
101730,30.1369530326844561,-85.627338922382549
101731,-7.69169976719495896,113.935100966860333
101732,-2.08605242143776648,106.153957930528122
101734,-2.68406659999999997,111.615347900000003
101735,-5.48310976391291938,105.314224036106836
103500,55.02562,9.445646
103501,9.033,101.283
100407,71.637623159977835,128.895304798018884
100408,0.5076,122.3548
101398,10.1016354277085476,-64.8572915532606658
101399,10.2410366440048808,-64.6345263250024544
101400,29.8956075792369376,-112.698420163539964
101401,9.98873583079801897,-83.0217837465323782
101402,14.7086528069763656,-92.4027619129876854
101403,-42.7379923008037963,-65.0228338474033336
101404,21.357250775272508,-76.823169717256377
101406,40.9540630758284863,24.5417639245711037
101407,45.7951620873942531,13.2306619509942234
101408,6.46120695467246353,2.61763155668654335
101410,42.4375376515571929,11.1232569895988647
101411,40.8433788278930123,8.39728374882049877
101412,41.5876227043624311,9.29100752276434427
102465,26.786227810032667,53.3423545070412288
102466,43.3993228004927261,4.99290074062869405
102467,37.7102015178010177,24.0616168038634974
102468,4.97140504242962233,115.415912659465633
107374,38.211207,-81.51996
107375,38.19798,-81.502129
107376,38.201382,-81.475018
107377,38.135806,-81.280794
107378,38.207938,-81.377459
107380,38.207864,-81.42649
107381,38.198766,-81.501311
107382,38.219641,-81.525341
107383,38.241414,-81.557679
107384,38.305996,-81.560231
107385,38.369308,-81.607146
107386,38.37259,-81.688772
107387,38.378617,-81.78344
107388,38.428237,-81.851897
107635,38.948597,-81.768806
107636,38.941076,-81.833281
101966,49.1986548069246723,-122.91132417392862
101967,40.768,-74.007
106271,-7.256307,-64.796363
106272,56.904925,3.085194
106273,56.278164,3.395331
106275,60.491864,2.827314
109370,59.6084,5.3119
109371,59.6573,5.4042
109372,59.6754,5.4236
109373,59.6853,5.4311
109374,59.7235,5.5335
102371,36.7020878193893196,-4.41607505895853869
102372,11.533,119.108
102373,-16.3595438656806174,179.365967337938912
102374,-34.9562481166937005,-54.9472165832114143
102375,38.8,121.25
102376,4.18095230710412302,73.5054562746047111
102377,-15.5654106318929024,-74.8560935514664862
102378,-8.49970393475579833,116.670498327665555
102379,6.13642191287186112,1.28850495317159819
102381,51.505,-0.073
102382,55.002287,-7.320619
102383,33.7342017728843,-118.18467916549271
102384,47.4215247923476539,-53.8223923490559812
102385,47.5162863989062885,-52.9770536655227318
102386,37.6435,120.3047
102387,46.103,-122.96
102388,78.2296616992266536,15.6020154442532277
102389,28.81,-89.8817
102390,14.2701502442165271,121.8966536766969
106908,51.8099,4.57324
106909,50.8482,6.98351
106910,51.957,4.12978
106911,51.9639,4.09263
106913,51.94,4.07789
106914,42.5262149343401603,3.08594607297151358
106915,49.2116217690166025,-122.605546787822306
106916,33.7430483101356486,-118.273644134197042
106917,33.7586495338128643,-118.261327778683452
106918,-23.4583,-41.2528
106919,57.2983849249569204,10.921655436817634
106921,41.5146815002619647,-82.9392069596177066
106922,30.2349,-93.2478
106923,53.4682,6.20264
106924,-49.352,70.219
106925,43.9234272579463436,15.4191417581167141
106927,43.523434532579536,3.93489634986125969
106928,37.6311698472062304,-0.699508380370303717
106929,49.2923005220648491,-123.004529251811491
106930,-7.54966769999999965,139.082750099999998
106933,2.04621996825674346,117.700574695682988
106934,53.5027,9.94062
106935,50.1561,7.70875
106936,49.9945,8.0184
106937,50.0371,8.19347
107660,41.222,-73.952
107661,41.185,-73.924
107662,41.076,-73.881
107663,40.923,-73.916
107664,40.815,-73.971
107665,22.919,113.597
107666,58.1479710717494314,-5.24599592458469033
107668,49.467036,6.609202
107669,49.34,6.727
107670,48.984511,7.018928
107671,49.768589,4.732108
107672,50.760322,5.676329
107673,50.607295,5.546585
107674,50.576319,5.394205
107675,-25.2115269394350143,47.2115269394350108
107676,49.421522,2.825927
107677,49.312401,2.725416
107678,49.286012,2.510451
107679,49.263458,2.481256
107680,45.3906,29.1556
107681,51.68,7.789
107683,50.40763,4.394453
107684,50.395386,4.379928
107685,50.4194,4.548538
107686,52.307255,9.958843
107687,52.304636,10.227514
107689,52.335958,10.518467
107690,52.278521,11.407259
107691,52.515884,7.313642
107692,49.695469,6.470741
107693,52.248701,11.741706
100260,8.29173280759135345,-62.8351295527270324
100262,-32.7519832620226197,-71.4941590856094678
100264,57.4022273420104199,21.5394672341815898
100265,19.2064120664449405,-96.1352338305480885
100266,20.8969066306315945,70.3750786864535627
100268,57.8942621560711359,-5.15935644292947604
100269,35.4890729938823668,129.391380080635912
102454,61.2047513080476904,17.1290404985784832
102455,53.2940266258616759,-3.67136132106548363
102456,-12.3494372376399362,13.5504753294504567
103333,54.400556,18.716765
103334,54.5429999999999993,18.5659999999999989
103335,-0.0679441353649500174,129.365442832318934
107601,40.296771,-90.068235
107602,40.55484,-89.67389
105192,51.6241501285049011,0.793190143460011043
105205,37.105863954991932,-8.67308663768512389
105220,62.3858066822634996,17.3523352000863795
103180,47.9299390713910256,-69.5153473692295876
103181,41.349705742616834,-72.0834184725747065
103182,64.927,-23.246
103183,64.356593,-21.776163
103184,42.658969278205376,18.0849819413511277
103185,69.364,17.06
103188,34.136,132.879
103189,-23.0138312650304968,-44.0327096683041503
103190,13.45243,144.651164
103191,23.0638,113.489
105862,21.6657484241184477,88.0142536428785434
105863,60.6895688458035707,17.2188659453052679
105864,29.09,-93.275
105865,32.4078826762740704,-117.23888659017841
105866,27.8685128022251654,-97.2460736886188357
105867,27.8,-93.4
105868,42.44,-70.52
105869,25.160437,121.395764
105870,25.1181855199092716,121.240282316986594
105871,-2.7247918592434206,-80.2417862718617556
105872,64.2498999999999967,-15.2167999999999992
105873,29.760881,-93.903789
105874,41.7335885255442562,-71.1430933414899016
105876,59.7912999999999997,5.78960000000000008
105877,55.2495176942775572,14.8364173075264052
105878,49.1127165163242978,-123.161351148279408
105879,38.92,118.5
105880,36.4989328839603218,23.0244919556807126
105881,-12.2338464370460613,168.821288981867923
105882,-15.886,54.52
105883,4.56246097475287549,4.62291966791599496
105885,66.4939676299517828,12.0897103164358111
105886,49.2905721482152188,-122.898292798907249
105887,49.2995842139018237,-122.88113054490276
105888,49.291,-122.954
105890,-5.64900326885294302,132.998667932176687
105892,30.6894992541141001,131.0683750562076
105893,40.2287795897848142,25.9524593218810402
105894,-3.87875965983640247,130.878785635758078
105895,70.6301705664074575,21.9799276535725383
105896,10.5918395705261279,92.5620124336836341
105898,70.5903081465921076,22.2838357644960183
100601,61.773519,5.292541
100603,55.058354,10.619523
100605,68.2308120194939391,14.5671546930228306
100606,28.9003335525187879,-89.4373289780128005
100607,19.117575670129888,37.3438560758464604
100609,51.6152488737005299,-3.92090341175140455
100610,53.899483,14.252988
100611,-33.8655170619885197,151.199797143981556
100612,46.1419139038886357,-60.2008786568968191
100613,62.3931184674341637,6.57750871019867489
104988,-2.5,175.979
100616,53.4390124475576016,14.585525227893509
100617,13.3613404198573704,123.73761530131776
100618,13.7207089999999994,121.057526894732433
100831,50.719,140.432
105717,50.587,-126.932
105718,55.2083196287603997,-162.692737946483561
105719,57.8714226321288692,-152.865437244308026
105720,57.540738444515469,-153.985932776153106
105721,55.332793,-160.502531
105722,41.4453496493034308,12.6330674885521503
105723,41.4539203330959509,12.6608405170179985
105724,41.2537799571062322,13.6125432306404388
105725,32.8891755329441793,12.2482949598433475
105726,35.4980356278085836,11.0692513173533431
105727,57.9578661391834444,-136.229265354679001
105728,43.4388531844293695,-4.03745680876698998
105730,55,2.75
105731,54.008821673928793,-132.151485403143113
105733,56.6756264155641176,-132.936143959086564
105734,63.4480000000000004,-20.2680000000000007
105735,43.1684427045620467,3.1839813921223592
105736,7.153,103.107
105737,55.424419226690901,-5.59996852142760204
105738,55.6269245000183048,-6.19003985005939139
105739,64.8662110509276317,11.6134577819417988
103979,-6.971853761743251,-34.8404725542185716
103980,10.3886170128377291,-71.4890905717857805
103981,-5.54788431721002429,12.1927721600521508
103983,17.9260091188161361,-71.6604443399935604
103984,22.8810003096554695,-109.90737593151313
103985,47.331,-59.9
103986,7.63659246703693029,-66.2513352706090899
103987,36.5342601693633426,-6.2888600002186239
103988,11.337,118.977
103805,68.8160000000000025,-51.1989999999999981
103748,-0.505172985806320529,104.571037517269829
109418,62.8634,8.1576
109419,63.0312,7.7137
109420,63.0777,7.9034
109421,63.0758,7.9061
107389,38.477902,-81.815215
107390,38.460754,-81.81968
107391,38.492897,-81.836931
107392,38.54636,-81.957466
107393,38.401,-82.553
107395,40.555468,-79.768237
107396,40.799354,-79.516845
107397,40.687943,-79.664501
103489,-33.6406489216138453,134.878201472024102
103490,62.8477449642420254,7.11230882491016114
103491,53.341322,7.185386
103492,60.65,0.983
103493,51.827336,6.246575
103494,29.384071,-89.603465
103495,-8.85509917405682856,121.663823384458212
103496,59.6839879301953289,10.5417096960011296
103497,52.70659,5.299896
103498,13.2543,80.3524
103499,31.8468996792838936,-116.625597984220448
105391,11.6161942760712567,119.951951881060282
105392,11.832,119.131
105394,-22.3545534776117663,166.891116698647807
105395,-21.1032155514669135,164.82127932548488
105247,40.686272,-74.011814
105248,22.588,-78.111
105249,15.656,-81.791
105252,-3,118.5
105253,-10.5523467870157184,150.703282916347575
105254,9.96828263035133588,123.288728082507077
105255,12.481,120.392
101968,40.466,-73.835
101969,41.503,-73.997
101970,-32.8882040714950747,151.768230931450489
101971,46.9998535318687729,-65.5613985005543611
101972,54.9697974999999985,-1.58781079999999997
101973,50.7868798314883421,0.0553902630604340349
101975,51.5579246211002058,-2.98121724549843847
101976,33.5931546785190065,-117.879577344857395
101977,36.972,-76.438
101978,37.1080410246172221,25.3721323992098426
101979,41.483,-71.333
101981,26.2400790981389207,127.669045067070982
101983,34.0054,131.5582
101984,33.61,131.2522
101985,42.794,132.887
101986,54.8340647656297406,11.1242912174416251
101987,-15.1291740000000008,12.1358740415834081
103754,51.8787368108140043,0.93072093811860801
103755,45.858,-64.563
103756,55.1421010553298458,-6.67348053541815123
103757,44.5047921594256479,-80.2177466394646075
102564,47.2719757690499591,-2.41921633751994181
103759,-32.2153625895396871,-58.1337968242588303
103760,9.20098647052213003,-71.7451535993740066
103762,47.7994906418715502,-54.0195722667225695
103763,-45.8613573692064378,-67.4599344297404997
101298,19.5473889267044427,110.833792273585871
101312,49.4709,0.533037
101326,8.34028270348688849,-62.7163068507926056
101343,44.865364484710426,13.8376801048550355
101356,-34.9697448706297394,-54.9454379257941952
103855,46.2331999110233696,-63.1170045067410612
105585,36.1434679854287424,-5.00464628807718448
105603,-16.1599546900225164,49.7515708580366578
105618,54.2073774624367459,-0.280178910664446612
103544,-37.0736200775315936,149.90776477717111
103550,66.3144723382364276,-179.110951601935966
103556,53.239004,8.467385
102793,34.4990275545890555,133.502406911458081
104411,62.0434,5.5102
104418,43.6633126987863633,-65.8242413655466549
104426,34.773992,134.606893
104432,31.597999999999999,131.424000000000007
104641,26.258,-79.086
104648,28.5,-94.5
107637,39.094477,-81.746027
107638,39.266694,-81.686947
107639,39.27661,-81.64624
107640,39.302036,-81.564122
107641,39.341366,-81.35679
107642,39.65341,-80.865458
107643,40.19,-80.674
107644,40.160517,-80.698255
107645,40.010245,-80.74003
107646,39.982646,-80.73716
107647,39.90906,-80.755828
107650,44.386225,-68.796404
107652,41.586,-73.955
107653,41.619,-73.952
107654,41.652,-73.949
107655,41.715,-73.944
107656,42.209,-73.85
107657,42.27,-73.8
107658,41.413,-73.965
107659,41.256,-73.972
106144,50.115851,8.921649
106145,49.85966,10.222616
106146,51.525258,7.440005
106147,51.589152,7.293877
106148,51.566033,7.254227
104571,18.2323541136450764,38.2007483745020338
104572,-10.9056949833053913,-37.0471351914026812
104573,-12.782251684062965,-38.5006529587340651
104574,39.9375741315198738,9.70521978531586882
104575,56.5542026977107213,-2.58400773797505279
104576,64.5504230946812498,40.5103694406826662
104577,61.235055,7.703181
104578,57.5664198240186096,-4.04193593086531244
104579,-5.87574505709770989,107.748694140831574
104580,55.6406039605762004,-4.82491289140818314
104581,-34.4398054923584382,137.927479382337367
104582,18.4803039671514284,-66.7015395090280236
104583,-4.95445568874871434,-37.1370245057312047
104585,58.458,8.76945
104586,47.2962222146969538,-53.9826382762349652
104587,-47.7,179.055
104588,-12.7229385160083535,45.1645093524856804
104590,-52.5,169.15
104589,4.14205,100.324
104591,-54.5,158.95
104592,-50.72,166.075
104593,-49.69,178.8
104594,-31.541,159.085
104595,-29.266,-177.922
104596,-30.23,-178.43
104597,-30.541,-178.559
106678,50.4069,0.001
106679,-0.027,73.346
106680,16.8903214671744877,73.2812795368596994
106681,29.8467,-88.375
106682,29.75,-88.2833
106683,-7.28333,113.367
106684,69.7287,-82.674
106685,71.9819,-94.9447
106686,-7.81788146970902709,12.1131475749013884
106687,68.6026844384327603,14.4569944391452037
106688,16.5561510465448087,73.3381402367548532
106689,32.3797,-64.6763
106691,13.266948156765018,-88.5525356735903557
106692,68.3631171585151947,14.9318654793053263
106693,1.09310966270547416,127.970613702873436
106694,10.2039209712330212,124.677603373291987
106695,-21.4492,113.825
106696,43.0776842118128869,9.40916943509382442
106697,36.8797,-76.3309
106698,-32.7922619100226598,134.211000000000013
106700,52.1738,11.6782
106701,52.2246,11.6685
106702,52.302,8.94342
106703,15.7593125308741744,119.908763868963078
106704,18.1709479658925268,-63.0930317813703994
106707,13.057774872308892,-59.5471709159447684
106708,4.90533606173314674,-52.3611544821940527
106709,19.7460586956080881,-79.7679261426128221
106710,22.6762561333791766,-82.2907493906786698
106712,5.76808,73.4136
106713,27.8033,-96.98
106714,28.75,-95.1
106715,29.245,-94.545
106716,29.3033,-94.62
101709,8.57026966711999094,-13.0608995270942359
104450,60.4169,5.0107
104451,36.938705673157564,-1.93428329940411192
104452,18.4450531585744848,-67.160105990809825
104453,8.24297068322125881,-80.4976340973557711
104454,37.4047121709968593,-1.57405196597997454
104456,57.8701146847723109,24.347346343306846
100270,62.3422478795473936,5.83618645205586972
103157,60.0598966573072204,18.5886574617769256
103158,56.6525,12.8379
104612,-21.692,-140.643
104613,-14.7,-145.25
104615,-16.62727,-143.569246
106312,58.308202,82.928265
106314,59.067687,80.874699
100506,1.07555362117770548,104.21103077788753
100507,-0.064865,129.380224
100510,5.5,105.016
100511,-5.50459833591831771,105.327596029563395
100512,3.28460406228823576,117.58651037731282
100513,40.4661924303428648,17.2168007467843118
100514,1.365099,172.932404
100515,52.5914553990330376,-9.37560491799005646
100516,-3.2836103370671692,116.108887720979922
100517,41.0861739674129609,1.21791938042441772
100519,10.7160445103690751,122.614880433668972
100520,52.768125,-132.043521
100521,59.0635,5.9105
100522,-37.6568024771668988,176.18096558924799
100523,14.0586476923839587,98.1864793546419889
100524,4.24296135177623768,117.879451524936698
100525,36.5880243760580299,11.6980547739037934
100526,-23.8039999999999985,-45.3879999999999981
100527,-23.0625407193404257,-44.2288816171224752
100528,-11.042853763891447,-37.0170769292995843
100529,54.6737998852828895,-1.09481241028600773
100532,50.5396489999999972,-3.497112
100533,40.9742163856527952,27.5193071070954218
100534,32.098812669964957,34.7716275029156918
100535,-5.0555454061499443,39.1316308636106456
100536,36.906,126.225
100537,62.2347438416492906,7.41541366537092728
103806,-10.424,105.6707
103822,-35.1059485336437831,116.148253842225117
103837,25.3001545139687849,60.5963494500325268
103852,47.192235,-1.596535
100604,62.345,5.234
100615,53.138723,48.469691
100629,58.205862215006789,-6.38835363343940799
102380,59.9288624523526749,29.7789143232864433
102395,-31.9075221202657779,-71.5110556270584965
102411,-26.6411584993057922,15.1541537071029033
102426,50.655516,5.629605
102439,57.897,7.047
104752,-22.8851864054953786,-43.1358608810561535
102568,10.6993788707887916,-71.5237513976363317
104892,6.7039540613154287,99.6462544022209045
104908,-6.96431415622572558,115.927422558939199
104929,22.9237127885650231,116.368229450732926
104946,4.22100000000000009,7.39389674503849026
104964,57.2789,-5.714
104919,1.64238478972286872,7.424580636053836
104974,6.706042,143.066061
105384,59.98,27
101908,29.875428,121.556228
101909,68.533,160.816
101911,64.266,7.2
101912,51.817948,143.164242
101913,40.868,141.128
101914,64.4960140664254169,-165.433985510277694
101915,9.82166465998228233,125.61926041262663
101916,29.9920533999999996,-90.4120427000000007
101917,53.6264,7.1583
101919,61.9074524706286695,5.98460338361615296
101920,69.215943183442235,19.5403103143929506
101921,63.5647418467143765,19.482871755720101
101922,65.601711,-23.789976
101923,36.9153842555926062,-76.3384341740071477
101924,-29.033,168.033
101926,66,8
101927,-8.22124207654540129,157.198738962535913
101928,57.0538640553634409,9.92154681266580596
101929,58.6203922184655966,16.2493786794614685
101930,60.9371066832070554,17.1515783408482569
101931,59.7575890635431861,18.7140369832017548
101932,1.96122993958725567,125.24636225332867
101933,-3.22345031692670858,116.282807054310027
101934,52.481,4.5
101935,18.647,105.706
101936,-34.317,173.035
101937,40.9489167717059956,24.4810428986400872
101938,40.238314821048121,23.279435390515939
101939,53.6079231000000007,-0.719714799999999988
101941,35.410064,139.649969
101942,-18.6528,-173.985
101943,-41.2602891120473387,173.273453564190703
101944,38.7709566460255104,26.9225383745345113
105740,55.725,4.8
105741,55.575,4.76
105742,43.734426227113957,-7.8646941759975002
105744,38.9745699288251473,1.30212024683660688
105745,40.5570053398779393,14.2428249805108482
105746,40.6270401885779648,14.4862950771697303
105747,38.637354874296264,15.0781360646029228
105748,38.0387649578158005,14.0379093221435181
105749,38.7974681969224164,15.2402222248902603
102415,-15.5159819293465517,167.185611472892646
102416,-2.87690696182419181,-41.6658145221093292
102418,-14.9836717237854007,40.6512948186225103
102419,59.5835855774136078,25.7021079909051799
102420,4.2572,100.6562
102421,44.917,-0.249
102422,0.400200955284703785,9.43272305903198394
102423,0.46321074866310008,122.005599403516641
102424,37.0886513004144334,13.9412858459193618
102425,58.51,13.177
102427,16.134757,108.129064
102428,56.525131,20.992041
102429,58.2482,8.38005
102430,34.652755,33.031466
102431,48.997,1.724
102432,14.5335582794126843,120.61288679966006
102433,4.01074259240321762,9.19435542657189231
102435,52.65884924435138,-8.64623097325394774
102436,17.6954777607817775,-64.7492130175393186
102437,55.5971224854637924,12.9328340469920882
102438,6.01758792488342742,-58.3009381597941925
102440,-9.99986418552761513,39.7194450718853034
102441,16.0193605492831317,120.211046440845649
102442,38.4640793286947726,14.9571596569778258
102443,-34.2697399621464811,136.264610800445382
102444,-36.7078509414227909,-72.9817135356092024
102445,38.6916689364953541,-9.16477106191415558
102446,20.1538893101810466,40.2388726350183248
102993,61.23,28.8188
102994,56.199,12.55
102995,55.7218641182163665,11.7185767044070452
102996,63.3198676881140017,9.14449036458795206
104749,23.2436485490133045,68.6062706320055327
104751,64.6620000000000061,-14.2889999999999997
104753,24.8173892463688084,118.722084064576393
104754,-51.2517398773566839,-60.6014888014401265
104755,-51.6901388562141335,-61.2841409373629986
104756,42.1192327757802758,15.4976368708665095
104758,46.7856102318763192,-56.1639901572151388
104759,-1.8783962434625463,116.637831820185681
104760,10.5777628039718437,-64.2676990229209935
104761,22.896833,113.579768
104762,38.6942279544144725,-9.41601961140995769
103635,-7.29130284929139272,72.3972720544460202
107454,38.129809,-85.905893
107456,37.53,-88.071
107458,37.787025,-87.935855
107459,37.064,-88.073
107460,38.226389,-85.849167
107461,38.261207,-85.835095
107462,38.268452,-85.831929
107463,38.28189,-85.809099
107464,38.20029,-85.880125
104030,42.8634673011592895,-78.8808456159697471
104031,-10.670803,126.103669
104032,46.0756,30.4717
104033,8.50842425798443358,124.750738416014983
104034,-5.43343380893840244,154.673390381227733
104035,-3.0996476840135645,130.502572016681626
104037,12.1917445969398148,-69.0275340426628219
104038,-27.4141363307715054,153.143384603823222
105789,11.304,101.221
105790,5.09,104.695
105791,10.184,99.445
106309,56.26301,83.985575
106310,55.213457,82.874034
106311,55.0190468999999993,82.8992199999999997
101037,18.4320280468636675,-66.1007956687382858
103259,65.948,-18.204
103260,-7.15584337228120315,112.665289508350767
100926,69.0851872506801925,33.4145747536442528
100927,37.353946,-5.99341
100928,60.1166330631205454,-149.426448336058201
100929,40.54228,-74.250965
100930,65.264723,-14.008652
100932,-23.8122649457053548,-45.3974849026331029
100933,0.347328962674229857,6.73594645654551449
100934,5.91860629462422061,5.65632185263704024
100935,51.478167,45.976274
100936,13.8739404331508656,121.574933189963062
100937,2.13501340000000006,111.520989599999993
104655,38.5,-74.5
104662,-41.967614350646592,-65.0206254714595815
107347,38.584815,-85.42352
107354,38.372934,-82.593292
107362,39.649525,-79.989192
107368,40.616271,-80.630688
103136,34.283,133.183
103142,56.714001,10.117574
105177,59.2371,6.1787
100994,36.9620653771843166,-122.002019730440608
100995,39.4515810877804753,-31.125370506979479
101108,64.8585240000000027,11.2303359999999994
101109,-32.9863,-60.6105
101111,48.71972273056749,-3.96489107086769987
101112,15.3125105138356634,-61.3900261508317016
101113,59.9855,6.006
101114,41.556079,-73.977218
101115,55.6511304588486837,12.0781541076873395
101116,58.1,-1.433
101117,52.255469414991353,-6.33748712170765671
101118,54.149984062540014,12.1110672253321443
101119,47.21,39.701885
101120,56.021883,-3.443998
101121,36.6172324578713742,-6.33074409821135209
101122,51.8999999999999986,4.46600000000000019
107785,40.765146603036861,29.5248724906166977
107787,40.7531152445294182,29.7459732513029742
107788,-5.22119146970902737,10.2351475749013883
107789,51.75,3.202
107790,42.7169999999999987,133
107791,11.968,119.315
107793,57.1715134294032694,18.4914166432978817
107794,17.1291310877331995,-61.7564190638316504
107795,51.86093,-2.25421
105032,59.591,1.544
105039,30.1423252636179662,130.243099586955907
105046,34.0087080554231918,131.005454473916814
100614,37.4372000359216628,24.94030208662452
105256,34.847597400638783,24.1185383205395318
101974,43.1169399000171367,-70.8107229051217502
101982,42.22589,130.287133
101988,34.1211,132.9073
100595,33.374,133.285
100602,59.6196516163668662,10.4093407555889819
100608,-22.6807800009031872,14.5190197715693294
104750,28.4735752313181933,-11.3552372383073141
104757,32.131955,130.339024
104763,29.9403100063858787,-90.3132076912932291
104940,37.8350306323709233,15.2849824034409085
104965,30.768982,121.456869
104972,9.515745,138.125838
104977,7.643,149.412
104983,-4.509,-172.188
101583,28.6447055310601968,-96.5537772917514587
101591,-38.0960208674726744,144.538775613430403
103948,52.57548,1.518554
103955,-25.8417660180759476,45.1582339819240488
107077,55.9027734172732949,-130.010359239473985
107083,-64.7782,-63.3633
107089,-64.730400000000003,-62.6152000000000015
107096,-1.34245,-89.6549
103537,-33.0280210241179546,27.9126484971860478
108161,47.8096,-53.8838
108162,2.66552871662157731,117.862930362372637
108163,60.1520087908922108,22.6101075415143029
108164,-1.27458704101173104,-48.4892849237842256
108165,67.3019260063230149,14.7095442086335293
108166,59.3242,6.4288
108167,59.5417,5.8673
108168,59.3695,5.2937
108169,59.3632,5.2853
108170,11.4122,102.9394
108171,16.1871451418889478,120.420142777435146
108172,10.5617,107.0125
108173,24.5243457908342002,54.3877325186263931
108174,25.2097,118.9646
108175,4.885506474525112,114.943535274500832
108176,53.7375323476848763,14.0518039137843083
108177,57.610605292733041,11.6685381666017225
108179,-2.18329949439170701,104.915868889090078
108180,18.6427729841033596,-74.1102831476635089
108181,10.2154000000000007,123.764591602361492
108182,-3.17482809357240248,100.455194426914474
108183,60.3355,5.6298
108184,38.9790180838961149,-76.4777350512882492
108185,55.6084831425887458,-4.68419535344582805
108186,36.8332225045512089,35.8906875312344908
108187,3.46333000000000002,5.56056674503849102
108188,15.9540380457538973,-61.3207017873213545
108189,-52.9,-71.56
108190,-24.1778,-41.8845
108191,54.9520426853699959,12.4646752116833106
104457,34.78223,134.463
104458,-21.308889,115.228056
104459,-18.8512,-159.811
104460,38.254124318387916,22.0790343191924983
100734,-6.3319914697090276,12.2289475749013885
100735,4.83780316930020415,119.642353774412754
100736,39.224,-76.5
100737,-35.1630468598340187,136.655755360068298
101425,43.3202846124251195,-3.01497348900935114
101426,60.3047989423608897,25.5536864945792992
100740,43.5040160064217147,16.4354220871992034
100741,-42.5471652042418924,147.929186778292603
100742,53.5462462606566234,0.226467806516374548
100743,49.6830422950885335,-123.173663650674044
100745,1.191,103.85
100746,56.341098897722361,-2.77578362962324565
100747,17.9025259597335804,-62.8529572250000825
100748,48.5324905563064206,-2.71422114674746462
100749,17.7226257695925007,-64.8982099397231025
100750,-20.870637,55.451501
100751,17.4962255387597168,-63.0061773719954843
100752,48.4422987213281786,-58.4768230537743605
100753,49.1809999999999974,-2.1120000000000001
100754,45.8707060375830622,-84.7274504149813623
100755,30.091,-90.911
102490,43.3658499107733704,-2.49950946129262208
102491,52.5044,5.4201
102492,-8.73192049446950058,116.071449195265359
102495,63.5157113721613911,9.81076393177620254
102496,61.1013045182584946,7.46219097313243296
102497,60.167568,-1.157568
102498,18.1895586709906105,-73.7482156281502341
102499,49.448,142.117
102500,-4.2236,-69.9456
102501,63.751965120298479,11.295391243696054
102502,51.023745,6.973509
102503,-17.6870116355618379,178.837541142317576
102504,38.783,-75.133
102505,49.2473796533256021,-55.0512607602680433
102507,5.16729564655479656,97.1509313497462443
102508,-17.6031266145383505,177.440305594002467
102509,22.9653,113.504
102510,18.6904103820850302,-72.3572904470350835
102511,6.45453946292966574,3.37637951173923101
102512,10.1209437992577893,-71.2611303722163996
102513,5.01700807350271472,118.355234353972349
102514,20.881,-156.68
102515,50.304281,7.599879
106192,-32.7619106242879425,-71.4964037070520817
106193,-53.124383528261589,-70.8575662009820064
107000,-16.8002684257204713,39.2888405956994191
107001,62.29493,-7.090203
107002,3.53041,103.469
107003,-3.36118840147239473,116.430993437090564
107004,40.7797244227848736,24.7019628595431513
107005,9.46214479700773126,118.196783166351196
107008,59.1022,10.2298
107009,12.6688,109.404
107010,29.8916,122.038
110835,10.548464546743723,107.02247825833278
110836,17.287390075954818,73.22957615842373
110837,-66.28502126331004,110.52843348663748
110838,-68.57786641313758,77.9625793765519
110839,-67.6001688330381,62.86782409084373
110840,60.58682080038677,5.181636499836164
110841,54.892093166869195,10.4138105134880344
110842,40.726779475068135,29.491691420114204
110844,62.47686155183923,17.343113107526225
110845,60.6893249809573,17.285027957827765
110846,23.805493733635604,38.40129822956083
110847,1.2972648420095114,103.73209605273952
110848,22.31021447159293,114.15744458369169
110849,0.555329545741078,97.82177119920799
110850,28.716323895151955,48.39546855584161
110851,5.285572276241069,-52.588263013106925
110853,36.67358279738599,121.23493071104718
110854,60.45404200545443,22.03507911955999
110855,-12.750005652184326,-37.08333405615846
110856,72.6,-74
110857,62.14972422791457,5.305544390739777
110858,60.160155532362374,5.6832945537113995
110859,-33.83949009610722,151.18602804634057
110860,41.59035297493438,32.08286390756081
110861,22.961740387813354,116.31792760309392
110862,50.5646603304599,7.277626300563384
110863,23.705024634407092,90.40960265609502
110864,23.657420863039867,90.45544187537145
110865,50.89955647111222,3.365979212764708
101945,43.329,145.571
106778,43.0797836157507703,5.78600117113124224
108541,22.769,113.629
110722,1.04432,131.25861
110731,62.12635,-6.73002
110739,62.23985,-6.93427
110748,52.967,-5.596
110759,64.699,-14.346
110768,63.3519,63.3519
106091,34.62698,135.408863
106092,34.625797,135.411251
103622,40.7488509555729976,29.8335240316111125
107160,40.797206730750375,13.4349563203361555
101164,10.172,106.843
110834,10.172582613126297,-14.02901556253278
108067,32.6997,128.8553
108083,29.7772,122.069
107798,34.9515,128.3263
108828,61.145,5.6562
105257,35.7515283981489418,23.4330426057235748
110210,60.49923,21.61366
110480,26.6058,127.9244
110623,34.8554,136.6188
108341,68,12.5
107033,-16.6005331830830585,11.7728709150665214
100432,1.05047398107524392,120.800258381022758
108613,64.8924,11.7657
100965,58.8840678799863895,-3.08014139028521416
110253,34.78493,131.92435
105524,43.8760400064291929,8.0296480903625973
100293,-54.8072687972597024,-68.2917925499376537
100334,12.697,100.837
102727,54.6349157909432392,-8.43935147962689314
103566,30.8437391468706892,29.0013975894893221
101196,15.7486125121044385,73.6547627313757545
103676,26.5097376052580636,50.2106116599630852
103714,18.7302183805095659,-87.6874951231304607
101638,69.7057209328672798,170.259018252950227
102031,13.5189540932917502,122.401826135105111
101780,64.9996303922859227,25.4147972037159846
100854,27.9272402582130006,35.2748151062092887
105550,66.749656200000004,47.7598024999999993
101157,45.5456676860438137,29.7558670020496088
110130,51.8192,5.004
110139,40.2217,49.6424
110146,-33.945,25.729
110160,65.7483,12.5405
110168,53.0415,7.3183
110176,63.5065,7.9737
110184,69.4823,17.5715
110193,64.2483,10.3198
105753,10.662,-61.627
101338,20.655969442403098,-105.244030587432349
103199,-29.9718956465466988,-71.3540729265266975
101550,11.6830240990752792,92.7185736124740032
105008,-8.4622,117.3734
108125,61.2107,17.1643
108143,55.8703927906342557,-5.31664279661263883
107715,7.73300710100656374,-59.8794882750587334
101218,64.1598780000000062,-21.9299619999999997
105151,44,34
100341,8.75073981163670211,78.222852223727017
106813,37.5638255217977672,-1.2556733051415665
107792,28.117,121.122
108160,11.05,-61.5833
108178,57.9227,12.0605
105913,59.4993845452181986,24.8126748736336715
104096,50.404442,-3.513131
106350,-4.841153,-66.851
108439,-2.64227103834890098,152.022032712079977
107694,52.456211,10.638709
107696,52.542156,11.980709
107697,53.241999,10.483665
107698,52.5204420000000027,13.3172239999999995
107700,50.08173,8.528774
107701,51.624744,7.328721
107703,51.601598,7.493801
107704,51.6342,7.617089
107705,51.793695,5.049055
107706,52.386336,4.658374
107707,52.221494,6.85703
107709,52.225843,6.593833
102829,-2.65739578157940581,109.068490287592979
101712,37.0871018337189255,25.1509467535936828
101713,-6.94899146970902759,12.3959475749013883
101714,55.9209167867067976,21.0440010420015966
101715,59.3325549916399879,24.0796371841337589
101716,1.04579882645675148,121.955177392807158
101717,-2.98606351600416886,104.803846817055259
101718,18.2334097103391066,-70.1631110417892785
101719,38.1280238975515573,13.3722031163483823
101720,26.768713,-80.050182
101721,39.5566732935349492,2.6352516894268545
101722,16.754032,-22.982334
100475,16.666,96.25
100477,-21.6133036429703722,166.248428028689602
100938,36.6811958648399496,36.1959031972276151
100939,42.9840230019823224,-82.4122243147431846
100940,59.270591,11.092061
100941,39.083818967145227,9.05324257038037494
100942,7.126318,125.663461
100943,33.16109,129.712298
100945,54.5095696741805611,13.6381852993537649
100946,12.625,100.913
100947,-3.815198679460305,115.47858280294335
100948,59.6461,6.3556
102402,52.4741498814672838,1.75676170652763441
100951,42.065,-73.927
100952,46.51533,-84.375232
100953,37.8789454462627901,-122.508441884079048
100954,10.9936893902061321,-74.9681698246386219
100955,32.08,-81.068
100956,44.3161646533764184,8.50105975660938995
104461,41.9213350854258522,8.74285776772328482
104462,65.664186,24.517492
104463,34.6430000000000007,134.978000000000009
104464,-6.27117991393739693,149.73824863965342
104465,39.784,140.04
104466,64.313953,-22.080875
104467,34.6,32.95
104468,65.6940000000000026,-18.093
104469,20.139219813455302,92.9030592563391622
104470,26.3009174473971292,50.232312124096012
104471,28.0570631729801967,35.1687090847130648
104473,22.5801193904243398,59.5287126835379397
104474,19.1230296066322794,41.0724476270356007
104475,26.668,51.571
104476,26.5923,52.0016
104477,26.2245079532932941,36.4603545475566264
104478,61.2189219791847918,17.1678550386820739
104479,21.3996235580378702,72.184940720704148
104480,36.5391249451080427,32.0022540049795907
104481,58.05,1.033
104482,-3.97707639363592769,115.535542932739261
104483,-35.0397249267495141,117.906695173639065
104484,42.622786,-73.757667
104485,40.571614895077893,0.55261235783966467
104486,9.73543553773895987,123.514204048641332
104488,40.7674265625071754,29.5384618052546486
104489,-23.9185153843593419,-46.3622796329565929
104490,62.4694,6.1508
104491,31.1897996765247001,29.8665659038524822
104492,40.837842683568006,25.8975418965002042
104493,36.1452774881315193,-5.43243838093677667
104494,36.7640090440615026,3.07304098702028305
104495,17.9474756513517306,-66.2261821819454184
104496,40.5642841023251535,8.30726603542619735
106443,31.3605522526551148,27.2485411665704405
106444,28.937076594213611,33.1682679999999976
106445,0.786390808164316168,128.202810449820078
106446,10.017,139.791
106447,9.18415255345908399,125.529329107392641
106449,-5.10601413228096401,-36.3176890494873561
106133,54.1311639958717095,-165.78586633525137
106132,52.2316048777929609,-174.172803419113507
105995,58.1631,8.0437
109994,62.5501,6.274
108942,32.1913,119.0322
108943,44.163401148271987,-76.8017050289931973
108952,24,-80.606
108953,61.4907,5.1691
108954,61.5059,5.1143
108955,61.5036,5.0981
108956,61.4753,5.2784
108957,61.4671,5.3136
108958,61.4786,5.376
108959,61.0985,5.8255
108960,61.1051,5.8539
108961,61.1116,6.0423
108484,42.260587000000001,-83.1120300000000043
108485,43.0779342558124512,-86.2296186018365773
108486,45.9139174814444573,-83.2230658257767288
108487,62.9689964316224149,7.35742102957280153
108488,65.3721127802916158,12.1926084922015647
108489,51.9115,4.58
108490,51.6955,7.0975
108491,48.6071,6.1093
108492,49.9917,8.306
108493,48.7890259999999998,8.03377099999999977
108494,47.5582,7.6392
108495,48.755,6.1477
108496,49.2919,6.7656
108497,49.6134,8.434
108498,51.8955,5.6713
108501,51.7973,5.0505
108502,51.7881,5.0556
108503,51.1619,6.838
108504,51.7764,5.3412
108506,48.0364,7.5686
108192,55.2519676553585839,12.3748060973377214
104997,23.5663799999999988,117.131604999999993
104998,64.375,5.25
101387,6.18163092031177097,-67.4745201196147093
101390,15.8288749495830672,-87.9363791301908861
109880,64.4934,11.1698
109881,-5.5163,122.5547
109882,-1.209,122.63
109883,-1.43961128104831571,122.431596388805019
109885,9.509,125.892
106210,51.262981,4.331619
106228,52.8185775331211076,-169.467825393320737
106259,29.20466,-81.007477
101011,-15.140154056307507,167.120143481327034
100931,45.1160036877229373,36.5375934991680609
100944,4.95041908159553046,-6.07728043373276972
106749,45.0265683937761665,14.624799653999295
106762,43.1714229633701976,16.4401495836177354
106775,43.1077539544358075,3.10092132504806051
106788,41.575532740994511,2.55785594541271077
106804,38.586626336715895,-0.0553061779171291901
106820,37.0823712981665707,-8.25973699517193261
106837,51.8059,5.46785
101282,9.96887821193779544,-84.8303322314212238
110908,-24.59253,-42.56728
110911,-25.22704,-42.57025
110912,8.85006,-59.58326
110913,8.78393,-59.4662
110914,8.68284,-59.53289
110915,8.5834,-59.64987
110916,27.32041,35.73695
110917,54.63241,-1.1868
110918,66.6484,-107.67919
110919,50.21176,-60.68932
110920,59.49179,24.49946
110921,47.35416,-70.29919
110922,34.28949,120.28101
110923,7.3847,115.85396
110924,-20.7457,112.64407
110925,55.04763,-7.24749
110927,66.7,-55
110938,0,0
110939,0,0
110940,18.52687,108.67242
110941,-11.21481,41.1348
110942,34.20871,132.23824
110943,0,0
110944,8874,5558
110949,29.98639,-90.39921
110954,49.46899,-0.55191
110955,-20.45987,115.00824
110956,52.27795,5.02151
110957,-24.95208,-42.46837
110958,-22.23051,-40.3328
110959,-24.78901,-42.50973
110960,59.35441,24.04143
110961,22.99491,116.54343
110962,8.19342,-57.00321
101019,61.2610939225219582,17.1746013633406669
101020,41.3050047053116458,36.3427475120238768
101021,12.573007,-81.701495
101022,-33.0308504000237875,-71.6249164627171666
101023,-40.7954035289916561,-64.8879324414695589
101024,24.78412949371398,-112.115395643508009
101025,10.4760890815902314,123.421736132841531
101026,43.7086848501888099,-7.46345011749784693
101029,36.4979730503266424,-6.1835370377383736
101030,10.2803410577065168,-61.4716757326230478
101031,16.615524829730461,120.305394343569247
101032,37.811,-122.405
102070,-34.90407468873265,-56.22175312644494
102071,47.2987522818034947,-2.14375608648749028
103775,45.83205038427635,-73.2841884979941369
103776,30.0132036256261578,-90.8315279699945677
103778,-15.4592489765763492,145.249630726645165
103779,55.4555623226317493,-131.482567859351917
103780,43.3660393067638026,-124.211460383434954
103781,55.7040994854626632,12.6241099205826242
103782,-29.9541141239693225,-71.3323332051093359
103783,42.9433264984819871,-9.17850839175954825
103784,39.6331745684843284,19.9028414271172487
103785,37.9441831096142579,22.9341812021410227
103786,12.4805976739199771,-87.1679242270834038
103787,51.8996819652039107,-8.45770180364092816
103788,48.9596211134910746,-57.9426543107610641
103789,44.4066225749840982,8.87428912971935802
103790,47.95,-4.116
103792,-37.0342404716502145,-73.1671645150363048
103793,9.95999879985303771,76.2811471924043332
103794,32.191,119.642
103795,45.22674705225824,12.2760556119768722
110866,0.9337248260733999,102.30481507146686
110867,20.84960480208425,106.86633880889785
110868,8.008133674705762,-56.91320320162493
110869,54.833443017963134,14.000075373570507
110870,40.722581632028074,29.87694172206271
110871,41.361345855061046,9.264712339623124
110872,57.44879699147169,17.140862902060984
110873,29.770931326177216,-93.3413492271151
100394,58.31072,12.31828
100409,51.4578436527828487,0.350199454468852367
104973,7.359,147.035
104975,5.7857477067620211,157.145672793496999
104976,7.35025641820209419,149.203519038088643
104978,48.990744,2.093134
104979,-4.674,-174.521
104980,-3.586,-171.515
104981,-3.598,-174.128
104982,-3.126,-171.088
106706,13.0835,-59.6135
106724,10.6280911482733202,-61.5162459047284997
104672,20.298,111.01
104687,56.8884694041112269,21.174097512469249
104702,48.099054316643894,-66.3491399102803996
106829,47.5424,-2.89634
106831,47.6278,-2.77955
106832,50.4955,7.32195
106833,51.2012,5.98376
106834,51.1935,5.95118
106836,51.7521,5.85143
106838,51.8158,5.39746
106839,51.8024,5.37776
106840,51.7364,5.13534
106841,51.7119,4.80897
106843,51.8989,4.46856
100271,68.1229811597504664,15.8724560900363088
100272,22.4665245999999996,88.1185549000000776
101273,61.1262707956223537,21.4562793581118392
101274,44.4715428625063893,12.2557374390643865
101275,-45.870489,170.543633
101276,12.636223,101.302965
101277,-7.97483487890653464,-34.4498656575534525
101278,-35.181,-56.254
101279,-8.04287101957605977,-34.8699501145591526
101280,42.7344707094042704,-87.7747232767676451
101281,-50.1161274738053137,-68.4059532256896432
101283,11.6982985921680971,-70.2192894881576279
101284,51.4726572983542496,0.244585025093817743
101285,19.7968083692633279,85.8338187924470191
101286,35.1,129.083
101287,21.4782446513063476,89.5
101288,54.502,11.228
101289,36.9167664534834188,21.6949675358841674
101290,36.9785,126.8207
101291,39.019158,125.75949
101292,22.3503109104949402,39.0873874991904842
101293,26.5427701029805192,50.0346291100453087
101294,50.9649374999999978,-127.7465002
101295,26.5789256527717086,56.5804576912942139
101296,36.018096,120.234656
101297,36.083,120.3
101299,39.933,119.666
101300,47.4924095122717489,-70.1678420379126067
101301,4.33300000000000018,7.98189674503849034
109422,60.7927000000000035,4.69369999999999976
109423,60.7897,4.701
109424,60.9099000000000004,4.95920000000000005
109425,64.283640765829432,10.3128953336079512
109426,63.9134,9.8264
109427,63.4698,7.8556
109428,63.4674,7.8472
109429,63.4763,7.9515
109430,63.4577,7.8561
109431,62.3517999999999972,6.93140000000000001
109432,62.2876,6.9903
109433,62.2965,7.1239
109434,62.3006,7.0854
109435,63.8,9.6042
109436,62.6416,7.4486
109437,62.5967,7.3677
109438,62.7369,7.8775
109439,62.6431,6.548
109440,62.6444,6.5568
109441,62.6648,6.6968
109442,62.6908,6.8688
109443,62.7281,6.9393
109444,62.7383,6.9377
109445,62.7358,6.7474
109446,66.1185,12.8142
109447,66.1336,12.852
109448,66.2358,12.71
109449,66.2564,12.8928
109450,66.2989,12.8138
109451,66.0309,12.4815
100478,36.4180895051123059,25.4277380783933893
100479,56.9532680952218016,8.69916374528461667
100480,38.2172200106352662,22.9442452556399168
100481,62.0033892039887959,-6.76459067106616452
100482,56.372251,8.119829
100483,46.3331242649122927,-72.5452459014021969
100484,76.538,-68.855
108650,69.6051124865755497,19.814611919243184
108651,-6.02947732501279088,105.931851852146494
109375,59.6916,5.543
109376,59.2321,6.0083
107011,20.7147594386209235,-75.5486573421765684
107012,20.6920667603973243,-77.9738644285285289
107013,35.1435,32.8368
107014,34.7506,32.4144
107015,55.8107539722992598,11.8769346824397068
107016,1.01848265556659578,-79.6657658569947671
107017,42.2528418185867878,3.17734043245271147
107018,64.6545769015649228,24.4094633184946019
105642,41.8118060562218403,19.5884792726599848
105643,70.4835066854726051,22.1607035265801429
105645,-20.5056070213787791,-29.3152736522369715
105646,29.821856,-93.34141
105647,50.5727051078201768,-2.43449780516637437
105648,5.99516638249424094,5.46107122892962327
105649,33.976,131.168
105650,-46.9,37.747
105651,-12.1374989195729164,131.127750844458006
105652,55.824024,48.506977
105653,65.5890071926105094,-170.999473255171949
105654,31.4982558056710786,121.384384603591585
105655,60.693924902494715,21.012588191176807
105657,-19.687878,116.725584
101736,60.4410185287613615,22.1268652750232562
101737,-3.14690497471928099,116.134045584248071
101739,43.817,-60.732
101741,53.095299,7.371437
101742,14.2816754705080058,122.791066762189345
101743,8.39928178032806727,-62.6311489770837326
101744,20.2717849573629962,86.6717138757515215
101745,60.2828874181220087,22.2903123956180771
101746,5.81181071530618976,-55.1654536166103355
101748,-31.7026000000000003,-60.5191999999999979
101749,-25.5016048564814923,-48.5169850885499017
101750,5.60986871709131307,-55.0873072045197816
101751,-4.01337975831309635,119.619292276732651
101752,-0.811718953486923245,120.180007366783585
101753,-2.625053,-56.737872
101756,41.8429667549453939,3.12437830630695412
101757,63.2835343007680322,18.7222527071584999
101758,-8.89613182160666227,148.493851205215918
101759,8.49025814868373985,123.806270746292199
101761,61.11323613568306,6.13301184865703153
101762,42.3514488750462803,14.4164497296176108
101763,30.928398673149033,130.879534527523617
101764,60.5847,7.0296
101765,34.64826,135.415566
102209,-25.9634631686174764,32.4969806739928302
102211,32.945572,129.599997
102212,33.3529250117728893,129.719424146246894
102213,33.847326,132.697395
102215,14.1893191315449787,121.737476679962526
102216,-8.61435213038259562,122.219796580691508
102217,58.116,1.716
102218,22.484948007116873,113.86732184283956
102219,26.006903,119.482177
102220,16.4727660853074269,97.6189186581844268
102221,18.2217459727569278,-67.1695982848771393
102222,16.3456658890273303,42.7771780174489109
102223,-3.4153183247196699,10.6509381571598212
102224,30.3906208033899468,-81.4336492736752291
102226,-15.5,41.0856123260418755
102227,38.2626817097583327,15.6819082028972847
102228,44.6083291770509547,-80.5891262944137878
102229,8.901683725520531,125.024628659577871
102230,37.9683099769691594,23.4043355610575254
102231,71.036272320224441,27.8457572700432969
102232,-23.0831230985449558,-70.4175524324757731
102233,-37.8200693582392873,144.912393199649273
107523,37.027901,-89.354474
107524,37.030682,-89.361844
105729,43.3977209055793551,-4.02862607584552634
105743,4.166,106.228
105759,39.5439,-75.7125
102333,-0.951365578651742649,122.794730631467246
102350,57.670662894927041,-2.50021732215590387
104122,43.126173,132.323412
106022,30.2272264681151448,-93.245363605595017
104455,29.646962615957392,32.3572021826182876
108507,48.0297,7.5675
108508,47.7857,7.5255
108509,51.1432,6.8035
103454,43.6476899749664682,13.3937721554872127
103455,56.888,12.4753
103456,41.7095217596283945,-71.1651552421107425
103457,50.1575483254352648,-5.05691734594225828
103458,35.130779,33.942329
103460,23.104253,113.235509
100539,47.2033208038926801,38.9521004187392919
100540,9.64935031103646068,123.845218409135924
105235,-66.665,140.018
105251,16.285,-80.831
101980,35.033089,136.840669
103761,51.175287,-3.056011
103777,53.2816728342439276,-3.826458937231215
103791,45.0170285064497619,-74.6552232913603291
100498,2.97392810000000019,99.8084237000000059
100499,0.533021652422338676,117.660908237218834
100500,0.033661689309487694,117.534486705326472
100501,-2.74759962278081593,107.628633624285101
100502,1.354641,103.546335
100503,0.904917190628374057,104.436047802057985
100504,-6.09252520268711883,106.88391037681501
102115,51.9460436109602242,1.08976969172258342
102116,32.604378,130.468167
102117,32.3715851754954755,15.2225561611725393
102118,21.4826917242338347,72.2458117653943503
102119,39.633,141.983
102120,31.9187000000000012,131.469524000000007
102121,35.533,135.2
102122,34.495817,133.739427
102123,-6.81470138302424377,39.3688519961578152
102124,66.3258573445428965,14.1365847970469947
102125,20.6553047420966145,-74.9087235334940971
102126,-5.96499146970902761,12.1289475749013871
102127,30.725807,-88.041922
102128,-15.0292933811136198,40.7355975414075928
102129,5.62937333145950358,-54.4090511526441887
102131,2.02450268261015953,45.3417994595212477
102132,33.7269828854825349,-7.38835730275397751
102133,10.003203584344261,-83.0776467865968726
105358,-1.809218,-53.481342
105360,-1.17120077013278356,-50.487732299923465
105361,-2.19429909570063097,133.691416397269762
105362,40.708,-73.977
105363,-35.0146783613632451,20.0035841459369408
105364,15.8235694312270709,-88.748102492085934
105366,-25.4386778809634819,152.971000000000004
105367,-25.2929429981699627,152.913511109719821
105368,45.6414677778370788,-61.4178982193337006
105369,21.363,115.425
105370,11.989,105.469
105372,16.735,-169.53
105374,8.704341,171.22377
105375,9.459605,170.230703
105376,5.91931958880750919,169.640877042477285
105377,11.403,162.367
105378,-14.4596,-146.056
106845,51.8946,4.39657
101683,37.3238148845587148,26.5448315425163024
101684,38.2593493452618958,21.7359187032158481
101685,45.198439,-0.742718
101686,39.84853,-75.2697
101687,9.40411019412522364,-79.8253664655504878
101688,36.7590995286199984,36.1915797435726105
101689,-32.3123951484254235,-58.1029766658791686
101690,9.1184,-79.7962
101691,22.6454,113.7318
101692,-52.9439,-71.2145
101694,8.36233434688172039,-82.4371968118224316
100395,-1.459486,-56.382334
100396,45.226216,-0.744438
100397,69.6480266261350351,18.9637920314374959
100398,63.4421932470276957,10.4077777630786112
100399,55.5498891620317465,-4.68333518281393246
100400,49.3642866852069417,0.0819209655910951573
100401,15.923617,-85.950906
100402,53.6607263090922117,14.519225580093206
100403,50.6837550999999991,-3.47215439999999997
100404,14.6947260606611039,40.9614606789624958
100405,51.912157,5.436052
100406,16.119017,108.213694
100173,-41.2731902587085742,174.789174248438883
100174,28.027916,120.646261
101569,26.0968420412529376,-80.119990499253845
101570,-38.3873901586331527,142.247625033660739
101571,47.8571500664809761,-122.580323904420453
101572,-0.68931773257188611,8.77529306069148873
103796,38.3698796282451511,26.1398223478786491
103797,8.95167048477281924,-82.1118503032327567
103798,55.377,50.615
103799,35.008595,136.833797
103800,22.3075459798028,91.8060804290534378
103801,22.4573999999999998,113.896000000000001
103802,41.764455,129.778596
103803,35.737205,140.841116
103804,-43.5548289772945125,172.737742379189086
104966,-6.01767858313702853,105.951767733700478
103750,57.14426,-4.68799
103751,34.780209,126.42535
103752,-3.853558,-62.060594
105658,38.236,119.704
105659,20.851,114.704
105660,-19.282,116.615
105662,39.9421619211634535,-31.5308998301188907
105663,5.70646097475287561,4.47691966791599505
105664,21.9044801288353135,-82.8006747499527478
105665,43.2724623808320956,6.6332513718288677
105666,43.6903617813734755,7.33524441088416435
105668,43.7168183012207336,7.35137860925929232
105669,43.1728217485742718,5.61436007216183341
105670,8.22729203884703253,117.029963727447353
105671,11.1817876099720923,119.386884673262458
105672,28.1457941311287918,129.30758987749067
105674,30.4314375966108592,130.57699233559461
105676,43.66,145.133
105677,43.041,144.836
105678,42.114,140.587
105680,43.864,141.527
105681,44.311,141.649
105682,44.368,141.694
105683,44.883,141.737
105685,38.086,138.441
105686,33.803,129.753
105687,33.476,129.949
103474,60.7812,4.7241
103475,51.9525995724226846,1.30165943711002519
103476,52.2688188026929552,-9.86060773631644594
103477,45.0275221267766739,35.394226945705654
103478,30.67824908086463,-81.46413461399187
103479,48.8261596386897736,-122.722510764778391
103481,57.3690514404465404,16.5571147027841974
103482,40.7981571069600548,-124.190174104450875
103483,28.229766161201308,33.6140835788524939
103485,49.29346,1.009125
103486,16.4687140311430333,96.3386602512857166
103487,38.0356063816293073,23.5281724449252216
103488,53.2925,-2.8967
103972,54.1191,8.8592
103973,5.38947,100.364442
103974,8.9514993452362841,125.543664429220499
103975,53.655023,9.518456
103976,-28.6414934019999876,153.688532433000006
103977,22.3117931663125688,-72.3116944676378495
103978,22.9838850913621187,-82.9298222015929696
109478,65.5242,12.5466
109479,65.4572,12.5497
109480,65.446,12.5617
109481,65.4409,12.6269
109482,60.80569,4.79683
109483,64.0915,10.1185
109484,66.081552775261045,12.5926607582213528
109485,66.8189,13.0649
109487,69.4195,17.2876
109377,59.2154,6.0976
109378,59.221,6.1191
109379,59.0679,5.838
109380,59.0973,5.8359
109381,59.0821,5.7105
109382,68.8637,16.403
109383,68.8658,16.6702
109384,68.9112,16.2893
109385,68.9609,16.5304
109386,68.9816,16.4883
109387,68.9817,16.5347
109388,69.031,16.4819
109389,67.6562,15.1186
109390,67.7382,14.7534
109391,67.7398,14.8968
109392,67.7292,15.4443
109393,67.7662,15.581
109394,67.8972,15.159
109395,67.9749,15.3108
109396,67.6318,15.2622
109397,67.6057,15.3685
109398,66.3082,13.4323
109399,59.3961,5.1684
109400,59.4086,5.2214
109401,59.372,5.2096
109402,67.0128,13.9733
109403,67.0332,13.9673
109404,67.073,13.9476
109452,66.1166999999999945,12.3673000000000002
109453,66.1583,12.3904
109454,66.2321,12.28
109455,65.0038,11.0415
109456,64.9848,11.1355
109457,64.9655,11.1705
109458,64.9462999999999937,11.3696000000000002
103013,-9.428031,159.958285
103014,70.9841841008485943,25.962837243855553
109275,66.3251,12.6481
109276,66.3929,12.8064
107603,40.588436,-89.658604
107604,40.637944,-89.618485
107605,40.684463,-89.591934
107606,40.662563,-89.615944
107607,40.917202,-89.47965
107608,41.022839,-89.417887
107609,41.106084,-89.356145
107610,41.125095,-89.333112
107611,41.25979,-89.34728
107612,41.31242,-89.201574
107613,41.323587,-89.117788
107617,31.256198,-87.986701
107619,31.487954,-87.907178
107620,32.23149,-88.01357
107621,32.456746,-87.9771
107622,33.079105,-88.229191
107623,32.681198,-88.102297
107624,33.577033,-88.492033
107625,33.808865,-88.513548
107626,33.99435,-88.509089
107627,34.918633,-88.239696
107628,38.832159,-82.130534
107629,38.828542,-82.152998
107630,38.938823,-82.108863
107631,38.991727,-81.969331
107632,38.989149,-81.935673
107633,38.885377,-81.864422
103753,-30.3053243825578633,153.143404778419693
105675,50.685,156.14
103484,-10.75,126.8
103982,-52.9288235225153798,-70.797475047412604
103998,13.9220247404897997,120.792847814507397
105942,42.7532220162812493,13.9759355245140053
105960,8.51765933333895475,123.255641852892637
105976,40.64,-74.16
105997,54.1344455607724342,13.7654569011678891
107465,38.212892,-85.863043
100036,22.574,113.483
100051,22.498,113.01
100064,-16.1093979142001551,123.662817163514006
100080,21.666,-85.702
100096,47.7735390179604167,-54.018827514911905
104213,47.9112192900558469,-65.8409726267560131
104230,10.4383869306014549,44.9967934026959497
100452,-3.7008331669834984,120.688927909791119
100466,29.367262,-94.88688
106513,40.4372641416582752,50.2846696015204202
108614,64.465,10.15
108615,63.905,8.58
108616,63.995,9.1223
108617,69.1456000000000017,17.008700000000001
108618,69.0507,16.8932
108619,64.1777853094164925,10.2135408050615588
100039,27.841783,113.135279
100040,35.460104,139.656895
100041,25.0301408067531028,52.9925960915468295
100042,41.4564970873098915,31.786009238929708
100043,32.9230786744223067,12.1214421324885784
100044,30.8998641275691703,20.06874273604328
100045,15.2860471032568643,39.6969255378177053
100046,40.756,29.73
100047,43.2953939841087987,-2.25435628455100989
100048,51.813221,4.652854
100049,52.52035,6.075605
100050,12.5881685316369865,-16.267008451609815
100052,23.047024,113.511433
100053,25.2135,118.9741
100054,18.0536728724717932,-65.8346906068381372
100055,49.456466,0.818132
100056,34.866,138.337
100057,59.5483415692832736,-139.735077884794947
100058,62.068853,129.81198
100059,36.6603093414164789,27.1238397845605448
100060,40.6626685735983671,29.2754361669866796
100061,44.4937462829478818,34.1692323399474986
100062,31.206,130.642
100063,-29.4323503955406771,153.345218431535301
100065,24.0747191507520846,38.0659582212608498
100066,-9.07550969906645122,159.22133891879426
100067,21.705388,111.814329
100068,16.766,96.166
100069,19.7297443747488153,109.196609050451215
104472,18.0088725160210394,41.667282220908028
104487,50.896663,142.130698
106134,39.466603,141.956399
105594,-31.226445,-59.997026
106468,-9.50476286741959697,143.546843039847062
106422,51.505431,6.724782
106423,-1.57547146027245266,130.726047590959467
106424,40.7721124894800511,29.7088604284225148
106425,60.2722,5.6492
106426,60.238,5.7463
100243,49.0865,140.2743
100244,67.7922327331083636,-175.88756944920479
100245,47.55,-2.91674
100246,-20.6541665259653264,115.580734246768472
100247,57.11246678329671,12.242622023667284
100248,70.376254,31.105723
100249,58.077917,1.890469
100250,62.3148086317536709,27.9114932384604337
100251,43.1904869404481673,27.9024880219437463
101989,-3.27000000000000002,127.090000000000003
101990,38.711381,125.394957
101992,49.1594923613010124,-123.921305353664948
101994,18.071245,-94.414987
105835,-3.29019170406651851,116.147149878533853
105836,40.1060144980702376,26.3780801391841386
105837,40.9919696784883598,27.9863
105838,26.462,119.693
105839,52.676163,0.152437
105840,34.43,134.909
105841,34.548,135
105842,34.591,135.019
105843,33.862407,135.144509
105844,37.996,139.221
105845,38.185,139.431
105846,39.387,140.019
105847,39.294,139.958
105848,39.267,139.915
105850,33.287,134.145
105851,-6.77966732783946924,111.895498573719422
105852,-7.04451905796839561,113.947426860436181
105853,31.711,130.251
105854,32.026807,130.186336
105855,32.7823032944038673,130.382146349353377
105856,32.895,129.947
105857,40.4610989871791276,22.8561885595394223
105858,36.6854359803039713,22.8369810836199676
105859,37.258293923403599,21.6639528400353463
105860,40.8573155722158532,24.7023120443722277
106776,43.2809,3.50894
106777,43.4301212612170957,3.77789641715422597
106779,43.0958679249300687,5.81132075159933592
106780,43.1151813258559784,5.80075389564195465
106781,43.125493665980521,6.36531283962286221
106782,43.1356956032025494,6.37191085116735234
106783,43.2706744983063984,6.58770224698352802
106784,43.422889893528513,6.76307488491972819
106785,43.7831688570783157,7.52125465777729296
106786,43.7012,7.31603
106787,41.6729496545266827,2.79775895213421455
106789,41.527310224616528,2.44330877761609333
106790,41.4878731366543789,2.36562387322563383
106791,41.4740768152883632,2.31135076121635086
106792,41.4309388181127858,2.24181356956083633
106793,41.411811282511735,2.23044890874675383
106794,41.7768,3.033
106795,41.2562521952921202,1.92092506222761172
106796,40.3550109031622668,0.40156383781578775
106797,40.2484363355608608,0.287839854168193743
106798,39.8585422998313348,-0.0679332725318173847
106799,39.672,-0.20113
106800,39.559142098247527,-0.284119815772564011
106801,39.5109006692352551,-0.321446611994951392
106802,38.8434219571410537,0.119827849452234847
106803,38.6367267823005065,0.0681747348890535537
106805,38.5351531288470497,-0.133665151075573807
106806,38.5065817371030619,-0.219910217146429249
106807,38.4284,-0.38436
106808,37.9114356912779655,-0.726467956391894432
106809,37.8663070367299355,-0.75788048966477084
106810,37.8988,-0.747055
106811,37.7478724162378043,-0.742297330002462563
106812,37.8172157444015724,-0.783867865110316253
106814,36.7473832463299885,-4.07121812635715674
106815,36.412431239315147,-5.15802630468953893
106816,36.3551330933643726,-5.22797981251424293
106817,36.2891163434797974,-5.27028236486708401
106818,37.0107585612406282,-8.92727471665088324
106821,38.4383,-9.10739
106822,42.4280503993739657,-8.6535974825066404
106823,42.4273280356014126,-8.70541633491184541
106825,42.5190541784458347,-8.8236731739369052
101573,-33.0358633723917023,137.992729699999472
101574,-35.021666261639794,137.769238943019786
101575,55.9437507229148778,-4.71946140869276931
101576,57.6656697424656812,-3.01602938802080667
101577,45.4053767093285074,-64.5460831933705066
101578,4.76117500000000149,7.003552400000018
101579,50.7231797939268745,-127.48691358318095
102214,20.9581586342929285,-73.6785124296194596
101027,32.6968341257644042,-117.157238551251993
103480,56.002903,3.184875
102234,68.4979298101944352,14.8020835068295753
103829,55.8759893730308335,-4.36020370220987719
103830,40.35588684520512,-124.64411315479488
103831,-41.317197,174.485195
103832,-4.080807,-63.143468
106849,51.9572,4.14111
106866,60.876100000000001,5.5737300000000003
106880,-22.7431478275017547,-41.9131312180325821
108248,8.64815567906286908,123.414108511696838
108249,31.3617,121.6557
108250,13.2195747701874087,120.592292506008775
108251,13.5066039671243185,122.051452062641303
108252,41.0331856289439187,9.52542792892654866
108253,12.3271455863339057,121.084285301845938
108254,62.7683852933143669,7.44211533744504816
108255,37.2055,138.2643
108257,54.9074551087835943,-59.7661337963896813
108258,-8.57240747730869401,119.01741735621799
108259,-8.4940317971332,119.875653098974311
108260,-26.46583,-46.52833
108261,-22.16005,-40.14885
108262,-21.23956,-39.95654
108263,-22.49576,-39.93688
108264,-22.85827,-40.35827
108265,-24.301,-42.71417
108266,-20.04206,-39.5248
108267,-21.886,-39.8581
108268,-19.92036,-39.63339
108269,-21.33984,-40.05757
108270,-25.6075,-42.88517
108271,-22.88672,-40.5577
108272,18.8257924255975766,95.2107331076021239
108273,17.7308,106.5367
108274,63.8169127623176635,9.63847995959739023
108276,0.815319658740788378,117.898612533246634
108277,69.6336,18.4
105947,44.2677062713241227,12.3569711534249276
105948,-16.092,-57.706
105952,21.3172036223230279,-71.6323740747960898
105953,-27.353857,-55.868566
105954,-22.156502,-57.960994
105955,-22.540146,-57.830079
105956,-25.388748,-57.616029
105957,-26.859447,-58.319056
105958,-27.573,-56.687
105959,21.8147704975360277,-72.139772103233085
105961,45.5420121346697542,13.6637426783553213
102983,52.46,4.586
102984,62.3939999999999984,6.54999999999999982
105788,60.555,19
100000,35.27333,139.687683
100001,-4.44899146970902759,11.0939475749013887
100002,57.0023716596817138,-92.3004098832231819
100003,37.2281415343067579,-76.4784000805173463
100005,55.4241464858285369,13.8257201226428759
100006,29.398633,113.085242
100007,36.7645131435569184,35.7313535992907276
100009,44.6679534533850386,37.6546185744233384
100011,63.8431064953351353,23.0199247540958893
100012,52.427,4.816
100013,44.1184971207253582,15.2205833419340806
100014,33.4989738088231448,35.316596755893606
100015,37.7821431073332406,20.9035643014760453
100017,6.90056130292684511,122.076546050121507
100018,51.345646,4.258119
100019,-6.15536847652986641,39.1917926711282476
100020,47.8359108812717722,35.0975334806070407
105918,-4.12878729999999994,143.247589599999998
105919,27.8454430246074125,-15.3998023451003974
105481,31.3673183549072334,30.2953189335719983
105482,17.9729340580504307,-66.7623799902845718
105483,2.00486639219944651,98.3979759218970571
105484,-2,150
105485,-7.40543313243218204,158.05473325449168
105486,-9.80033382316237223,144.800333823162447
105487,-21.463907929790949,115.020255751583775
105488,-20.506,115.769
105490,-21.3971900660927474,165.834205490999011
105491,71.975,102.407
105492,65.751,150.846
105493,14.0218150171604101,48.3441620162456545
109405,67.1179,13.9042
109406,67.1498,13.991
109407,67.1432,14.02
109408,67.1454,14.2812
109409,67.071,14.114
109410,67.0578,14.0253
109411,62.6739,7.3141
109412,65.7827,12.5923
109413,65.7337,12.5357
103529,41.3106364949306126,19.4551148590094094
103530,57.516,-0.1
100996,-10.7190818689087095,165.831792990669271
100997,28.6753071131082109,-17.7682301531754412
100998,28.4823864114004337,-16.2346872199110521
100999,-31.651612,-60.700784
101000,16.596085,-22.907605
101002,34.0047500246790477,-118.501621609385552
110072,49.7773,9.378
110073,59.3162,18.1035
110074,52.5504,5.9318
110075,52.5357,13.212
101870,35.501914,135.735984
101871,56.4129554548426029,-5.47618730030260092
101872,-1.904999,-55.531952
101873,25.416892,-79.204565
101874,52.3499590998257318,-127.69365550848255
101875,46.614944,31.564052
101250,-35.5190832364769307,138.185395206636883
104040,-33.3184006670899251,115.656355760894087
104041,-24.7709955886446132,152.381765352147511
104042,3.45827245790282944,117.834176137360217
104043,1.19167659643839019,121.424932898010525
104044,43.6567313819789717,-7.35022753633227932
104045,42.4871492863015661,27.4769320786685221
104046,57.7008783888945231,-3.49614734370934555
104047,54.4159999999999968,11.1999999999999993
104049,40.08002,-74.878335
104050,43.370644112827307,-79.7116479083127842
104051,-41.0498986830071715,145.919753856737486
104052,41.6378876348222704,-87.1590707811799206
104053,30.129707,-90.922664
104054,47.5993219846436943,-58.8872100145185158
104055,53.352,-2.964
104056,42.370073,-71.047698
104057,52.9687,-0.0181
104058,-33.9766453804302913,151.210155233044958
104059,56.0482997008693644,20.9617102726332689
102337,58.133,7.033
102338,55.524,9.742
102339,69.5771494565145332,20.2252988477902704
102340,69.9861876618023189,20.2724510708884544
102341,59.0536,6.6446
102343,58.2716,11.4585
102344,-43.6097724962002431,172.725940139550829
102345,14.703,-17.348
102346,-53.8668790000000115,-70.9937309999999968
102347,61.9382,5.1285
102348,10.1301192318701876,124.841898465387573
102351,-9.68136545231884327,-35.7272018148164463
102352,-21.1062400627107785,149.229321915101622
102353,7.349025,125.85289
102354,-5.20811368491371152,145.800621026099179
102355,-12.7555733098248627,-38.6193542345964431
102357,59.5660000000000025,150.782999999999987
102358,21.1422829000000085,72.7382946999999973
102359,37.1456253713078368,15.2380380850561998
102360,53.25,140.15
102361,-15.7273508196549141,46.3115486886012775
102362,23.7878538023860848,120.1714949888094
102364,15.1405419999999999,-22.2198080000000004
104121,11.5798199270505364,-15.4709964225313765
104123,66.157416,-23.244088
104124,-5.8633674175595214,13.0496626962729785
104126,12.1491149545244355,-68.2797657587991011
106017,30.2233881348699995,-93.2781388024725544
106018,30.214527,-93.258933
106019,30.219226,-93.255032
106020,30.218599,-93.251016
106021,30.231662687789477,-93.247064905262377
106023,30.226776,-93.254342
106024,30.228976,-93.254466
106025,30.230508,-93.255707
106026,30.231382,-93.258617
106027,29.977714,-90.025999
106028,29.976899,-90.025421
106029,29.979261,-90.025348
106030,49.3108816967495116,-123.123464094499042
106031,49.3075693585281201,-123.108979030030554
104448,35.1919662733743692,25.7221323554064014
107283,1.16726,103.388876
100070,32.271,119.438
100071,37.578144,121.378979
101417,44.3030043553273174,9.2121632775552893
101418,11.4945591235813165,79.7708439506074285
101419,55.2051189935235058,-6.65998533257018011
101420,-38.3355862380170365,144.745989208199518
101421,43.083515,-70.760251
101422,50.8056222870935201,-1.11191896611252283
101423,36.857852,-76.326048
101424,55.1875416024456698,-6.72249104626266902
101427,-27.361069,-55.885051
101428,22.4251077274516533,69.1845191995294897
101429,-1.38019613647779438,120.754842852274166
101430,42.649236,130.799019
101432,41.687,-73.943
101433,49.8695090506514163,-124.559931660317346
101434,49.624,128.654
101435,11.1501423156002524,-74.2378067447083083
101436,36.7114310286843875,14.8321523099624848
101437,40.8243039666941669,14.1143489777183557
101438,-1.569,-48.782
101439,25.775,-77.1
101440,11.816,99.8
101441,5.36686,100.364457
101442,14.9110726288782924,-23.5009979893921646
101443,38.7138072986474597,-27.0504750416314188
101444,-20.2952694604393784,-40.2347186812728381
101445,46.042913,-122.87951
101446,53.7590324384651481,-2.7476531111039364
101448,60.3319242305900971,28.7092256449926211
101449,54.2935133151419294,-130.357939794733767
101450,22.357296,113.938284
101451,40.555035,-74.238096
101452,20.9856,106.765
101453,-12.094,96.869
101454,18.4618065039877166,-77.4108239974860481
101455,32.3722032941739855,-80.6932036023770394
101456,31.2458591000000006,32.3051746000000151
101457,43.4310155038141659,-82.536708753479644
101458,29.8134742416000229,-85.3108562589970916
101459,-51.6912739115391702,-57.8221097543837175
101460,42.6554261432133188,-81.2120592038030225
101462,19.6030456549189367,37.2363838384005277
101463,29.4733171380346342,-89.6839905869940566
101464,51.5756484114292419,-3.80238220075774125
102753,25.3627712289735285,56.3697660266599812
102754,40.605258,-74.204158
102755,30.1864529387274949,47.8915031055758575
102757,22.8013701199450125,89.5829836417051268
102758,33.835816828898885,134.935826846590459
102759,38.0133626694725493,22.7527428789930433
102760,0.860325366058190766,104.612657092847442
102761,54.319679,10.144377
102762,-6.21810231190723606,155.63894111371286
102763,50.4444,30.5616
102764,31.3937391103931454,130.559033554935382
102765,-7.4218941817454489,144.254195581424597
102766,34.0536,132.8533
102767,-4.07069026530154421,39.6533915051284467
102768,45.4304,29.2656
102769,53.6685365470938791,-0.231195860359866862
102770,37.9366203345210664,21.1501666066920926
102773,60.0836115510299322,24.3758665612621641
102774,22.6107863432245111,120.282243485299603
102775,14.1228,-16.0727
102776,59.7230679586396818,19.068507108834833
102777,54.667416,9.939692
102779,24.7989407366148846,66.9787002078209781
106391,51.793531,4.773338
106397,51.94711,5.375316
107522,37.804217,-89.674734
107559,38.89,-90.198
107565,39.845,-91.436
107572,40.617,-91.331
107578,41.402827,-91.058719
107585,40.676623,-95.84269
107688,52.316169,10.481586
107702,51.631593,7.416731
107708,52.248356,6.784214
104531,64.7367755150092563,177.529947813928885
104546,-23.0122472640849765,-44.3128048678159914
104563,18.621,-63.821
107407,40.251029,-79.915366
107421,40.01248,-79.985909
107436,37.323333,-87.100833
107455,38.27143,-85.727396
101431,42.1540571544687239,41.6586962523747744
101447,38.958325464745208,20.7579549120766984
101461,-35.1071501153511392,138.465942055595804
101059,5.80781923556986612,118.08201097390851
101060,61.7777884824208883,6.21190067979120375
101061,-2.53641460000000007,112.967347500000002
102461,47.0750143406616885,-65.3844658237456429
102462,56.9706985205916041,9.25792882194131117
102463,34.7427,119.4652
102464,15.680963083607093,42.7060125725281452
103473,49.7608456165778534,0.37969219292681744
106089,34.630653,135.408098
106090,34.628266,135.407812
106093,34.661683,135.411044
106094,-34.188497,18.437307
106095,-34.158044,18.85931
106096,-34.6282977016255984,135.417083944001604
106097,51.879032,4.42335
106098,51.88058,4.398792
106099,51.881704,4.414529
106101,51.897826,4.430671
106102,51.882691,4.406111
106103,51.905155,4.363092
106104,51.896105,4.331909
106105,51.885981,4.297757
106106,51.882734,4.283545
106107,51.888102,4.299247
106108,51.89859,4.49359
106109,51.903394,4.481577
106110,24.0578459508684439,-74.5367244931234296
106111,23.5041173967847676,-75.766610823517837
106112,60.318,-44.951
106113,49.8547464276945576,-55.7106667416837453
106114,32.140884,119.913131
106115,54.381221,18.658408
101825,34.625769,138.220532
101826,45.2250474203452271,14.5375214835064721
101827,44.58,142.974
101828,36.936,140.883
101829,63.9021383995170211,38.093758345081902
101831,34.4046,133.198
101832,35.441,129.359
101833,-21.626276480233976,115.096670352234881
101834,46.8747176902477918,-89.3259413719404449
101835,-35.311456,174.120231
101836,55.7338507752396,12.788618170664124
101837,35.712821875896708,-0.640985707046019537
101838,30.0693804718082802,-93.7243579833691882
101839,-28.5745329170571551,16.3557057544252267
101840,-1.35237308034502135,134.270929437977088
101841,54.9611164225497291,11.853582043004053
101842,8.945,-60.19
101843,39.8633696669167747,8.543581957616599
101845,-1.45857171274284969,8.91600000000000037
101846,11.0007106158008909,124.606117098708367
101847,40.9013500294361734,-73.3547782111321851
106149,51.534258,7.069043
106150,51.503493,6.967118
106151,49.180167,9.2148
106152,49.156954,9.204506
106153,48.906476,9.225732
106154,48.773995,9.251297
108505,50.4342,4.7558
108513,8.0506,108.9085
108514,4.299,104.8918
108515,-12.7872,-38.4792
108516,59.7984962003090956,22.8724460029365204
108517,57.0697059999999965,9.96807000000000087
108518,14.5728272998089725,120.960187093890013
108519,14.6028260489512043,120.945602056632822
108520,-29.9167,-51.2398
108521,-26.8986977637856199,-48.6640982476291271
108522,26.5437836893460535,-77.0638649055716058
108523,9.36355858741717917,-79.8863582017647502
108524,-25.2216,-57.5692
108525,-12.8248389708898998,-38.4989297610813423
108526,59.7802310000000006,21.3488286999999985
108527,59.4540152504171857,24.6657876932139821
108528,56.0866,8.2378
108529,18.0633,106.4556
108530,-8.51480695330069715,121.329004092208649
108531,-9.35786348611099328,-140.046504242597962
108532,21.9142771652078068,95.5719064595768941
108533,2.89831072528266898,9.79957714025679394
108534,46.9169824437326,-55.389610517646922
108535,-3.33822157811253906,128.920344586289417
108536,34.022,131.8058
108537,33.942,133.1021
108538,34.7463,134.3661
108539,42.2742402862410245,41.639080311948149
108540,23.2230051360100695,116.776323724475546
110597,-67.57218,-68.12982
110598,-25.0652,46.9649
110599,60.4033,21.438
110600,60.262,21.775
110601,61.3432,21.5608
105494,67.6535619335305967,49.024520439858378
102391,41.4737658184962967,-82.1873303131116302
102392,-2.01905575396539039,147.270165267297756
102393,47.727188,-3.364397
102394,33.75166,-118.270864
102396,57.7242813988980856,-3.27947810308992871
102397,-37.0963652523546088,-73.1672677074558635
102398,38.261,-85.757
102399,60.4463576582140547,26.2438932078952405
102400,5.85785849514706669,-10.0549421078952701
102401,48.5217949064974761,-59.0260883954438782
102403,45.7,142
102404,-8.38187994307091877,115.884183394591304
102405,14.252,-60.913
102406,-8.79533660818731278,13.2465109199747175
102407,3.46642937990735556,8.54842774765316449
102408,53.8947910052172148,10.6964434658300682
102409,-3.66662107525352665,10.7635106032069672
102410,-18.5214711014992943,146.33173971752413
102412,43.9522552832717395,-86.4554167043653337
102413,49.485464,8.450736
102414,8.33468886117677243,124.248931000318194
108344,39.2074,118.9978
108345,63.8692504373142285,8.66183795873937967
108346,70.7935366084037554,23.411213275679458
108347,70.4548115684105483,24.2827024576571588
108348,68.0830688376319131,13.1699033786311901
108349,64.644,11.392
108350,64.5912,10.9123
108351,64.5408,10.8734
108352,64.5256,10.7481
108353,69.7946194095004415,20.9423711136034498
108354,58.9219,5.5826
108357,63.5328904199542421,9.14573944410148343
108358,69.9017339177322015,20.1710854364264804
108359,69.1413112451976701,15.6791655841214475
108360,63.564877366539065,9.89279790210552257
108361,16.3326,108.017
108363,68.8751762789023303,16.6948360104684213
108364,67.9252649506939719,15.8821584397662932
108365,70.0522466659482461,20.6336998068432713
108366,51.5,1.5
108367,64.5595,10.9194
108368,46.12,-129
108369,42.99,-129.2
108370,37.4099999999999966,-127.280000000000001
108371,34,-125.18
108372,32.03,-124.33
108373,29.88,-121.29
108374,30.52,-119
108375,24.85,-88.86
108376,25.7,-93.68
108377,25.5,-96.6
108379,24.1,-84.8
108380,1.37840000000000007,104.089699999999993
108381,23.98,-80.94
108278,35.5827,119.7766
108279,-7.46119146970902758,11.5638475749013878
108280,60.8553,5.0349
108281,25.4164,119.2855
108282,-25.6728,-43.20619
108283,-25.79933,-43.26284
108284,-25.32987,-42.69265
108285,-25.60281,-42.82065
108286,-25.49126,-42.78126
108287,-25.44884,-42.75306
108288,-25.39437,-42.7618
108289,-25.54333,-42.84129
108290,-25.4,-42.7
108291,25.8670359697078638,55.0136898855064231
108292,22.29,113.068
108294,40.7752907580055108,29.5952083732409221
108295,40.7777605300019061,29.6020762569855478
108296,10.8351,-74.7432
108297,-12.5235949422991464,130.849351809727295
108298,-8.53416058488921259,115.510370588610044
108299,67.5063840934074619,12.0712932674608275
103336,40.7614,29.5395
103338,-38.0902232679989439,144.388791616897635
103339,53.429037,10.359897
103340,62.1031560767486681,7.19947445262894359
103341,30.20081,-91.029443
103342,27.6397989100500823,33.7323940038521357
103343,37.029606203473115,14.2500498049860163
103344,40.4142600298977257,26.6801034324580009
103345,40.4180845351111273,29.1148470155996009
103346,9.37962697441791349,125.988137536049436
103347,26.0500000000000007,119.301000000000002
103348,-13.8029269985306762,-76.2901588454102466
103349,-12.2885060560834365,43.7576087540890057
103350,14.1353716999999932,-16.4665812999999979
103352,50.3449000000000026,-4.63009999999999966
107284,1.19,103.35333
102830,69.9420842536777911,23.0502031468873696
102831,31.5740000000000016,130.564999999999998
102832,20.900557,-156.472695
102833,19.6387328586658363,-155.996472708998112
102834,34.1490000000000009,135.199999999999989
102835,5.016,105.949
105656,10.424,108.394
100670,42.1119641989407612,-86.4778853171643505
100671,17.289202,-62.722733
109886,9.393,125.955
109887,7.3625,125.8189
109888,10.147,125.668
109889,9.752,125.7093
109674,60.5821,5.4001
109675,60.5782,5.1907
109676,59.7215,5.5866
109677,59.2844,5.8583
109678,60.5541,4.8809
109679,61.82,4.9403
109680,63.1393,8.0452
109681,63.7672,8.9085
109682,64.2434,10.2644
109683,69.8312,19.5204
109684,69.8813,19.4345
109685,69.9514,19.5879
109686,70.0106,19.6666
109687,70.0659,20.8012
108193,53.6996398834329227,-0.393782304072365641
108194,59.5491928940395283,17.5386754908477869
108195,29.6842,122.5408
108196,15.15,108.9333
108197,35,177.5
108199,-4.44754177852268917,122.456872587262012
108200,38.6858045342735508,-9.20349260308858774
108201,-16.2356578389018615,39.9003715052477403
108202,56.807117,2.105297
108203,60.053778,-3.950694
106830,47.6663,-2.98015
106835,51.0557,5.80759
106842,51.885,4.62329
103857,51.4,0.547
103864,13.1025700210557776,80.3015954953762758
103871,36.801,-76.289
106065,30.530971,-88.120727
106075,30.713249,-88.042895
106084,34.633644,135.44049
103364,17.7134076491937869,-64.8883111563108628
105907,25.2031156311544358,64.6767235375756115
100783,59.168,17.666
100789,40.7679009366575258,29.546557304629097
100797,46.0505130298985819,-73.116977252142874
100804,31.1057796778015181,29.6080818842979561
101876,18.410694971564407,-77.1143124413877246
103446,55.097,10.232
103453,55.2141317278560706,12.1634081987256053
103461,29.9756001176148779,48.4845474328115245
103466,56.0639028964573782,-4.82132565954866532
107895,46.7953454129463537,-71.2185962793511038
107901,60.4207737544891827,26.91214241863414
107907,60.0095,5.8065
107912,22.7375,114.6316
107918,34.2094,132.8533
107924,18.2339229515528132,39.9670340706457168
107930,59.97868286212735,23.4324376231953266
106378,61.6074016502767066,-71.9591254825909203
106384,66.1501691547674113,-65.7087558315655826
105627,-8.98730909160345703,151.996963636161666
105628,-9.55902781484253516,152.436340325199581
105629,-4.68509958366475843,152.757562847800017
105630,-4.21954789217826587,152.453445675970215
105632,-9.738,150.821
105633,-8.49949188348403695,157.732065983379954
105634,-16.224,-73.609
105635,-7.69355224088086498,-79.439969739310186
105636,-7.39764429984009553,-79.5750210907500417
105637,-4.17728674871347572,-81.1344301365206206
105638,6.22923299372252881,-77.4038974418450891
105639,-8.35050395797460432,122.974066597282018
105640,36.8223697980522573,3.1043732228140386
105641,6.34059282356972442,3.40528852214138311
104088,51.133,-3.003
104089,50.7094813588915514,-2.76414644045795477
104090,51.8041786130203121,1.02337515187424466
104092,-27.3728194728731822,153.168395214792326
104093,51.448418,-2.59813
104094,51.303,-3.547
104095,51.624467833278068,-3.83310983431589269
104097,44.5838169619149767,-75.6862292627568962
104098,58.355156,11.438004
104099,49.6417929999999998,142.156893999999994
101357,3.78268910915394896,8.69716209559610753
101358,16.1002359643997934,-88.8001807031027539
101359,10.7662554547564646,-71.5631624670129014
101360,10.3996090859089652,-71.4770183131544741
101361,-10.0988668036170388,-78.1816974970844427
101362,-51.607567210826268,-69.0208513804009129
101363,-36.8997531959999989,-56.6200980289999976
104299,44.795589,-68.768918
104686,57.508239935852508,22.8094259890290871
104689,42.871,131.39
104690,8.0583493191564699,123.786715074936652
108945,61.9076,5.4933
108946,61.8991,5.5727
108947,61.8957,5.6331
108948,61.8765,5.7228
108949,61.8008,5.9827
102955,37.2167909579242249,-6.95311482390563906
102956,22.691857,114.566424
102957,25.9755466140974285,55.9375383103753165
102958,53.7404028545382033,-0.27390702780144055
102959,40.717003,121
102960,18.1630807677038426,-65.7430475601753415
102961,-7.5,-63.016
102962,40.758,-124.214
102963,66.03,-20.832
102964,55.9595297823564337,11.8444337197126259
102965,39.833,127.633
102967,33.6523716366680716,-118.006814961164395
102968,27.2286225314979333,33.845552478649978
102969,66.0450000000000017,-17.3569999999999993
102970,59.8754,5.7676
100350,59.815,56.579
100351,33.933,131.233
100352,4.033,106.5
100353,58.343187,11.902782
100355,49.070999999999998,142.022999999999996
104498,38.3303034909043916,-0.489457506962822697
104499,38.3923082733481564,24.0486272602272066
104500,52.610471,4.766591
104501,29.6747177774923934,-89.963576609780219
104503,45.600207414538751,-64.9446121595644712
104504,36.8280968284198096,-2.46390225845530164
104505,9.28752460323224582,-82.3910374381077304
104506,-19.05,-169.933
104507,-10.3166187800987483,150.455093897824497
104508,45.0679979167001292,-83.4083995355362475
104509,42.154796,-73.895168
104511,10.7036450184541447,-71.5310728990388753
104512,22.4860203694236169,-97.8715053834855837
104513,53.541337,9.928897
104515,18.7691383169136294,-95.7680280638479502
104517,34.7,135.4
104518,-4.82994296362235076,136.83679803721094
102469,-1.49401056056103276,116.741665063117196
102470,52.233,141.516
102471,17.9534884367597272,-102.169687657565589
102472,9.12342356318791481,123.637355515100978
102474,48.2963216754624369,-4.18374179467509766
102475,49.4697767222857365,0.151020071153339985
102476,49.476983,0.80013
102477,50.061907679590945,1.38125754487073205
102478,45.5480017964512882,-1.03991799992838874
102479,42.0257822699444077,-82.601936379675621
105551,-3.972,111.385
105553,50.3436131824075019,-4.70232018250444295
105554,68.7471192250502412,49.3967279609747294
105555,49.4566240626258988,-2.52819161267299153
105557,17.3055775824097893,73.2113730130183313
105558,19.8651223147473495,72.6814859600499688
105560,18.0510219999999997,72.9994335795849736
105561,40.9623780832232001,28.6821783108633035
105562,40.9893451553434005,28.5466124791742466
105563,54.4718577202467245,9.03252395858983448
105564,34.1337464197285811,35.6371418206028139
105566,10.462,99.259
105567,39.0528993288100637,8.4721401659500355
105568,41.294914,-73.94702
105569,40.9957888612770702,37.8786148433555923
105571,25.001041,119.079744
105572,-17.3681855094858975,177.830190247477844
105573,-0.893372586302567662,104.115967486733155
105575,40.9203883706861902,18.3280806975102024
105576,-13.4082246433914865,48.2813086707651493
105578,42.6564058490812954,27.7305359755410663
104665,77.7996059883613924,104.148693117899242
104666,74.281,-93.5
104667,20.5935799431776445,121.970742908927861
101143,46.499,-1.8
101145,45.8909749928407038,-64.3463741702336165
101146,38.5617999999999981,-121.545599999999993
107530,36.511813,-89.552299
107531,36.52699,-89.56236
107532,36.577982,-89.529031
107533,36.412994,-89.535113
107534,36.344485,-89.52137
107536,36.114097,-89.615128
107537,36.037253,-89.68207
107538,36.072561,-89.681642
107539,35.981036,-89.721914
107540,35.950589,-89.694699
107541,35.947631,-89.689
107542,35.899093,-89.642239
107543,35.897492,-89.759301
107173,19.1681203802126632,-69.2748786431154429
107174,18.3983232737483071,-68.9030875574496946
107175,18.3178054784354885,-64.6161774537225426
107176,12.704578200789749,-61.3294988096105911
107178,18.4427951614679806,-64.7527881050819758
107179,11.3236888313084574,-60.5489676654211593
107180,15.9689012964299781,-86.492513840366243
107181,11.2523196915793999,-85.8773259361015988
107185,10.558030448609669,-85.6977163694207889
107186,26.5097674944598545,-78.6339892512773702
107183,47.5210572857900786,-57.3867801928744683
107184,-21.3014556281302987,165.715565328179594
107187,-3.87,10.9892
107188,34.2232,132.613
107078,56.9617,-133.922
107079,-21.6519115599183145,150.242487579953291
107080,-20.0609299632518692,148.882119759169285
107081,-10.7101,142.6392
107082,-43.1601388528225627,146.975670685905811
107084,-65.167500000000004,-64.1410000000000053
107085,-62.096,-57.909
107086,-62.5906,-59.9058
107087,-62.5406,-59.7931
108232,55.89564327160695,-5.04933898203010756
108233,11.2635,-73.3813
108234,57.3674717674078281,-7.27289489786551524
108235,23.7686,117.579
108236,51.4314,3.6034
108237,11.5389,109.0528
108238,15.2585344811365857,120.011700357974462
108239,10.5811,107.6423
108240,25.1045,119.066
108241,54.3205,-4.3659
108242,-2.90072690546935741,116.442609749241612
108243,-6.09899146970902706,11.2626475749013881
108244,61.0727633227735041,5.2201346980512513
108245,-30.7442966328534055,30.4707592178889222
108246,10.533,107.554
107931,-21.0028329173573809,164.666692889317005
107932,59.7002,18.8567
107933,59.373,18.6986
107934,-5.2159,-75.6688
107935,10.5378,107.0267
107936,-5.8958,-76.1014
107937,45.7204761774268604,13.6489794109452234
107938,42.2457216750865712,3.13570316950947703
107939,36.3321,126.5051
107940,34.1942,132.5099
107941,-33.1081,-58.2617
107942,59.45,-2.15
106569,41.322125,-89.114779
106570,34.23967,-88.415655
106571,33.471094,-88.433636
106572,32.52132,-87.841893
106573,35.956613,-83.918334
106574,40.204257,-79.92303
106576,45.024498,-93.278813
106577,38.23726,-81.551059
106578,37.007238,-89.165747
106579,40.385335,-91.385273
106580,43.791716,-91.262299
106581,44.059136,-91.645484
106582,33.550905,-91.237978
106583,36.176138,-86.780842
106584,35.42356,-94.351163
106585,35.382395,-94.347199
106586,34.751776,-92.273576
106587,34.23432,-91.971669
106588,51.848894,6.101294
106589,50.924428,6.97628
106590,50.441258,7.427601
106592,59.566667,2
106593,58.463306,1.909972
106594,-12.289633,124.332078
106595,65.312778,7.2625
106596,65.28635,7.303081
106597,65.361889,7.335989
106598,65.383294,7.369383
106599,65.369439,7.357031
106600,63.502222,5.399444
106601,63.524167,5.399444
105421,49.907189,10.861616
105422,49.392098,11.061832
105423,48.91066,11.913774
105425,48.310238,14.330896
105426,48.574,13.437
105427,48.9046,12.6645
105428,49.0210000000000008,12.0960000000000001
102837,34.7000000000000028,134.832999999999998
105556,36.8299783205234874,5.89432488332011317
101144,22.5330464506914225,69.9493520291693329
101158,46.0541020314546969,30.5167801603707183
101172,53.8738000000000028,7.87199999999999989
101185,-33.5000241063185271,123.987433626180632
109459,66.5896,12.8496
109460,66.6182,12.9546
109461,66.6410000000000053,12.9946000000000002
109462,66.584,13.0039
109463,66.5828,13.0202
109464,66.5876,13.0966
109473,65.549,12.1264
109474,65.4711,12.1332
109475,65.4801,12.1775
109476,65.4467,12.2706
109477,65.4413,12.4443
103284,16.8831712010172694,42.5327423978740526
103285,-8.10349401151026605,156.844985961579113
103286,46.1981420000471985,-59.9482828926182023
103287,-23.832648083081132,151.263206749224679
103289,56.5648949816184796,-5.538651783300228
103290,66.8098436534729814,13.9400718539202533
103292,53.783,9.416
103293,10.657631,107.018991
103294,43.7473373521779223,-81.7300546692234207
100072,22.563087,114.266114
100073,40.7311042613313674,29.7691543567366637
100074,43.7532205471989144,-70.1575251186793736
100075,43.8323055552782819,-66.1256060718077521
100076,57.62,39.913
100077,-37.8243597386051178,144.903190369527522
100078,32.526767,130.535073
100079,33.881,130.807
100081,57.076,54.891
100082,45.3471674573399994,36.594464557048866
100083,40.7310359357387881,29.8557974933719841
100084,34.7479772121427217,127.761912366157389
103236,47.7472818948136819,-90.3349220173480489
103237,49.407994,1.013457
100087,46.726319678137024,38.2757356122865389
100088,30.6939,111.2713
100089,40.695,122.272
100090,32.2010000000000005,119.266099999999994
100091,57.816,4.516
100092,34.971168,136.654557
100093,21.309,114.988
100094,50.6099728251735499,-2.44790963636159287
100095,-35.7578844669148026,174.349479151407536
100097,54.4891479645486356,-0.613998856273342941
100098,51.833654208072538,-8.26169234492277482
100099,54.5514183816653713,-3.59537286986843263
100100,51.3642499999999984,1.02478000000000002
100101,60.7797547579108439,-148.677257985396579
100102,-33.036733266116812,137.6005952272765
100103,19.9999999999999893,-73.8249200782497041
100104,44.7478929225889885,-81.139074373519037
100105,58.4407358877429814,-3.08375373778667861
104207,60.9068069228017777,36.7793911880481801
104208,17.483,-88.183
104209,-41.137346355083082,146.863913365067816
104210,52.3763912067930946,-126.794172536843362
104211,-28.5,-59.049
104212,29.8088488713464663,-90.0067362344646966
104214,44.1528303775250563,-77.3747006047634471
104215,48.7457413047487904,-122.494662888177373
104216,64.5362087781667526,34.8463210517134527
104217,50.413713,7.566338
104218,-8.896,116.748
104219,32.11808032149019,20.0444447249669224
104220,1.46587965425014888,102.106664480560482
109321,68.0602,13.5389
109322,68.0868,13.5853
109323,68.1002,13.6203
109324,68.081,13.6291
109325,68.0855,13.6334
109326,68.0926,13.6345
109327,68.0843,13.6592
109328,68.0882,13.6896
109329,68.0903,13.7356
109330,68.1105,13.743
109331,68.1049,13.7901
109332,68.1346,13.8672
109333,60.4341,5.0627
109334,60.6885,4.9088
110342,29.7871,-92.1446
110343,30.5364,-91.7446
110344,31.0024,-91.67191
110345,30.3069,-91.6193
110346,29.6029,-91.1532
110347,29.572,-90.3839
110348,29.91505,-89.97221
110349,29.6281,-90.9326
110350,29.7858,-92.2063
110351,29.972,-92.795
110352,29.30533,-90.2338
110353,29.21441,-90.22678
110354,39.5306,-80.1107
110355,29.24645,-90.6633
110466,50.49382,2.87983
110467,51.6617,4.159
110468,51.679,7.9605
110469,52.19516,9.06661
110470,52.311,11.358
110471,51.1798,4.745
110472,51.75907,7.4254
110474,51.275,6.0318
108797,62.316200000000002,6.07929999999999993
108798,65.8601603474825765,12.1818883488688918
108799,63.1165251758968893,8.29443753375923443
108800,59.2229,5.4594
108801,69.0197729386464687,16.5430118788170155
108802,69.0663520024942699,16.8151869412710973
108803,68.4443,14.8192
108804,69.6627,18.1776
108805,68.375,15.3173
108806,68.4105,15.4354
108807,68.4861,17.3393
108808,68.7912,16.914
108809,69.0378999999999934,17.2641999999999989
108810,69.0433,17.3632
108811,69.091,17.5148
108812,69.1463,17.646
108813,68.718900000000005,16.7744999999999997
108816,68.8603999999999985,17.5218999999999987
108817,68.8962,17.4873
108818,68.8948,17.6903
108819,35.0803,129
108820,69.7467,18.2486
108821,62.01,5.332
108822,61.0351,5.331
108823,61.0679,5.5638
108824,61.1936,5.8016
108825,61.1694,5.8075
104060,51.894622,4.308413
104061,49.1540670694122426,-55.3377641491173691
104062,43.5262638115229876,-1.49740083530641765
104064,50.7136,-1.87441
104065,-20.0259127221383828,148.253023621765493
104066,49.6397411075617967,-6.5
104067,56.0357401625540419,-3.3099873867733387
104068,45.279755,27.989734
104069,29.8713668748529315,-89.9441923813500068
104070,53.328248,8.490393
104071,4.31641518953067838,6.23245551559428179
104072,4.06599999999999984,6.28189674503849105
104073,62.6036870778593055,6.44888785793269825
104074,58.6384370163693163,16.2670332274291987
104075,41.707961,-71.18687
104076,63.6865504951093939,9.66938243451259716
104077,61.8372479130204624,4.9920808075320604
104078,53.118271,8.715908
104080,47.5471021286078255,-122.645877596116108
104081,51.4009,3.56803
104082,48.3823413188169837,-4.4514936844193036
104083,-1.6921016373485247,-50.4845760065405713
104084,59.062,9.704
104085,41.1691873366523353,-73.1736738648519207
104086,13.1047937629524185,-59.6311012051130405
104087,44.371042756084762,-64.5045292866156359
102691,-5.54600000000000026,150.140999999999991
102692,35.367192,139.867442
102693,36.7853562308795503,24.5806168782390628
102694,56.879935,37.373518
102695,44.1773353710077856,-81.6397329614026148
102696,52.759185,0.389475
102697,-35.6551556769990015,137.644673632906745
102699,45.1594050597355121,-64.3581809170240717
102701,41.92069,-73.958655
102702,44.2278033951077134,-76.4771163388545858
102703,-36.821600295432475,139.849251210857176
102704,13.1489280715644714,-61.2283184699153722
102705,42.0247601806577293,-82.7309356240954656
102706,51.7017416192264392,-8.51721608301961908
102707,60.377,6.721
100085,40.2690826985823378,23.4426475873082545
100086,13.065,96.853
103504,42.1497235448300103,-80.0824259381341648
103505,51.4831515018712551,0.184248507337305634
101147,43.3616347692814585,-8.24455423694748113
101148,26.7461315123148005,33.947666778337819
101149,64.670464598589092,21.2786526307723314
101150,18.4160200605039357,-70.0195003477283535
101151,11.556052,-72.909103
101152,-42.8306360270917494,147.320422270118655
101153,58.7208,9.2421
101154,68.9675140972080669,15.6414276756823067
101155,61.5080616523302055,27.245929652930247
101156,-6.02985108665907887,12.354223242533692
101159,53.619,6.565
101160,45.615,-1.5
101161,36.7958585318641056,-6.44704154712214095
101162,-0.365787799999999996,103.445752100000007
101163,47.0771258016580703,-2.45285158873665088
105293,17.8140000000000001,109.599999999999994
101658,47.23,-54.141
101659,30.292027,-91.22826
101660,44.739,136.307
101662,48.8597094029795898,-3.13315038637572219
101663,43.044961391549613,17.4219940713275783
101664,45.1340636463111835,14.174745701298141
101665,48.387767,-4.398495
101667,-6,-81.3892042949810985
101668,36.016,129.4
101670,45.39030923263185,-64.3193348930384587
101671,45.3434449853156636,-80.042733154653817
101672,53.427,-2.423
101673,13.5038529711198052,123.042367973313873
101674,29.724,-95.217
101675,43.3209,-1.91802
101677,1.45,103.881
101678,1.2733,103.7808
101679,-7.64653754488100379,113.027164063616269
101680,-20.8006390879435052,-70.1973691504997532
101681,37.9712829564811827,23.3806072068349771
100812,54.8678816728710359,-3.39238774918602104
105921,9.94643554327974755,98.5934910345176689
105922,62.8523941086406808,6.96035686656147856
105923,68.9138781311093709,15.0639265400900033
105924,69.5418,17.6709
105925,69.6342663589445721,17.9976177613609885
105926,62.8841016668398538,6.96202447408196878
105927,68.8744731603061808,17.8322471436347882
105928,63.3764528316485567,8.20451656598758738
109265,63.4503,8.1677
109266,63.4471,8.1678
109267,63.3389,8.2718
109268,63.3095,8.1156
109269,63.2565,7.9281
109270,63.255,7.8569
109271,66.3673,12.3714
109272,66.4013,12.4207
109273,66.3502,12.4693
109274,66.3565,12.5301
104397,43.407657518377782,-3.81736002731431023
104399,6.8988413554709096,125.465142045828898
104400,46.1918429505213197,-123.863428288876349
104401,-25.269859,-57.651293
104402,14.0023457503942943,121.930505448778661
104403,29.981492,-93.879392
104404,34.636843,137.104372
104405,-36.8419106717533964,174.778350117641793
104406,52.6465421313313229,-9.05885644666320644
104407,37.1969142532781447,15.2314730886994116
104408,45.648728112136169,-61.4343610985666757
104409,57.8273419777859274,-5.58550991907800576
104410,38.175212072150309,20.4917933794334353
104412,55.928,14.326
104414,56.15,10.233
104415,65.064417,6.725483
104416,30.3281721999999903,48.2803740000000019
104417,44.017085,144.288541
104419,55.038182,9.427578
104420,-19.8573146075214986,148.08576328987823
104421,57.1411613973723149,-2.07204978750374114
104422,46.9606,-123.8396
104423,52.4165864181699845,-4.0884912373229394
104424,5.31575482299775448,-4.02476274448494564
104425,4.73002789192095552,6.76646221889015997
104427,24.5340916873359838,54.3930201521660166
104428,33.0849330581660226,11.8294836267938308
104429,31.320262652304347,30.0744096875742066
101123,49.443581,1.060777
101124,45.6191559211926858,-1.02637739474062584
101125,65.7531578069836797,24.1553588296853334
101493,-21.691695,-57.884055
101494,25.2741731717000242,55.281950811479355
103125,50.252,127.486
103127,34.865786,136.96239
103128,54.6006780324114303,18.8007007741961623
102563,-32.646602,-60.739469
102165,38.3598823303696435,21.4217426563811664
102166,56.1808866522108588,-3.00803535081296403
102167,55.1300504493774213,-131.571310178196967
102168,4.12730449752056749,96.1320213621226145
102169,65.8381693462460902,44.2062752286761764
102170,51.3402152396775477,-10.0455095075195047
102171,12.764,120.681
102172,25.7809977649331579,-80.1784734676281516
102173,41.7238910211667999,-86.9083212948010129
103841,29.9420226327256565,-89.997020917133753
103842,22.6023110118192605,89.5309497014949756
108452,60.8973761000000025,33.814633299999997
108453,30.5303,-88.1059
108454,59.9255,1.2929
108455,60.0881189700278497,24.3517704422438008
108456,51.6566,4.3722
108457,62.9994087613743332,17.6891129947592702
108459,38.2732,141.0375
108460,-2.81534322838499396,122.16371915463229
108461,42.3479726106015875,8.61492944014564799
108462,41.2820491132116558,9.36050941164037553
108463,41.088179023351131,9.54208820344523012
108464,40.9944433874894116,9.62127068504297434
108465,-6.26208539554143151,150.415739319293493
108466,-9.3391688783362401,146.986802503589331
108467,10.2890206777031157,-75.5404681247761118
108468,68.346208574139709,15.2968959423299502
108469,-11.9569499057987088,-77.1386540903379938
108470,57.6706341793445816,-2.5223460071432946
108471,53.4336,-2.4158
108472,40.718116440967826,29.8847818860456904
108473,30.3757,111.6482
108474,30.4158,111.5021
108475,-23.5392,-41.4397
108477,43.1837180155039135,51.5996133006806019
108478,45.2013505927248289,51.2471879938105204
108479,26.9698,119.6696
108480,21.880257708885015,-84.513638723467011
108481,23.0732,112.0356
108482,-6.1265,11.0167
108483,41.629199827973558,-87.3211329024380802
101862,78.928964151974256,11.9467512157991091
101863,55.3079999999999998,10.7959999999999994
101864,54.770603,11.861895
103627,-41.1799013444819337,146.365101014855441
103628,50.3642584328087608,-4.17564304037178058
103629,5.67063848220691025,80.6199153877151957
103630,34.978047,33.739209
103631,22.2288120791938582,72.2912633622957657
103632,27.5600258264172702,35.5481253302804276
103633,-32.0591,-60.6471
104435,5.53345325630995877,-0.200242868358048859
104436,38.8883622468656966,22.8244724466856965
105185,65.03,-14.22
105186,53.687,7
105187,53.7011,7.16237
105188,55.5979,12.4851
105189,55.7271168711469471,12.5917241017856796
105190,28.0467064196768625,-16.7174614682156424
105191,39.8911955982749831,4.26526508888806521
105193,50.0409873049788843,-5.06761902794334329
105194,51.0790322767422111,1.18860011958982259
105195,37.7454825903951772,23.4257091508507749
105196,38.866514214871664,21.163782704115274
105197,37.7976376857010266,26.6847283537518258
105198,34.525,135.355
105199,41.0057517124840274,25.1212321456935825
105200,38.3111175859051016,21.790606378171848
105201,38.2531788601466971,20.6455969979984246
105202,42.003637224513497,15.0050753300844182
105203,52.098,4.257
105204,58.3517,12.3797
105206,70.0328516003355048,20.9787762450024537
105208,38.0113021989669164,24.4164271367236623
105209,55.6666324172401303,11.0940286823409657
105210,36.6149636041561664,27.1399318201578303
105211,38.9480662152016635,23.085808834624892
105212,51.077805,6.854601
105213,38.7626983664482765,23.3222213492679842
105214,55.7966211318596663,10.5280123996322992
105215,56.196993,10.668248
105216,55.7629357276428124,10.2715563732065789
105217,35.5183983567423809,24.0171354463083304
105218,-39.658,173.311
105219,55.8631475460375668,-4.30215596540227718
105221,56.281149,-132.958834
105222,52,-6
103166,-26.1421670679120233,114.081047267997334
103167,32.2917600885818814,-64.7797109838549261
103168,43.2856,-79.8291
109335,62.7956,6.664
109336,62.6505,6.7267
109337,62.6451,7.1011
109338,62.6344142172177811,7.14255160082558849
109339,62.6275,7.1928
109340,63.0553,7.6953
109341,59.7000000000000028,5.7229000000000001
109342,59.7176,5.722
109343,59.7304,5.7887
109344,59.7426,5.7221
109345,59.7592,5.7215
109346,59.7775,5.8298
109347,59.833,5.709
109350,68.3443,15.0471
109351,68.4351,14.8481
109352,68.4733,15.2226
109353,68.4885,15.1259
109354,68.4916,15.2339
109355,68.5118,14.9516
109356,68.5747,14.8509
109357,68.5825,14.9419
109358,60.5958,5.1597
109359,60.6051,5.1257
109360,60.6041000000000025,5.10020000000000007
109361,60.6338,4.9969
109362,60.6699,4.9172
109363,60.7279,4.8641
109364,60.3046,4.9664
109365,60.2497,4.9781
109366,60.2683,5.1075
105929,63.75816,8.82735
100126,-39.1929696017005327,146.470825288724996
100127,56.4703482193777617,-132.389945276633483
100128,30.579537,114.3
100129,31.336949,118.345438
100130,23.476,111.315
100132,-15.4518680986628869,128.100983117164787
100133,24.507817,118.071559
100134,27.85271,112.901375
100135,23.087687,113.431836
100424,64.2322270294911561,-76.5492031090601586
106945,21.106900720461244,72.6603900200192498
101879,46.495451999862631,30.7470257519802992
101894,23.4561210046467892,-80.4832765356374722
101910,47.958,132.67
101925,60.3717,6.1525
101940,-38.5740939295199254,-58.7136520858720772
101956,45.5880705480897106,-62.6467523980787107
106274,57.111431,2.847331
106289,59.266299,2.451057
101792,-14.2761992241402531,-170.68545205872104
103578,18.616,-93.166
103579,4.03844724334578764,9.67336271109321544
103580,48.0983148743133455,-4.32463266551855785
103581,54.1482373703513957,-4.46303395415110948
103582,48.7679731743637745,-64.3739621739910888
103583,51.1218995524958757,1.3222642699811904
103584,15.755,-61.5
103585,55.5940256817886365,12.6751879670168925
103586,59.7338111921216424,10.2357264284553793
103588,64.354009,7.781421
103589,60.5531946793865856,-152.132459704462519
103590,59.6623173575208412,10.6257787747942753
103591,53.716015282630579,-6.34050631219132566
103592,51.899099,5.600345
103593,50.942,1.389
103594,25.2531852810891699,55.2650260465098953
103596,56.741661,37.15314
103597,42.640861350000236,18.111873010263853
103598,49.477774,0.87167
103599,69.4038862376498855,86.1553509674635336
103600,43.4433754588900811,16.6391146653488455
103602,49.1479873449428553,-123.873329640566837
103603,5.816,104.166
103604,46.7663406406815554,-92.0995909017099166
103605,9.31458238758782109,123.312942920947805
103606,11.5874088008946057,122.493151057602049
103607,1.68875585215883794,101.458247459358162
103608,51.16179,-2.990295
103609,50.0760939423143157,-125.287812360196256
103610,54.0083649124739296,-6.38726843417369761
103611,56.4628029854814244,-2.94714800634905272
102206,34.1,132.916
102207,6.94795492819285165,126.218191708047939
102208,11.483,119.016
102555,58.274,6.884
102556,59.0450000000000017,5.5956999999999999
102557,8.730592,167.733094
102558,34.9,127.733
102559,-32.2410725001465153,115.754453086854127
102560,15.4822,108.6847
102562,37.3899129878660617,24.3953226980423423
100566,7.2089,125.6523
100567,27.9529188202674099,-82.4423631510486388
100568,27.5,-82.9855015709598689
100569,22.2098838543797967,-97.8572178399947461
100570,10.790917,106.725298
100571,70.1996433999999994,28.2001294000000016
100572,33.7160000000000011,135.38300000000001
100573,70.926942366433849,28.822490582341171
100575,20.6789386151666186,-75.3348801184805552
100576,58.92837,5.58762
100577,11.1043803087626429,125.02750496302717
100578,49.4731039999999993,0.464934999999999987
100579,34.277155,133.74138
102605,62.2579354422154907,21.3144589637029505
102606,45.0243710792566105,14.5752527538578569
102928,6.70857645333749009,121.970839554841334
102929,22.9440178638416832,-80.0100706264057919
102930,66.0696130000000039,-23.1279700000000012
102931,36.7246723685864112,36.1889546793702905
102932,34.5511883925837751,137.025293603020401
102933,55.9786956064239334,11.8107596190820949
109170,60.1616,5.2076
109171,60.1559999999999988,5.23149999999999959
109172,60.1302,5.176
109173,60.1178,5.2702
109174,60.0914,5.2226
109175,60.0886,5.1734
109176,60.0808,5.192
109177,60.0825,5.1457
109178,60.0829,5.1202
109180,60.0881,5.1206
109181,60.0543,5.0907
109182,60.0382,5.1144
109183,60.0209,5.0815
109184,60.02,5.1695
109185,60.0046,5.2279
109186,60.0441,5.3033
109187,65.0053000000000054,11.6167999999999996
109188,65.0073000000000008,11.7454999999999998
109189,64.9778,11.7267
109190,64.9508,12.0567
109192,64.959,11.6119
109193,64.9499,11.5733
109194,64.9338,11.4092
109195,64.8547,11.2481
109196,64.8079,11.5426
109197,64.8158,11.2208
109198,64.7938,11.6895
109199,64.7865,11.7279
109200,64.7739,11.4408
109201,64.7722,11.1783
109202,64.756,11.5424
109203,64.7499,11.3942
109204,64.7508,11.189
109205,60.8114,4.8623
109206,60.7746,4.8536
109207,62.5305,6.4286
109208,59.9527,5.2832
109209,59.8616,5.2883
109210,59.954,5.4517
109211,59.2983,5.7133
109212,59.2904,5.6765
109213,62.8455,6.7784
109214,62.7255341554189769,6.45808007685969976
109215,60.7525,4.8846
109216,60.7215,5.0434
109217,62.2097,5.7849
109218,62.9737,7.6462
109219,62.9604,7.4501
109220,62.9285,7.5805
109221,62.9685,7.3712
109222,62.9839,7.3297
109223,58.8719,6.1232
109224,58.9747,5.9359
109225,58.5845,1.6523
109226,54.6202236642343166,-1.15591639685919634
109227,60.084,5.6387
109228,60.0763,5.4665
109229,60.0693,5.3512
101995,73.0712677857727044,-84.5470501880922995
101996,32.177,118.863
101997,60.1353950000000026,-45.2432629999999989
101998,22.6534,113.6798
101999,48.900672,2.177299
102000,47.1993169891288744,-1.57440625106533516
102001,42.7936866443487247,-80.0423671833293753
102002,38.21,-75.957
102003,32,120.816
102005,37.2055,138.2643
102006,34.478181,133.967249
102007,-39.4725714881172252,176.919859253153561
102008,40.8353699828113719,14.2726914255305317
102009,16.4390471352837864,81.7096064047072588
102010,-39.9178317074563012,144.127006997813169
102011,41.43,-71.385
102012,60.9189999999999969,-46.0579999999999998
103506,37.3881693825565833,23.2500608472961972
103507,30.6361265724109337,18.3677637318633664
103508,44.938,142.592
103509,55.466,8.433
103510,10.8198562291200009,123.560000000000002
103511,45.7681147372359405,-87.0586391269618218
103512,37.5701285673908032,-0.963411150344906764
103514,5.50046097475287521,4.99891966791599529
107755,-20.93743,55.28622
107756,7.2,103.816667
107757,-33.960169999999998,-59.1849300000000014
107758,24.8145364442171825,54.666713150916955
107759,65.697778,7.651111
104113,9.33670061944977547,-82.239783261689837
104114,67.2903536484290186,14.3963930958885342
104115,37.0325643538560172,27.4259068121078897
104116,68.5212734178862348,16.9984008182114543
106337,57.02382,106.237282
106338,57.007208,106.648108
106339,57.161897,106.929419
106340,57.336688,107.070329
106341,57.341193,107.453645
106342,57.387736,107.518265
106343,57.48134,107.802759
106344,47.5477215940355507,42.1597562818915108
106345,46.6724000000000032,47.8830999999999989
106346,69.0711668481515062,33.163918063441379
106347,5.24559447695200998,97.033985105616452
106349,61.0252789000000035,35.4794053000000034
106351,-6.433222,-68.262355
106352,68.7381080390146764,14.5800529713431217
106353,68.262188,14.252485
106354,1.75918222212062836,101.366206833263192
106355,10.1373212907903394,-64.8281341188977365
106356,1.83592322608482683,73.5011157784725668
106357,1.858322,73.517882
106358,1.875634,73.525428
106359,5.664419,73.276762
102819,-34.8916470321725996,-54.7089879217985811
102820,14.3051580353812486,122.673358074823781
102822,59.45,2.383
102823,61.135108,28.475733
102824,26.8708234586063668,50.0505798310234624
102825,27.0321420992779515,49.6923285824545786
102826,60.7160000000000011,-46.0330000000000013
102827,58.2902111768193336,-134.400522874649425
102828,1.302,103.722
105715,50.6262130528672571,-127.019043444072906
105716,50.6417756669539685,-127.032317762559899
104814,4.80746097475287559,5.31091966791599557
104815,-35.836392,174.499416
104816,7.057,104.094
104817,58.417939,1.717881
104818,58.367314,1.908614
104819,60.390181,2.797131
104820,60.700517,2.935292
104821,60.635,3.727
104823,9.675,101.43
104824,12.49037,109.276363
104825,-22.9718640522823918,-42.0156273101248132
104829,13.3066194267846019,-87.6273862606224441
104830,35.5600659999999991,139.541809999999998
104831,-3.63465889799392761,115.950739758121571
104832,60.782,2.906
104833,60.542335,3.045889
104834,61.621,1.306
104835,58.286,0.206
104836,22.6655378889368855,59.4124968319229012
104837,1.37,104.249
104840,29.5439,106.5395
104841,20.0256548700486015,110.27679086453827
104842,-16.1485974153792711,123.749270401313581
104843,-16.1020911429849995,123.61302907554095
104844,36.0966235986735953,28.0900668203216597
104845,-14.943859,-147.711473
104846,0.879709562722032046,128.296146943696641
104847,19.5302554970651592,110.818903883526005
104848,-54.429,3.414
104849,-16.802,-153.953
104850,-40.2272527738914505,-10
104851,-18.1352261202786025,-163.194461095670306
104853,-0.359594244524007345,-159.997000000000014
108433,66.584034504411818,12.2203667917657803
108434,66.2228116758009548,12.7632514520364975
108426,67.138,13.806
108423,66.4364564860133697,13.0517233391734742
108407,66.3049,12.16494
108389,66.3768076167837364,12.5667419499053707
108378,70.1316960473909319,19.9956116536545565
108362,49.7251195714241732,-2.19936500219452347
108429,64.4162,10.6941
108355,63.6334631558690518,9.82666433249582383
103169,60.5227964493330148,27.1692702661461531
103170,67.3949164520665391,15.5431890467257414
103172,37,-76.25
103173,1.29187123316846342,97.6159773106057855
103174,26.2546397441433434,34.2056617769046838
103175,53.5866845282466784,-0.0668711902831716221
103176,58.336,8.599
103177,63.834,-22.43
103178,63.25,7.59830000000000005
103179,53.2233,6.59684
103989,49.1952857664079701,-0.319380905568532714
103990,8.49519846878597562,124.663440281111761
101201,-19.688823453857875,-39.8329287395323774
101217,37.9590304991757819,23.4032228781769902
101232,51.8400077438784379,-8.32635701370279335
101373,42.0490567351567677,-70.1842638242147245
101782,44.5767106603424921,-80.9433372510165583
107993,40.5519,0.5341
107994,40.4589815696977269,0.475242152790801786
107995,56.8396435757863401,-5.1316522314394124
107996,56.0904530774357184,-5.55654920773165362
107997,49.1642032385625072,1.39419685745269795
107998,27.5626634548861453,49.1917641110786192
107999,-2.1398,-56.1402
108000,55.6841,52.1826
108001,11.4695999999999998,122.056849796588892
108002,22.189,113.821
108003,-23.31028,-41.23667
108004,22.1663,114.1382
108005,41.0799,-8.2925
108006,65.0085,11.6436
108007,66.5112072256850411,13.0050231333407904
108008,66.8050262061964162,13.237229788293261
108009,66.0000882772740169,12.2684553474607174
108010,66.0259111607548732,12.2448590488473172
108011,63.956,10.1784
108013,66.1091626815018003,12.4848325103006825
108015,63.7117902212067122,8.56029329054825183
108016,63.9922,9.9288
108017,10.6394616080122795,106.770071417177903
108018,66.39342,12.82405
108019,64.8051657627977846,11.7122173002909218
108020,64.0061587670998762,10.0256938004251488
108021,67.8909359292033656,14.7278958995923261
108022,66.4889705028207487,12.9667649833379564
108023,67.9395,15.5032
108024,26.2453847465879662,56.295296294980929
108025,1.19952403144506525,124.551366719712746
108026,49.0475,44.828
108027,65.4698792912185894,12.1321697179667805
108028,65.3639142727297724,12.4744359783325738
108029,-26.1861562327930564,-48.6019243963915457
108049,-12,78
100029,40.7483230015969795,29.7548666849373724
107814,-14.2412,129.35
107989,-20.8245254851181372,116.191175954910747
108069,21.6126377920728423,-87.9893119194384496
108030,32.545,121.4639
108032,30.68165,121.26748
108033,69.5329453314739965,-93.5269513467974036
108034,75.3863393088510634,-96.949625000226888
108036,-34.0173,-59.1253
108037,46.1839794306121192,-123.181379202309898
108038,18.5755682586952489,-72.3454077744620463
107863,50.2341,7.5892
107864,50.1043,7.7384
107766,50.0585,7.7731
107767,49.0558,8.2989
106360,6.41259,72.703662
106361,6.767668,73.173279
106362,0.838793611829769636,73.1861077427711422
106363,-0.309375593700975282,73.4407104476607913
106364,-37.794165,174.879443
106366,-38.378189983814174,178.322883254585577
106367,-43.8092193042353273,172.959954463374601
106368,-34.8143194155087912,173.119464873530944
108204,30.2831,122.0776
108205,18.484597300000015,73.0417901999999941
103288,53.9988588572007799,-2.84853963874557525
108206,30.1662,122.0216
108207,30.2308,122.2379
108208,30.1618,122.0848
108209,31.0671,109.8821
104839,30.814,108.384
108210,31.0126,109.4687
108211,30.9302,108.6841
108212,31.7011,118.4397
108213,29.7681,122.0022
108214,-34.0218,-58.9826
108215,-34.2037,-58.621
108216,-3.7093530006486013,-38.4746500853464752
108217,57.6167,1.6411
108218,63.5115,9.0764
108219,-4.37869224642187138,119.604292291391843
103129,25.4742434090214829,55.4799636282717614
103130,64.39436,-21.465611
103131,26.3734211510614927,127.878064361300133
103132,25.112103792404401,62.3419785983822621
103133,36.7596408228295175,22.5705900425945103
103134,51.8176239443363897,5.22530707139788664
103135,58.9603247242761483,23.5262393839474484
104999,18.0832709274614309,-63.0850121790085581
103072,33.905,132.054
103073,34.781389,134.630402
103074,34.339,132.422
103075,57.595655,9.960503
103076,36.48851,140.621258
103077,36.431272,140.626954
103078,65.852426,-18.19399
103080,10.770754,106.73456
108950,61.7859,5.9772
108951,61.8404,6.1005
108936,62.5486,6.1417
108937,62.6695,6.3568
108938,4.23080647984255975,111.897330787778643
106369,9.145647,99.32262
106370,10.757579,106.795433
106371,10.751215,106.745058
106372,-7.49727454442672858,144.827862232837902
106373,61.1118881056674681,-94.0562912041268078
106374,51.2731613527330765,-80.6363078837177767
106375,56.551546811521618,-76.5544601664525146
106376,58.4466086234379532,-78.1162219175234611
106377,60.0326665206626942,-77.2618321334539928
106379,60.013938274502209,-70.0109034702891222
106380,58.6846725319704206,-65.9468200792744028
106381,62.8484496944401272,-69.8669581935126445
106383,68.7640764294259839,-81.2026474269082286
106385,72.6982989798094081,-77.9785441707382319
106386,49.147165,2.331105
106387,50.8537,5.695897
106388,51.543897,6.077824
106389,51.680566,5.970086
106390,51.4466,4.2308
106392,51.736973,5.123572
106393,51.69613,5.057772
106394,51.661284,4.835303
106395,51.70821,4.862774
106396,51.828866,5.807866
106398,50.7921,5.68949
107517,38.085958,-90.20503
107518,38.065776,-90.136384
107519,38.014592,-90.08225
107520,38.0085,-90.0589
107521,37.865558,-89.760546
109560,64.2539,9.8509
109561,64.0865,9.9307
109562,64.0639000000000038,10.0338999999999992
109563,60.3965,5.2035
109564,61.1757,5.0051
109566,62.2653,6.4254
109567,25.9887092275017935,-77.3910416576460989
109568,63.1518,8.1255
109569,63.1623,8.3096
109570,62.26,5.9292
109571,61.3059000000000012,5.0721999999999996
109572,61.3031,5.1012
109573,61.3164,5.1563
109574,61.3563,5.2846
109575,59.9779,5.7756
109576,68.5256,16.1236
109577,41.1209309365358635,30.6743983007810535
109578,60.2062773001968097,22.4595366356712063
109579,56.77012,0.71304
109580,11.7347,100.5583
109581,8.256,101.793
109582,60.0665,20.2677
109583,60.5072,21.2472
109584,60.3566,21.0379
109585,60.3174,20.9967
109586,60.2906,20.7894
109587,60.3182,20.7515
109588,60.5033,21.0582
109589,60.2242,20.4143
109590,60.1115,20.5106
109591,60.1096000000000004,20.6820999999999984
109592,60.0647,20.8072
109593,59.9461,20.8925
109594,-62.929,-60.6445
109595,-62.9865,-60.5657
109596,-62.45,-59.3739
109597,-62.2047,-58.9386
109598,-62.6375,-60.7187
109599,55.0646,15.1411
109600,-63.317,-58.5942
109601,61.2326179636850654,21.4343730076621242
109602,-63.3,-56.5
109603,-63.5057,-56.8268
109604,-63.57,-55.79
109605,-63.78,-57.304
102199,37.1676386083422372,9.80677760359978201
102200,20.8423588963165756,39.397859906187918
102201,23.113158450411845,38.8071826659890888
102202,-5.82140551547998086,13.4472733094546584
102203,48.8453911253536788,-67.5776616179219047
102204,23.0550795058707685,-81.5576698383574836
102205,-16.9979578983992816,-72.1057684516368909
100959,57.1299885712074484,-135.380090392320369
100961,15.1990505937057172,51.2492691111920777
100962,12.6448625249572917,124.215493132729549
100963,30.565620800000012,32.303945899999995
100964,60.133468,-1.275851
100966,51.902378,4.431259
101364,10.0635600401957763,-84.9700755752080283
109249,60.1793,5.9599
109250,60.141,5.9069
109251,60.1216,5.9089
109252,58.9145,6.0282
109253,59.3144,6.1709
109254,59.3117,6.261
109255,59.3133,6.2672
109256,60.5428,5.0378
109257,60.5301,5.1157
109258,60.5516,5.3866
109259,62.6224,6.2249
109260,66.8420802710412119,12.987577976222175
109261,4.59070724066223157,-3.143619684229773
109191,63.995,9.8713
109179,63.9444,9.8807
109146,63.9949,9.9283
109147,63.9718,9.9548
108867,63.4827,8.2832
108919,63.5453,8.3831
108963,63.5972,8.5157
108979,63.6184,8.5277
108985,63.6515,8.7472
108996,63.6686,8.8447
109109,63.6651,8.8793
109110,63.6450000000000031,8.87950000000000017
109262,63.6368,9.1768
109263,63.5435,9.1623
109264,63.4768,8.061
102934,24.3361973467445871,124.150129559184037
102936,26.4312441031676144,127.844860122067004
102937,38.413,141.313
102938,36.6001770549642771,36.1868188689727504
102939,-50.3658,-75.3404
102940,51.432634,0.705591
102941,30.5832955305618697,32.277270242389136
102942,41.0121176419145215,28.9985227465582582
102943,37.9168225329300057,23.0099407544999472
102944,-3.151207,-58.457593
106501,0.402811940581907946,103.773246719242792
106502,36.6550478954814736,51.508055507281945
106503,39.3578741476216223,53.2213325952380956
106504,21.5,114
106748,44.7544652005494612,14.7648035990644253
106993,32,-119.5
107273,74.5072229376730917,140.507222937673077
107274,69.209221,57.117181
107275,-1.563372,127.374681
107276,56.55984,84.909255
107277,3.85000000000000009,6.9822297450384907
107278,7.161056,104.122525
107279,36.1503093166423497,29.5921931862530592
107280,52.8336352481513316,173.192033022741469
107282,5.65708089425364502,95.4387754639741104
102457,-4.44921240682881169,-81.2797119722005874
102458,56.5320732174512983,-5.78497713620298981
102460,61.8730227137477016,6.84114826696247924
106194,4.70861103902222933,114.440037988301739
106196,51.449352,3.598314
106197,51.444864,3.705153
106198,51.445913,3.715873
106199,51.453669,3.716622
106200,51.454143,3.709127
106201,51.475158,3.704464
106202,51.467595,3.714569
106203,51.464514,3.700411
106204,51.268543,4.364248
106205,51.263762,4.348525
106206,51.259445,4.376651
106207,51.253969,4.375248
106208,51.280317,4.376818
106209,51.27664,4.355098
106211,51.246967,4.3777
106212,51.249994,4.34853
106213,51.24369,4.398012
106214,51.249623,4.406103
106215,51.254147,4.413355
106216,51.258671,4.413007
106217,38.4154525579181865,14.9621184093777622
108435,58.4365,5.9894
108436,67.9640641716456457,15.9229223822828008
108437,68.225046233119329,16.072887500850193
108438,34.4616,119.7814
108440,2.2141,102.1523
108441,46.7895,-48.0142
108442,60.4334,5.1616
103515,65.063,-13.996
103516,0.992591875405062107,-79.6487772528050186
103517,-33.8701507192987705,121.907046353658188
103518,59.3412,5.6601
103519,5.06840724066223114,-4.43661968422977271
103520,48.4367111516319468,-123.430006628371018
102818,59.0191829999999982,6.03087199999999957
107742,40.074363,-74.896588
107743,39.8817,-75.1592
107744,1.70983357553584936,44.7664685337714445
107745,21.84526,112.91559
107746,6,56.5
107747,-5.32899146970902748,11.4375475749013873
107748,17.5068891869127015,120.389442009299245
107749,-32.1570061374329796,115.762460377197442
100860,43.7527124465329322,-65.3206333597349555
100861,51.504,0.482246
100862,25.12451637083295,121.827362534023038
100863,29.940798,122.278767
100864,7.67547888628991526,-12.7548118668196739
100866,36.880662,122.439167
100867,34.769066,134.651828
100868,35.029,138.506
100869,33.947,130.927
100870,34.116,135.133
100871,33.733951,136.017862
100872,36.7878,137.0836
100873,38.3220065136461443,141.047623213729082
100874,42.949,144.074
100875,50.8280531787821417,-0.247806696358442546
100876,29.0445469499468807,48.1664117711773727
100877,55.945,162.017
100878,21.4786,111.0763
100880,5.174,125.498
100881,13.9576043090677064,122.021310030356474
100882,0.796191199999999988,102.061806899999993
100883,13.1335,100.874
107146,20.8583954971933814,-90.4035490910710138
107147,20.2117035490066428,-87.4230832500934554
107148,21.1674,-86.8076
107149,18.7111386637767154,-87.7091793923979992
107150,20.5002574797741772,-87.2230713643567555
107151,-5.681126,53.6492
107152,9.42440074419167395,97.8858581092360538
107153,6.5395559341417755,99.3237200488018601
104347,49.2339538523782494,-68.130370481768864
104348,-21.1456807808279379,165.557376921954642
104349,49.9367614608546191,-56.1909139346468223
104350,30.9,-84.583
104351,9.60034360491483518,123.144970432308199
104352,-4.86354233730151453,116.404052975902218
104353,10.5097168859680643,-71.6082636971511022
104354,4.73448880000000116,6.963527499999981
104355,4.95146651869268695,118.587598297078529
104356,45.3015856499961984,14.5445735865980073
104357,66.024,-14.829
104358,52.017665,47.794003
104359,1.036,-79.729
104361,59.191667,2.388331
104362,61.2098609780111786,6.53844776539077355
104363,-1.257,116.808
104364,8.74185713889347582,124.772636600129943
104365,68.3503987378441593,16.890977825685237
104366,-5.78218969935278082,148.433336431436061
104367,27.7493642482656071,-15.6704795427963699
104368,-5.5248,149.6797
104369,-5.55657579026886417,149.210718511316855
106315,57.699648,83.576278
106316,57.724452,83.794737
106317,60.994411,68.979396
106318,56.708209,84.657232
106319,63.79114,65.893134
106321,56.0590607454373071,93.0073105654145564
106322,56.1569430999999994,93.1631418999999994
106323,67.92124,14.939991
106324,35.321325,34.004976
106325,58.0939911821353192,93.0179445322725655
106326,58.098831632549782,93.7674567768517306
106327,58.1274438884877256,94.5212733941534253
106328,56.795,105.8268
106329,60.359782,120.43593
106330,60.714369,114.963319
106331,60.217605,114.130387
106332,59.638295,112.771949
106333,59.426359,112.566059
106335,58.947871,111.327633
106602,63.306372,5.340169
107304,49.1219945343966131,-53.6099209580618989
107305,49.5166667,-57.876667
107306,49.5911340757874015,-57.919776925675734
107307,51.516731,-56.827473
107308,51.3629871657603019,-55.5739976641508591
107309,49.5712076756242652,-54.3010771849954708
107310,49.6498693364449082,-54.7656411079615282
107312,56.545669,-79.227951
110608,63.0403,7.4882
110609,32.0866,121.75
110610,63.0463,7.5104
110611,70.7514,25.637
110612,70.3188,23.5004
110643,60.3101,21.2195
110644,59.95387,21.75576
110645,60.165,21.7106
110646,69.7473,19.1423
110647,25.164,119.0017
110648,20.9613,107.0656
110649,-6.6163,113.3175
110650,66.4777,12.7355
110651,71.0178,25.3891
110652,63.5884,9.3429
110653,68.613,14.3465
110654,68.3397,15.3843
110655,60.1461,-44.1673
110656,49.5017,-57.9115
110658,60.8269,-45.7853
110659,45.9979,-73.1738
110660,44.0375,-77.129
110661,47.1238,-88.565
110662,59.4606,24.6482
110663,-0.6733,109.0283
110664,41.5136,-88.09
110665,41.6772,-88.0058
110666,62.9902,8.6041
110667,70.7567,23.4353
110669,69.4456,17.9961
110670,69.6082,19.7369
110671,68.63,14.715
110672,51.33734,4.29513
110673,51.35575,4.29443
110674,63.0168,7.3545
110675,30.7277,130.9881
110676,31.7277,130.663
110677,59.34,5.3181
110678,63.5249,27.23109
110679,63.20372,27.22073
110680,51.8968,4.701
110682,63.19065,34.88662
110683,1.3906,103.9993
110684,-1.0662,100.408
110685,25.4975,-76.6397
110686,-4.98898,139.45034
110687,-6.09547,140.29619
110688,59.8916,10.7572
110689,70.193,-78.276
110691,-6.52578,139.33136
110692,40,-129
110693,-5.7318,138.38557
110694,-7.35822,145.22382
110695,-7.869,145.188
110696,-11.5556,136.059
110697,-10.13,148.17
110698,10.06445,124.47405
110699,10.15304,123.70941
110700,-8.21156,128.15106
110701,-7.93178,126.40878
110702,-7.69207,126.29728
110703,-1.98753,125.95287
110704,-1.3418,127.6554
110705,-8.5323,125.6875
110707,-7.58716,127.36585
110708,-9.1865,124.3928
110709,-9.1775,124.4924
110710,-8.5561,118.2199
110711,-3.2867,122.3188
110712,21.5255,-105.2885
110713,19.01294,-104.26036
110714,-4.0642,152.9788
110715,-3.4649,152.2321
110716,-3.6576,152.4429
110165,-3.85203,126.73138
110209,-3.71457,126.39736
110225,-7.9574,145.7658
110246,-3.78151,126.51027
110249,-2.91384,129.81616
110292,-22.0425,166.0776
110299,-3.879,130.903
110376,26.5832,127.9808
110396,26.6383,127.8795
110397,26.6114,127.8936
110473,26.19919,127.36805
110549,34.75,137.208
110558,34.6165,136.5609
110593,34.8297,136.5982
110626,34.886,136.637
108840,67.9588,15.1717
108841,70.5495,22.9558
108842,59.9269,5.1792
108843,-0.626807784091224285,-47.3638341210853326
108844,9.44664208610330469,-79.7552898578216229
108845,59.7785,5.8981
108846,59.7607,5.6867
108313,39.1017574258963307,26.168890333833783
108315,44.7055964363706622,14.8606947269184229
108316,-25.20408,-42.87856
108317,-25.6728,-43.20619
109606,9.0205,-80.6959
109619,-63.857,-61.027
109620,-63.9171,-60.7846
109621,-64.1483,-61.6113
109622,-64.1495,-60.8972
109623,-64.3215,-62.9681
109624,-64.4215,-62.94
109625,-64.5717,-61.9952
100332,6.216,102.183
103137,40.5499999999999972,141.515999999999991
103138,29.969,-93.3354
103139,32.4705066257066193,34.88165391994945
103140,55.2515,9.50642
103141,34.9416,127.8227
103144,64.06594,-21.963203
103145,29.981390300000001,-90.3980217999999951
103146,32.823820841285503,35.0201249395656475
105294,44.834395,20.452615
101062,33.25,131.866000000000014
101064,39.6397992523413265,-0.208603238738682445
101065,5.06281156405900568,119.075078781031308
101066,33.935,133.169
101067,32.9660000000000011,131.915999999999997
101068,12.0502,-61.7572
101069,15.227132,145.735047
101070,34.566,135.45
101071,34.331473,133.843353
101072,35.535486,133.255351
101073,38.938,139.814
101074,33.396,134.219
101075,54.8020530082214634,11.636292012937
101076,57.7559639622010295,24.3550679243827446
101222,43.5385113326241466,-7.03230717631095192
101223,-28.798705791300506,32.0539296909562452
101224,46.2953779537977539,-84.0363867291875408
101225,37.9163000896051017,-122.363590981375609
101226,37.5280639967278162,-77.4278216429335515
101227,51.3848637285514656,0.759498446198117683
101128,10.383333,108.5
102888,21.4654681731883592,39.1530601126882232
105380,5.350225,162.956614
100240,55.2456714181298736,14.7296378915734785
101991,64.4594772092812462,11.5070412307265961
102004,34.05,131.799
102017,25.0818064273152217,-77.3410010505643442
102033,45.6074789158633536,-61.3871320732190071
102049,23.6470029512009887,58.4966423181818413
102064,-14.5356420133743711,40.6622079273179082
102081,10.526204456090877,-68.1871791614030514
107211,47.3459006657697614,-2.51515800979968152
107225,-34.7550898345022148,135.887907536443464
107240,69.9605824964495895,23.2182187795384323
107254,62.0009999999999977,-5.00100000000000033
107270,-7.54113546970902782,12.163908574901388
101859,35.083,138.85
103636,49.9333012207046636,1.08713772158597077
103653,46.5771394343776208,31.4622380938068176
102904,61.207694,-48.172495
102918,56.024641,-3.388736
102935,43.21,141.306
102952,61.7230625293727186,17.1126009775465455
102966,55.7537234073816919,-4.88079561639958204
102982,39.4988792835854738,20.2630695623900792
105133,10.081,73.63
100713,4.869,104.759
100729,51.5143956137785679,0.722168188868762551
100744,13.166,100.916
102494,56.5514197590288674,8.30623027176272899
102506,5.45149974160423856,95.2402009287757352
102520,41.4903540410874996,-81.8375649762615183
102535,59.898981132715619,23.2604037774582011
102552,54.3412782133539238,13.502193202764774
102177,44.3373872042832602,28.6785395913813943
102191,23.6657337447667686,58.5385786285858671
100960,40.472,-74.361
100976,59.5582733176711585,10.2509112145012669
100989,10.3896127280451331,123.636151710311267
101004,38.1859587660742008,-0.561611128753559563
102626,22.0857018828121952,88.2243256803523082
102643,-34.9610110328844073,137.775594235754937
103673,38.933,121.616
103687,51.4593182181835829,0.266332846151410174
103702,29.726,-95.226
103717,9.41308026263132902,-75.6917808107175034
103732,11.7067810148042124,79.7792192812218701
100354,66.16210951308706,-169.816123802349892
100368,43.1102101275598102,5.9183522226113201
102244,48.7046293179108574,-86.3877978231414545
102260,14.43217365224152,120.498715436730777
100339,60.4379551410266558,22.2164851007342605
100340,51.4507080462652766,-3.66917158027492674
110719,-4.5674,122.2825
110720,-1.7901,125.4841
110721,-0.0565,130.9806
110723,-0.626,127.604
110724,62.15065,-6.93553
110725,25.017,-77.59
110726,62.27414,-7.09081
110727,39.5635,121.2314
110728,62.16277,-6.78384
110730,62.15611,-6.75426
110732,61.44476,-6.77047
110733,61.47975,-6.7427
110734,61.55284,-6.82848
110735,61.6032,-6.93792
110736,61.82857,-6.80816
110737,62.21343,-6.70727
110738,62.19621,-6.73939
110740,62.27467,-6.50657
110741,62.29481,-6.52281
110742,62.29765,-6.52247
110743,61.90371,-6.87981
110744,61.95664,-6.883
110745,61.96221,-6.81884
110746,-5.5275,150.3043
110747,62.15259,-7.16547
110749,62.1877,-6.982
110750,62.1848,-7.0115
110751,55.0557,-162.3229
110752,54.815,-163.368
110753,41.2841,-70.091
110754,-5.3748,11.4392
110755,56.8972,-154.249
110756,60.4,166.18
110757,51.8467,-8.3286
110758,29.9883,121.839
110760,65.6248,-23.8239
110761,70.48452,27.98564
110763,5.28285,104.38289
110764,30.3,121.94
110765,30.436,122.274
110766,8.0108,-56.9908
110767,-1.467,-85.083
110770,62.4899,6.3047
110772,13.24984,60.33364
110773,10.338021,-14.765993
110775,20.550919,106.563184
110776,52.999999,5.266667
110779,60.145342504068765,22.46847337431437
110780,60.4822383664479,26.974887748458567
110781,60.2654694958835,25.54635094679855
110782,60.01606512571136,25.523372273657877
110783,60.16221433420837,21.692437474743564
110784,60.11050251163469,21.663166036661096
110785,60.378301272282904,22.09605517296356
110787,21.409722,91.81638
110788,-2.6676237296244287,108.17732955519715
110789,7.00001142346351,74.0000938339772
110790,58.536291775117284,22.23874924903325
110791,55.67501587987794,10.706659263755236
110792,50.888171415201505,4.387771094209558
110793,-62.46672033141828,-59.699914356017786
110794,-60.699974473825975,-45.56656823537593
110795,-60.700136059210955,-45.699778064939814
110796,-62.84669692268563,-58.49887372821364
110797,-60.424033301469194,-45.4403243616653
110798,-54.214279442054924,-35.00329278764427
110799,-60.60014086503317,-45.333256173255876
110800,21.988945259196786,90.27970539644578
110801,55.97317762175709,11.298348392531745
110802,61.2157647108455,0.7567692096316863
110803,59.557503775234004,24.552821968712777
110804,58.63568651636826,17.878905993130736
110805,51.25619313276473,4.2325393008649845
110806,-5.918676452181545,105.99971982009615
110807,6.459321474560938,-58.31549644102044
110808,61.50582453756642,-6.757286096992577
110809,61.52518603572249,-6.882179435812149
110810,51.10268403052058,3.7364342619918305
110811,60.22542315684997,19.534797024601534
110812,60.09835423211356,18.816044506657047
110813,69.89513755326294,73.6676557615939
110814,59.01807816883744,9.841075677924518
110815,60.52316001009973,5.318111809798572
110816,-39.000077027860115,-51.883342399951445
110818,16.832906213239095,40.14205303854619
110819,9.443216874992087,123.23849943516902
110820,12.999999806945501,65.05250003902594
110821,-7.3653561486831505,11.37708502855745
110822,51.51901292588289,4.004194714285435
101648,-6.83895209439244933,-79.9422850743144124
107190,0.0025,130.868
107192,-11.1936876274780062,13.8337261245469367
107193,58.9593,-3.29985
107194,58.8342632790665121,-3.18950944284882576
107195,35.188,32.828
107196,41.3891479651666288,9.155018464072322
107198,-7.06479197023571803,155.864512196700332
106336,57.768977,108.111327
101366,37.1643319721797241,15.2099177827762411
101367,-7.72124792036368301,113.222794236219315
101368,21.343836153396726,-89.6787740786546692
101369,37.0513316441064973,21.5575692011477358
101370,72.383,-55.566
108443,-1.837524480864557,105.153003218842031
108444,-20.0587,115.192
108445,56.19,2.6832
108446,54.9860978474321911,-1.45504871063144758
108447,-2.93500028692564818,106.96540715986518
108448,-2.72787657840494369,134.5033978817915
108449,-25.6616,-57.6848
110356,-12.81406,-38.67992
110357,30.0916,-93.3248
110358,-22.9337,-43.8591
110359,67.5728,15.1287
110360,69.5463,17.7697
110361,65.6603,12.089
110362,62.6918,6.6671
110363,62.6874,6.6597
110364,60.4916,2.05726
110365,61.912,5.8568
110366,61.782,6.1936
110367,18.4526,-64.444
110368,67.0688,7.0101
110369,60.4287,6.6037
110370,66.1363,13.5808
110371,59.3213,6.4463
110372,61.8371,5.6753
110373,41.271,-73.962
107495,39.187649,-93.895321
103718,-33.6886818422801539,136.936133982134152
103719,50.76145933354573,-1.29354142774191594
105793,17.9399462573348281,72.9769603158674585
105794,38.751789728982196,23.0246000524719818
105795,38.8579490576442055,23.0407663168534569
105796,62.1396,-74.6819
105797,0.81940925011423138,102.401514367219249
105799,54.95,4.6
105800,32.0282,120.5858
105801,69.2382606684199828,19.3610589038338148
105802,36.3154796531515913,33.8816828283995974
105803,70.0729544343572712,19.991806268730091
105804,69.508505037416711,17.9097866699632888
105808,38.6716723970717098,23.0760609999999993
105809,5.534,-87.061
105810,17.6989867735499224,42.0040717852550998
105811,45.4677,28.2112
105812,20.6707959970091082,39.5209300467537616
105813,38.8381779109651433,22.8861190010107833
105815,38.4182272199703192,23.5945858990753088
105816,38.5811262910029242,23.5476579354097488
105817,39.1386997305962439,23.2745966306745622
105818,39.0070916446698845,22.9630092530530341
105819,39.1482786979821498,23.8734602304474102
105820,39.5386351978124964,24.9860556137159904
105824,39.0066739169551155,23.2074615903097943
105825,39.0363207798079728,22.9789134093532823
105826,26.0155476180932332,-111.338149482135464
105827,26.9000554346951049,-111.952951281875443
105828,39.1642287191736074,23.6153524964580939
105829,43.0831245008786397,6.16050353411408036
105830,38.8499207969550469,22.9880839736068374
105831,39.0915421439051158,23.0697515813398475
105832,43.5227384934971866,6.94405820441337784
105833,43.7779999999999987,7.49600000000000044
104203,-1.433,-48.499
104204,54.615704068348137,-5.9039598372983253
104205,46.1822142088120415,30.3765237047120387
104206,4.133,105.133
102870,34.432,135.321
104623,-8.90917877651826551,116.280389267101611
104624,10.7864491998269472,75.9180997145349323
104625,9.49334689905562179,76.3169492103272091
104627,16.0590000000000011,73.4549096592601103
104628,13.6377907061085626,74.6698594771228414
104629,12.4752419225899747,74.9936402560302326
104630,11.5986163274237875,75.5776095688960083
104631,9.95727987474051801,123.956564839519331
104632,11.9903495658093942,120.211897591999545
104633,3.91500000000000004,-159.735000000000014
104634,25.273025717941767,51.779116019506489
104635,25.265,56.676
104636,25.589,56.682
104637,29.7713934470288848,32.6069982647092402
104638,21.3864456898602882,39.1143932387071516
104639,12.1464417357357242,-69.0773643136500795
104642,-22.9375945119607465,-43.8336377516504214
104643,8.28582808445731267,-62.8475761700305782
104644,28,-89.5
104645,27.48,-96.821
104646,27.807,-95.526
108318,64.34067,10.5013
108319,37.501,24.347
108320,41.042364136448036,29.0142475864192875
108321,64.3285918368292187,10.4447470473706527
108322,43.625636957913656,15.5742548616910383
108323,40.0012396302084383,26.2638737176022623
108324,43.9795510632576736,15.0968083927578824
100968,54.516,9.569
106603,50.317873,143.793422
106604,-1.03088498116896643,-51.0374280445358224
106605,63.3372004253010488,-90.6992871882662399
106607,64.1331346340070496,-83.1614652205251303
106608,62.2092694114086981,-75.6507715343935701
101778,58.9549999999999983,14.0440000000000005
101779,49.2880429468282699,-0.248050385269413559
104769,-41.7651390231553634,-73.1304326223665413
104770,10.519,101.261
104771,10.076,101.428
104773,37.9189400107145076,23.0228672386994475
104774,21.5865498138730203,-78.9717191615929863
104776,31.968,120.004
104777,31.924981,120.20349
104778,16.175,120.375
104779,0,0
104780,0,0
104781,1.04288059279124723,127.963047830501012
104782,1.16575955066233483,127.902695014851062
104783,-13.8603010177059751,136.415727426515332
104784,-10.6015934542393371,141.900396117637882
104785,-33.760021,-59.18177
104786,39.671956228704218,16.52764873772092
104787,4.143573,100.623042
104788,56.739,1.302
104789,57.263,0.809
104790,57.166,2.277
104794,44.12671,27.265496
104795,43.86748,25.971801
104796,43.837849,23.240007
104797,44.062229,26.652804
104798,44.249093,28.299967
104799,44.352,28.02
104800,43.881164,25.992848
104801,43.625189,25.360503
104802,43.71159,24.899676
104803,43.769877,24.525877
104804,44.000887,22.93084
104805,44.72356,22.401081
104806,-3.52791036702942229,-38.7928443746133027
104807,45.99428,18.696596
104809,47.5603131186970316,-122.536157017255107
104810,24.412,118.054
104811,65.131367,6.865786
100982,41.4632883163003214,-82.7083846915619318
100983,60.413,5.315
103238,21.4639782102550676,-71.1500189336092603
103239,48.4019804044764044,-70.8322610337584138
103240,56.0333348873609296,-3.69243362113610019
103241,55.9845473190497529,-3.22083538867436525
103242,60.690149879191296,17.236455990930565
103243,48.8335415568932305,-1.60394172686459213
103244,60.521,6.715
103245,-40.0656344134137186,144.061018823021385
103246,68.1232607053269135,13.5518707118615378
100107,-7.69957974982298587,114.233704209177702
100108,53.5169,9.93879
100110,51.072607,4.364705
100111,-37.8626417387578158,144.91670283012175
100112,39.719484,-75.520731
100113,34.1921091809134907,-77.9560370261733908
100114,45.0052828581500677,-64.1492245906541285
100115,44.631212,-68.842932
100116,43.9994117381516858,-69.664185641840902
100117,53.899946857203652,11.4460064089454576
100118,51.8534781999999979,0.959925699999999993
100119,54.7970559484066726,18.4217568498171573
100120,54.0459154165860554,13.7817304329615826
100121,39.166,127.433
100123,49.6649338824081212,-123.250697364694304
100124,54.6494875217240335,-3.56404379354344725
100125,49.641559,8.375109
104267,-5.45398044624471368,122.599698360388359
104268,43.6136930488514452,-83.8691232348264322
104269,47.5892066516055507,-53.2628140679363256
104270,10.673730541877303,124.794970145381811
104271,43.5686124038373208,-81.7034150427236199
104272,43.508264,-1.495039
104274,28.9558097162927446,-82.7024562911193613
104275,45.1591748896205232,-67.141384878986841
104276,29.729,-95.022
104277,40.283,122.1
104278,41.3252970052598769,16.291419777169839
100757,45.268,-66.066
100758,59.199,9.616
100759,36.8863149727098403,6.92438680446822108
100760,38.9072391572381662,24.5713471173031905
100761,56.571922,9.056253
100762,61.4818063965969444,7.59193890678491634
100763,59.317,13.44
100764,63.7172812365360883,11.1554458985474145
100765,39.1224619376081648,23.732696771549481
100766,-12.5,124.416
100767,59.1469999999999985,5.25999999999999979
100768,60.6472450052169165,17.3923731434537814
100769,23,-111.5
100770,59.3272842243131677,10.5150588997555641
100772,54.2814653851100104,-8.48931161253883459
100773,57.7107410799497416,18.810024084967452
103081,-42.8794607686026836,147.341437791639777
103082,40.745,-74.017
103083,62.0852466578563593,6.87562021510788579
103084,56.638544,9.801627
103085,14.8346251950303163,42.9358485147077076
103086,59.822771921873553,22.9470174538990506
103087,34.45,135.366
103088,57.12411,8.593904
103090,45.069119136144252,-64.1702475580975857
103091,65.771577,23.899549
103092,29.3028320350673326,34.9427751472548422
101228,64.891,-23.67
101229,56.9848663168011029,24.0876687221330492
101230,45.3282705255374978,14.4211773541485559
101231,48.4812738811161168,-68.5142286212191891
101233,-8.12214310793518024,157.108139889001023
101234,-22.8909544658291608,-43.1986033269582776
101235,-51.6110516379225359,-69.2184056149206839
101236,67.5749962641578179,-164.067877542087189
101237,36.8053308685538596,10.2702441922593675
101239,59.1,9.59
101240,-4.83959285907217751,122.734210340359411
101241,12.7379497862312867,43.102601023935037
101242,51.3802,0.628698
101243,46.092989,-122.932057
101245,-33.477184,-59.996528
101246,68.4906,16.503
101247,51.3269454323101471,1.41568827559557464
101248,56.461542,10.053146
101249,10.014,108.257
101371,41.8151696524203729,-71.3979306751826499
101374,38.5506894508131168,23.6132943103395476
101375,-33.248854,-60.284931
101376,8.26743584383032193,-82.8569011093029246
103251,59.2614,11.0365
103252,52.573501,1.734192
103253,44.521344,-88.010335
103255,54.034174767877218,-6.13452549621929055
103256,-52.6271513562986542,-70.1954871781689604
103257,54.1042994322053445,13.4476787940972393
103258,56.4159797730975612,10.9288173694728634
107372,38.36765,-81.710718
107373,38.353859,-81.645937
101781,34.066,136.216
101783,0.284133426990569038,9.49273361706165808
101784,37.777,-87.108
101785,58.6603277979928208,17.1194433785861975
101786,8.13831872834420622,123.845087158688656
101787,-20.4962108915256458,164.169816816838107
101788,-0.944953951342501486,100.350464010795406
101789,37.090372,-88.58763
101790,-3.61266137448954305,115.932650396820108
101791,13.8942905240844645,121.740586565577999
105182,48.367258,-70.726039
105183,74.46,19.06
105184,76.5470695031633426,25.1695300728015852
100832,0.102591587080494873,129.1443854612954
100833,59.8820509373416598,10.7648413585180975
100834,57.755,10.828
100835,60.377586,5.188631
100837,46.108344112715109,32.9124109081042704
100838,65.8259999999999934,-20.3129999999999988
100839,59.4462538094248174,-135.329290231400932
100840,38.0097811201652931,23.5903757591689427
100841,64.6803726868204478,21.2447897968672343
100842,55.2520000000000024,11.2929999999999993
100843,39.1617156226627401,23.4930076412499247
100844,0.889107852566321744,127.494461465161123
100845,10.5839718414739146,125.691003986799515
100846,25.1692811808284915,121.166766279467268
100847,49.1580000000000013,142.039999999999992
100848,31.3895,121.6054
100849,30.738,117.532
100851,22.7796,115.3435
101527,29.993,-93.938
101528,57.0391871622953204,-92.5909966518524925
101529,40.6881,-74.1262
101530,-29.2571124425715396,16.8668208784681859
101531,39.2335522762848896,-75.0310041749250161
101532,10.6504553540414264,-61.5178677144509152
101533,53.2407547224340547,-4.12629570448724969
101534,-38.3046095765364853,144.626792750628738
101535,-33.1687590653042861,138.01400485819255
101537,45.6144655877449807,-61.3670129335628403
101538,50.3836058362769421,-127.455792504932589
101539,21.9,-159.583
101540,30.439443,-91.196327
101541,-23.5828108534598009,150.863290719720652
101542,48.125178,-123.440435
101543,18.181,-75.475
101544,27.8420181883432001,-97.055940433953225
101545,29.832957,-93.96143
101546,18.5540776701716723,-72.3532824336818692
101547,-32.4936168225461941,137.758591292045338
101548,44.0503120351464972,-82.9937983165978039
101549,47.5816061895865019,-59.1368946094966716
101551,47.596096617721237,-122.505766489140598
101553,5.27791471780500743,-4.01379411530545571
101554,42.6380586152981209,-80.8072816827260283
101555,28.41,-80.61
101556,50.0327865336356226,-66.7822331475892668
101557,-45.811412,170.631039
101558,54.5844264658383551,-1.23013574269679293
101559,42.876287,-79.248983
101560,43.5473,-79.5764
101561,43.4010021265543742,4.98527039435930774
101562,2.524752,101.788809
101563,-16.4826814527452932,145.459953492293863
101564,54.2263968657680522,-130.297517523236763
101565,44.4448492439425848,-81.4043223773092564
107452,38.157903,-85.906048
107453,38.23398,-85.839818
104437,29.8739616572231981,32.479890212895377
104438,51.857564,-176.631564
104439,-1.70700685621674642,116.599996052659691
104440,-34.8075049991587306,138.514092847305449
104441,12.7991747108496128,44.994099724267862
104442,36.7431342998441153,-3.02019840719425137
104443,58.1727208229781425,-152.569305393184038
104444,30.4249921613756484,-9.64436716852416609
104445,56.9996003280990351,9.29180045913990504
104446,37.9149112540007849,23.0881801695555779
104996,22.14,113.58
110200,24.8829730590922438,118.68741271309004
110201,24.6328942238071207,118.680270247913413
110202,59.937,29.6955
110203,72.0225,20.4892
110204,50.2901,7.6103
110205,-7.0249,106.5405
110206,20.8674043140953067,106.68300769313872
102862,42.983,140.51
102863,33.76,132.7
102864,34.0015,133.5488
102866,38.4460337102323066,27.1472138257009625
102867,40.7537928786609456,29.9323029452080966
102868,40.7239483158762283,29.3360726922689814
102869,44.943,-0.361
105004,-5.30600895946737605,151.000501995464077
105005,4.90405565729101767,115.113880483877878
105007,8.807101,-79.523681
105009,-8.21963351161393341,124.515221018030033
105010,70.6838172562490001,23.6005340507362718
105012,2.1705055903235051,45.5956837792059702
105014,58.108,1.165
105015,59.327,1.577
105016,59.371,1.611
105017,54.114,0.547
105018,54.124,0.462
105019,3.97478,103.423
105020,44.0779523356804148,9.83615051604104984
105021,32.088023,-80.989855
105022,22.814548198060848,120.196247915381875
105023,33.947437,132.13081
105024,18.9799151419105492,72.9199882849095502
105025,22.610249,114.384998
108114,60.4366,5.1026
104685,57.3349536742092596,23.1367589448600448
110824,29.836213137780675,115.6074321321417
110825,55.93334861007934,12.683382515365894
110826,43.22528923714672,132.31550687640973
110827,49.22615655845178,-0.29503161682819123
110828,-77.84556221630262,166.65381144545066
108542,70.2523415326490408,21.783450671188838
104647,28.757,-95.062
104939,55.041867,-7.265627
104943,52.884,-128.508
104944,53.707568,-129.806052
104945,-68.816,-90.729
104947,33.049287,129.631249
104948,19.795712,105.818789
104949,16.903,107.198
104950,16.102,108.234
104954,16.063,108.227
104955,10.913,106.842
104956,10.7625,106.733333
104957,10.760221,106.730979
104958,10.682,106.768
107760,-2.5315674418925358,110.216075843763662
107761,-5.28400357182232483,122.060527849432376
107762,26.379,119.757
107763,37.039679017633361,25.0853751101158409
107765,36.9292630385101006,25.6005334685077308
107769,-9.43014544733757276,147.110605778043237
107774,57.6647243667226945,-4.27847754972735395
107775,-13.3671452631232679,141.722676117084063
107776,42.4733700000000027,-73.7891800000000018
107777,11.0427788488015413,-74.2416741512966922
107778,0.859747741387361986,122.794896068290797
107779,-3.65717439116477694,122.247214793485952
107780,35.517,133.202
107781,47.7612,7.3757
107782,-12,65
107783,10,68
108719,70.5731,23.3979
108720,60.1574,6.0501
108721,60.1279,6.1499
108722,60.1059,6.2052
108723,60.0824,6.08
108724,60.0406,6.0109
108725,59.9844,5.93
108726,59.9757,5.9092
108727,59.9928,5.8584
108728,60.1074,5.9398
108729,60.1261,5.9305
108730,60.1124,6.0425
108731,60.1462,6.1211
108732,60.1988,6.0968
108733,60.221,6.1396
108734,60.2159,6.1567
108735,60.248,6.2014
108736,60.2612,6.2251
108737,60.3242,6.319
108738,59.2933,6.0729
108739,59.2939,5.978
108740,59.2937,5.9393
108741,59.2868,5.8096
108742,59.2781,5.7776
108743,59.2389,5.7406
108744,59.1833,5.6611
108745,59.196,5.8081
108746,59.1474,5.8638
108747,59.192,5.8701
108748,59.1172,5.8444
108749,59.1223,5.9344
108750,59.1835,5.9491
108751,59.2114,5.9532
108752,59.2277,5.9842
108753,59.2266,5.8538
108754,59.1316,5.7216
108755,59.1037000000000035,5.61920000000000019
108756,59.0643,5.7226
108757,59.0276,5.6649
108758,63.4575999999999993,9.07600000000000051
108759,63.4607,9.1444
108760,63.4772,9.1332
108761,63.3812,9.1643
108762,63.3555,9.1336
108763,63.3249,9.1105
108764,63.3335,9.1806
108765,63.3504,9.2332
108766,63.3667,9.2452
108767,66.733,13.3318
108768,64.2212999999999994,10.2798999999999996
108769,64.3916,10.5076
108770,25.18,-78.0271
108771,61.4897,5.0235
108772,61.5839984964979763,5.00212304844536426
108773,64.8017,11.1622
108774,68.7195,17.1388
108775,68.78,16.0978
108776,68.7669,16.0648
108777,68.7163,16.04
108778,68.6991,15.9789
108779,68.6565,15.9003
108780,61.5721,5.0466
108781,61.584,5.1336
108782,61.6039,5.1865
108783,61.5803,5.2433
108784,61.564700000000002,5.3089000000000004
108785,61.5566,5.2147
104279,54.5021229676494983,-8.20253550380202867
104280,-6.28622774149007402,108.456306731950804
104812,4.02099999999999991,7.47289674503849088
104813,-1.90910679999999999,116.202543899999995
102613,4.87487259072573664,97.9458582384392287
102614,4.779182,103.427498
102615,-0.516118023066590492,103.393170242102656
108325,44.3804788229695504,14.7751333559091176
108326,44.3732122041873254,14.6906838518602267
108327,44.337,14.5932
108328,66.3603057148921067,12.6077603290440958
108329,61.6685951157385901,4.97293360593097411
108330,66.6560780151350514,13.0662183100073097
107544,35.741,-89.85
107545,35.676,-89.941
107546,35.518,-89.939
107547,34.891764,-90.267649
107548,34.841657,-90.365797
107549,34.503195,-90.586629
107550,34.393227,-90.609975
107551,33.691884,-91.226021
107553,32.756,-91.171
107554,32.349125,-90.983282
107555,32.199,-90.989
107556,38.159976,-90.276964
104320,41.1400191538144995,16.8598885124643871
104322,51.5123147338883598,0.0891236663025728182
104323,60.9062447367089774,7.18409464266972542
104370,-18.4725368112111816,-70.3270970079408642
104371,52.7946005679096189,-6.14557728932210878
104372,43.696202,4.625669
104373,51.971828,5.916694
104374,28.968266001162231,-13.5281794751549906
104375,17.9625353147418956,-66.0652660962289815
104376,-33.1261,-60.5081
104377,36.4166258677083121,35.8856128423555276
104378,12.522504131632294,-70.0468715250306673
104379,5.24854042751811978,97.0700688482090612
104380,35.8497506804260837,-0.295335875062089748
104382,14.6906143064415726,49.4888471252986264
104383,31.828011672178647,34.6380251047190413
104384,31.6350151107398112,34.4935238060499856
104385,46.6011574024206752,-90.8818438391483454
104386,41.9147442442075118,-80.7895227523262918
104387,34.2778595097543857,11.3956111547587682
104388,35.4712737854323166,-6.03375822667709372
104389,29.428,32.772
104390,55.665524726701932,11.0811405547787079
104391,38.3758925508697075,22.6334456913354316
104393,13.0048127996527665,42.7466448867093689
104394,39.2419393669114172,9.04347057597114734
104395,55.270909,9.885932
104396,38.5321525144539621,21.0822291822616066
101767,44.4068832456398255,-83.3227126496379782
101768,43.866448829624872,-78.8228318528176572
101769,44.0101818676381598,-88.530294551722605
101770,59.9060915743890945,10.7134264317600483
101772,29.3712153150454931,-89.5551938746553589
101774,40,19
101775,34.207,132.249
101776,43.199,141.016
101038,24.3971767162923001,-110.676783346386443
101039,-15.348036748411392,-75.1568745870074082
103367,59.187,10.9499
103368,26.5293494487556032,-78.7729356851766198
103369,32.3213073403851254,-64.8344568786921513
103370,28.942802645490957,-95.3168497094803655
103371,8.49426160623423954,-13.2134785601438036
103372,-32.0460467397192161,115.74597846876604
103373,63.7284645261153599,-68.5214130807443951
105263,52,-5.85
105265,68.415984,15.133994
105266,69.2284144896955524,17.964306728548582
105268,20.46,-155.976
105269,21.798,-158.73
105270,21.266,-157.47
105271,13.81817736135784,93.1392142298424233
105272,14.5,93.5
105273,15.133,93.814
105274,7.69803018600184163,93.5258269669925113
105275,10,92.5
105276,-3.00599970964537899,107.307209546486945
105277,-3.08291391789606228,106.274397895035079
105278,49.9771931000000009,-125.191121100000004
105279,11.8625203203241334,121.728238972938939
105281,11.2623581762832981,124.997561137113649
105283,-25.065,-130.104
105284,-27.125,-109.365
105285,-12.4875,177.1211
105286,35.341,33.336
100852,25.3634449773037005,55.37027049557895
100853,-25.9330437386273758,113.530890086359321
100855,51.7205553151173945,-2.4755430561597036
100856,43.750397462318503,-87.7012243469580284
109689,77.5498,15.6363
109690,77.5541,15.0835
109691,78.2085,13.8606
109692,79.2608,11.662
109693,79.2659,11.9531
104339,10.6882850680671364,122.934094615513786
104340,9.23042799070580955,123.293425951504673
104341,-7.17319,139.59267
104342,54.7479999999999976,10.6790000000000003
104343,40.8015967911271176,14.1665911894483347
104344,48.3448593024548288,-70.8770080455250024
104345,-38.7978234574797867,-62.2597807414999522
103147,20.0502505210587962,110.321284495406715
103149,59.2295570093655996,-135.433326167973775
103150,20.8666900210652884,106.683290329618046
103151,33.6114,130.3972
103152,41.783,140.7
103153,59.116500000000002,11.3736999999999995
103154,22.0278819434960553,88.0961812987053037
103155,44.625718,-63.551546
106399,51.27112,5.742564
106400,51.608185,5.523934
103564,43.4719613379334646,-8.23474956790006374
103565,10.8662847763804322,-64.0625524781012388
103567,33.2566448195029807,-8.49730371647368266
103568,31.2721705356315205,30.1540901094640752
103569,51.0465274386407941,2.3586287005217077
103570,10.4982067292450978,-68.1276872489779635
103571,33.9207970158568628,-118.435989626228093
103572,47.3047200019863823,-2.06904699552166038
103574,23.756227,117.50895
103575,46.6686,-71.7474
104449,58.1210000000000022,7.05400000000000027
101167,13.9082180000000015,-16.7589103000000001
101168,51.42,3.009
101169,49.447,0.056
101170,-0.158849199999999996,109.085813599999994
101171,51.5027321994688236,0.496180171387940461
101173,41.0012608239973488,-72.646619620607936
101174,49.1341184310870673,-66.4870979963682913
101175,41.0370428833394314,40.5131106627467616
101176,35.38,119.555
101177,18.4189715527243223,-64.6173748876014713
101178,16.3120620309766835,-86.545212178580087
101179,49.010726,-123.165172
101180,45.941995,-0.952998
101181,43.2555,-77.6054
101182,51.388,0.516
101183,-23.3789217924421706,150.517447530792168
101184,44.0964961545092677,-69.0996804477577911
101186,17.8196777024370903,-77.1406592187751841
101187,54.652,11.353
101188,45.4111568523749511,-83.7857170223311698
101189,67.1041882725644285,15.3963205193243944
101190,58.9084528111248602,23.4210007841724916
101191,55.096701,14.692094
101192,56.1748006565556963,15.3011035756944942
101193,-32.0473634423775948,-52.0720322996479013
101194,48.947863167839337,-88.2515120907426933
101195,54.616,-1.066
102736,66.2783335759258989,33.5687832257200256
102737,4.59102,103.462
102738,55.454,10.665
102739,-1.84474002325133268,109.966758932819516
102740,55.3395953795477666,-131.647532963932861
104497,42.621990083607912,-82.5245031568330774
100440,37.4974,129.1496
106946,29.1280323216551373,48.1518042288226411
101878,55.411031,10.380712
101880,12.4054213648993379,121.979189188652953
101881,4,7.74889674503849069
101882,26.21364524725238,50.8340498905408253
101883,29.494,49.716
101884,28.669,-94.145
101885,27.383,50.483
101886,26.166,52.1
101887,39.058,141.725
101888,44.7074941789495242,-75.4874674190919848
101889,35.496277,139.770822
101890,51.4481590542287321,0.340122456718894295
101891,10.698061,106.75431
101892,12.25,109.200000000000003
101893,-13.85402,136.81235
101895,43.6913390406380202,7.28841994519616865
101896,11.043,118.813
101897,5.94899999999999984,-56.9947999999999979
102013,61.1456000000000017,-45.4358999999999966
102014,68.4312864046092244,17.4113045314923411
102015,67.6488603118413323,52.998714717110893
102016,8.98046977165668636,125.335729069412494
102018,-5.77305997128029169,-35.2055252999119048
102019,31.564344,-91.412019
107584,41.264252,-95.922875
107586,39.314062,-94.906361
107850,68.7797048656937022,17.1827757559768592
107865,63.2906330008780174,9.09211790907311368
107880,63.0911205796644055,27.7532639601298214
107896,60.1018670543623159,22.8618067501196585
107911,22.5738,114.4322
104346,26.1686450985855856,50.7054734580993625
104360,8.95788208072724856,-79.5652490455502175
106119,-0.424035706127641687,103.797550834638088
106120,-21.1697964720985148,149.317810262378117
106121,43.4098411484982165,-124.219191200398598
106122,4.96740724066223116,-4.55161968422977292
106123,31.187045,118.046771
106124,29.764109,116.076059
106125,51.34858,0.743402
106126,40.128027,-74.820949
106127,39.849222,-75.297213
106128,39.696325,-75.514353
106129,39.975742,-75.088028
106130,14.0177540645125696,-83.3827552176940827
106135,-10.798290599274015,-77.7479971322659082
106136,30.3994182454620478,-81.4325160235539585
106137,15.285238,-23.760551
106138,57.2205826637335662,10.6712427791445599
106139,59.815841,5.275381
106140,36.061059,120.230431
106141,54.2296731364642213,-130.338760591619689
106142,26.2258810468703487,127.301669416931048
106143,59.4209447019035437,27.7428511193757821
101256,29.716,50.166
101263,30.4974649411421552,18.5850446920495287
101269,62.2598,7.0317
105552,1.465964,104.03981
105559,18.3195817008069781,72.9609246341372426
105565,9.834,108
105570,43.112686,-79.196701
105577,26.5006950434312785,-78.773282709476149
101238,38.0235272797386088,24.011158895201838
101244,2.14119720000000013,111.244112200000004
101372,64.4191932009948403,-173.230800919163443
103254,55.9557697308446791,-4.75939720800682498
106180,49.993351,9.581326
100254,57.7569490548419395,16.6472815932655394
100261,45.4322880350524088,12.3068019431231495
100267,70.0719524098414581,29.7450996979539006
106699,51.0643,13.7092
106705,13.2841159594744074,-59.6527289833372336
106711,6.61562,73.0652
106717,28.865,-89.4183
106723,11.1406155062363155,-60.8419155892554215
106730,39.144020906949109,8.31310539911504165
101389,10.9943350860161502,-74.9694853601251765
101397,17.9505917994193531,-66.1840143867927111
101405,10.7540789197459308,-71.5534887395030808
101413,-8.766,-63.916
105453,-8.17365287497901605,126.397341017661418
105459,50.7652873412128898,0.296482664303258148
105465,52.342,5.072
105470,0.428068167523869003,104.279064380278925
105477,-10.3830205632660935,123.363115900771504
100122,52.088948,1.318388
102056,39.8727722310767732,25.0534491308821572
102057,29.626169413129265,-89.9162713744945137
102058,39.0994580939330802,26.5607277722674198
102059,-5.25,11.6
102060,60.456272341390964,22.04530586220484
102061,55.704,52.304
102063,28.075145,34.42869
102065,35.1841255754929279,-2.92165569813084058
102066,55.2255457053392433,11.755461356032729
102067,33.615,132.488
102069,20.9026623322553036,37.1599302486807872
105962,58.632775,16.333485
105963,44.5729701074273166,38.028841960395674
107051,-22.820141812628723,-43.152003667241118
107052,44.752654858837154,-79.8914373324864897
107053,44.7741542006819699,-79.9436892407433675
107054,44.7065818145723313,-75.5144602134349157
107056,37.6462715523611351,12.5820640120238458
107057,38.0318318961344133,12.8802933237200605
107058,37.9316709198029756,12.3249890518026479
107059,37.7431229745990606,23.5386644433617818
108786,70.5295,23.2287
108787,70.5636,24.1191
107768,50.1106,8.7796
107770,50.087,8.9435
100776,5.62149210541413158,-55.0898118023845953
100777,30.008621,-93.980807
100778,51.3293,0.450897
100779,-4.23968035186619474,153.363373930064483
100967,60.333,-4.166
101391,10.6326062835030672,-62.0908353192157207
101392,-47.7559507260297949,-65.9071877241860591
101393,11.072308681741136,-74.2252763473619268
101394,-26.355625,-54.681992
101396,-38.7840207351376307,-62.308626193775936
103521,31.5071353868399662,-9.77471117844423887
103522,11.4512911043195516,123.154924309658057
103523,34.1941,132.4807
103524,59.6696,5.9288
103525,10.7526533420336445,-71.5433917864146736
103526,-31.7485618578265729,128.900087211837445
101866,58.9039837221500662,17.957607856930327
101867,37.8118382309678012,-122.328313544799272
101869,-45.1082720426209534,170.978861681295484
104693,7.35201667588681307,124.225036282428576
104694,6.5526185796697165,124.044101074452129
104695,10.7373195091790592,121.938572985939999
104696,-23.5555928768575136,-70.4053674735070274
104697,-42.4805888795784696,-73.7574937969857416
104698,-52.8963022735197654,-70.1397812205093487
104700,-29.237,-59.582
104701,49.0059941392340477,-66.9758819376678218
104703,48.02000390304066,-65.2574315596199312
104704,46.6806921742161478,-71.8772696062863616
104705,46.9962852496176282,-70.8079584183810766
104706,48.1368211422995813,-69.7130264343056325
104707,48.1344231257032575,-69.1877722420303627
104708,13.114,100.086
104709,51.4629973225277553,0.268061149811616217
104710,51.4555191569534855,0.275022372887446076
104711,40.640625,-74.190201
104712,-2.09664297102723385,9.1681418446792744
104713,25.6192662892102447,56.284018749752228
104714,-34.8412680987785066,-57.9285463654232231
104715,40.9337881593406365,141.387272954011337
104717,41.53,140.915
104718,40.8419999999999987,140.283999999999992
104719,-10.6096513137650099,150.661483985641041
104720,38.5445203611743992,26.1098990245925613
104721,10.4867933143425134,-66.0958896575770041
104722,-4.56573246241747643,151.619505241665621
104430,28.8938164397711219,33.1740450764679551
104433,13.5777773285243484,-89.8405999831058892
104434,16.848183902377265,-99.9027421242651457
104128,50.738261,7.110173
104129,49.034857,1.562691
104130,4.42641080806703435,7.14485378084551925
104131,4.18299999999999983,7.23189674503849034
104132,0.0979,117.4799
104133,19.9845866489587891,-75.1272248011831039
104135,11.9496344568185293,121.930165765593941
104136,10.4864218951464849,-67.9845735631565589
104138,66.2987,-16.4474
104139,64.533684,-21.931943
104140,68.770974566960831,16.169183864530364
104141,11.610077703491255,125.445304126775426
104142,51.41192,3.72805
104143,50.281,127.574
104144,11.2906221470676709,49.1759546693895047
104145,59.41,56.725
104146,60.392039,5.306605
104147,56.3881018756549395,16.0903364329074137
104148,51.047603,5.216437
104149,63.0641956988354977,179.369313603337446
104151,43.4187499580919862,-2.71476041176598892
104152,43.4701267283617909,5.16901456780917901
104153,49.439769,0.360076
104154,55.7655677002101413,-2.00821760573147001
104155,35.8194109801696783,-0.250546710072938883
104156,42.5398162038591892,-70.8824362914219677
104157,52.476952,4.661615
104158,11.1658966137122704,75.8075237818209615
104159,-6.68154823529875141,156.25638540048584
104160,21.7599990943276396,72.2310090051725098
104161,17.8849124846457386,83.4646235703585546
104162,51.627,-56.243
104163,-1.17166178037636137,136.049888548072261
104165,16.515147562822456,-88.4051747813622626
104166,38.883,-75.266
105287,40.4527825768414502,27.1391361074506925
105288,5.532,125.437
105289,11.9461750637623751,75.298610252731649
105290,36.0682,32.86803
105291,42.4332329608104004,18.6896333447824929
105292,40.76337424237731,29.5308283944951242
104616,-14.865529,-148.709071
104618,11.310828826137282,124.689442194811264
104619,10.952164260526553,125.03699778934778
104620,11.0285227040584726,125.721734696147379
104621,13.5810298998777963,124.235143682687109
106554,10.9087089783661693,124.696183707723549
106555,11.0744806905662259,122.988686225759807
110614,59.0953,5.7015
110615,59.1662,5.8081
110616,69.1161,17.7586
110617,27.7405,129.0241
110618,27.8122,128.8867
110619,26.2649,127.816
110620,32.8165,129.765
110621,27.0361,128.4012
110622,68.876,16.433
110624,69.693,18.6137
110625,-0.0649,-51.08
110627,56.8205,-5.1146
110628,57.12254,-4.72226
110629,57.28024,-4.47841
110630,56.972,-4.903
110631,57.49069,-4.26376
110632,56.84175,-5.12416
110633,55.892,-4.404
105631,-8.40331729219211176,151.099431131273178
104091,40.6528256388778715,17.9749408029536397
104107,55.1376368530415277,-1.51812374289404017
106059,51.886,4.28422
106076,30.715399,-88.041336
103261,29.9244833860295323,-90.0628940899450185
103277,43.57,-5.682
103291,39.902393,-75.13027
103309,41.2339830507833724,13.5738986095195813
103324,21.8911996792325851,113.221368910177461
103337,54.5727424193351922,11.9265233185566419
103351,29.1202,-90.2137
105904,56.5821925841353917,8.56367164700608718
100285,41.1315510536632729,37.2900101645403907
100298,54.5876477155061082,16.8530107759637602
100312,22.4502947872136893,69.6677331545454024
100328,45.190686,28.790382
100342,40.7437785277622098,29.7619044173042901
100771,59.7830254657035596,10.4988154104321705
100786,38.205,128.597
100802,68.7050700000000063,15.4289199999999997
106734,43.9421940502789852,15.4405759520188148
101603,7.35201667588681307,124.225036282428576
103378,25.1840887372414741,56.3832795787811634
103395,56.114235027736072,-4.84043681969753248
103410,58.2916,6.6558
103424,43.7965966423159969,-88.437133145414677
103441,47.9812614596841982,-122.231950293667765
103459,21.611572,108.326669
107808,69.4812,17.3888
107822,60.1231,5.1995
107836,66.7099436113141735,13.2801935740462707
103947,45.3389549454122971,-60.9954617685295659
108228,-12.8152786962146887,-38.6795489500149685
108229,51.391078988395229,1.37814497985214923
108230,25.228,118.9737
108231,-23.1403,-41.0678
108589,63.8796000000000035,8.54609999999999914
108590,63.8231,8.7494
108591,66.6146516459149041,12.9912956236901085
108592,66.7942035956962457,13.4518512059990307
108593,64.8179,10.7415
108594,64.966,11.5311
108596,65.0253,11.676
108597,64.968,11.6651
108598,64.9633,11.5942
108599,63.8683,8.6749
108600,64.959,11.6119
108602,67.9612,15.8056
108603,63.8204,8.4587
108604,63.8021,8.4291
108605,63.7705760932725454,8.81949786933871138
108606,63.6605,8.8402
108607,63.652,8.8837
108608,63.6933903034065594,8.81100976488591137
108610,63.6126,9.0469
108611,63.6169,8.9915
108612,63.6617,9.1367
101661,20.6259565023928886,-87.0659046812503306
101669,4.619,104.802
101676,30.3417131694622171,-88.5086829082681845
100215,48.706793,44.53848
100221,18.367,-65.162
102185,-13.853607766302817,136.414067962277699
101898,57.6921574879296202,-4.04362081601605716
101899,37.94,139.065
101900,33.966,133.266
101901,51.845748,5.82146
101902,60.6772227275845566,-151.399193993727067
101903,46.941451539792844,31.9818878320243485
101904,53.133,140.716
101905,56.135,54.159
109694,79.5814,10.7089
109695,79.7294,10.8682
109696,79.8629,11.5439
109697,79.561,12.5107
109698,79.6714,14.1229
109699,79.7524,18.0423
109700,79.573,20.9235
109701,79.6631,19.8138
109702,80.0262,18.2153
100774,60.8528,5.0667
106480,36.305701,140.574702
101018,-2.52939149941648944,-44.3081524249134802
101028,8.37969951639252386,-62.6595329383677679
101036,12.5336754325246975,124.492863936119321
106819,36.1845677831740176,-5.93068881372701551
106824,42.3956,-8.80206
101095,-12.9558141828926789,-38.5086136823357137
101096,19.1869026052538842,-69.3081238409845355
101097,53.229236,50.137626
101098,-0.508323599999999987,117.149540200000004
101099,1.36367127565142621,109.308013801854443
100580,9.44017084861005351,123.238140381978809
100581,14.049593463675043,123.300344116835262
103854,32.785674,-79.914929
103856,57.294,54.988
103858,47.0297734594004666,-65.4730568994701798
103859,56.766,54.072
103860,56.1593,47.2652
103861,34.3154624454300361,35.7100504742599369
103862,48.9241579750224531,-123.712259107407803
103863,29.454921,113.147536
103865,49.6521166271487644,-1.60552664457453997
103866,36.610221105816052,2.19020390112215813
103867,59.11261,37.926605
103868,49.433,32.083
103869,48.8612469023852398,-122.763446863470691
103870,68.766,161.333
103872,37.2413,126.4289
103873,39.844531,-75.342548
103874,18.4906623520991751,-88.2976942272391199
105582,55.6969300269826491,10.9504640618398117
100775,51.277002,3.841607
109796,62.4851,6.3897
109797,19.417,93.6116
109798,19.3686,93.68615
109799,61.7786,4.9475
109800,61.8344,4.9424
109801,60.1456,5.4267
109802,68.8526,16.281
109803,63.52,7.65
109804,68.925,17.148
109805,67.3,11.7
109806,59.891,5.666
109807,59.9282,5.2307
109808,59.9332,5.2395
109809,64.386,10.8157
109810,64.524,10.7617
109811,64.5518,10.8846
109812,64.6021,10.8534
109813,64.544,10.7389
109814,65.2275,12.1438
109815,65.3127,12.4022
109816,65.3111999999999995,12.3686000000000007
109817,63.5148,9.1111
109818,61.0152,5.0047
109819,11.427,124.8473
109820,-6.0713,11.35
109821,10.3244,123.9623
109822,10.7494,124.0056
109823,10.5297,106.9975
109824,18.8139,105.8205
109825,10.5268,106.9282
109826,59.9975363334207117,5.48484117344350519
109828,69.0364,16.4971
109829,59.9478,5.9505
109830,61.105,5.0176
109831,42.9421,-9.1805
109832,69.475,18.0654
109833,66.7146,13.5615
109834,66.6993,13.6241
109835,66.8199999999999932,13.4614999999999991
109836,59.2047,5.966
109837,60.0761,5.1027
109838,67.1856,14.3884
109839,67.4164,14.4287
109840,31.4744492317708406,121.42885780484454
109841,68.4126,16.5269
109842,68.4009,16.2171
106218,48.715032,9.401356
106219,49.953109,9.767684
106220,52.422903,9.662322
106221,32.89966,-79.956
101640,39.931376,-75.136346
101641,10.5861999999999998,107.026799999999994
101642,7.82001330029183706,98.4058853387966792
101643,12.629905793004534,43.3648728793054374
101644,-41.2833243585678247,174.005942507425999
101645,45.6746565835792353,-62.7038755284820084
101646,63.7156472715506865,22.6899048545942037
101647,29.1853252534447698,-89.2621137781201384
101100,37.433,129.2
101101,34.916,128.083
101102,34.860589,127.77558
102971,63.3200157656872804,19.1541036940630107
102972,65.3960000000000008,-20.9505000000000017
102973,56.002318,8.124558
102974,55.2012057425256089,-132.825968366053104
102975,37.3506616721658133,23.4658044465238653
102976,61.1742477963438702,5.2976751680092331
102977,38.9059356927519531,1.44492355067940847
102978,-5.56163573661478416,149.213043290039508
102979,-1.29780555434809197,-48.4924368018864413
102980,67.459600969085642,86.5687895808327852
102981,61.6232163793936536,17.1315817623426661
106718,30.1383,-88.5801
106719,30.1376191993392126,-88.0532845472408212
101630,10.2459665725381388,-64.5577460214677501
101631,43.9226361399497094,12.9058475354745781
101632,42.4663366695828657,14.2309013382265661
101633,57.4980869143060644,-1.77875752388354624
101634,49.379132,1.007973
101636,49.433526,1.031605
101637,53.00679,158.645026
101639,58.718,-3.093
107227,40.9002807864431119,29.1543933199079035
107228,10.2490112502639494,-61.6302996262779033
107229,57.8835,11.5871
107230,14.6791008066340734,-60.9369225114257915
107231,0.751420739387499093,117.775799904093788
107232,1.08049944388496288,9.68530367511217349
107233,-24.0806,-57.2081
107234,-18.9857,-57.7065
107235,29.9457,121.9375
107236,48.7367367696955327,-69.0492453210197255
107237,48.1018992723852818,-66.1317708479068074
107238,38.0515420992615745,53.8222034890209358
107239,41.46091,-90.675438
107241,35.465951,133.067327
107242,18.494653962969231,-77.6493945358574678
107243,12.578714,109.217188
107244,41.0041602860800865,-72.2951101034466461
107245,51.176449,4.328286
107246,-21.9570544662398248,114.142862669983657
107247,-22.2111123639442738,114.100355091976041
107248,39.974162,119.823134
107249,-21.434,114.067056
107250,3.48083000000000009,5.5625667450384908
102020,37.5697338424651335,22.7997970050643239
102021,-0.5312,166.9086
102022,61.5077819999999988,5.71328899999999962
102023,32.692354,129.829682
102024,22.9609135129885402,70.4430468443626552
102025,21.954193,-159.355903
102026,34.368,133.177
102027,14.5222297317748481,49.1483562066716999
102028,37.5393,129.1203
102029,47.9519280293874601,-122.297548674213729
102030,54.480005001882887,13.5908873160616466
102032,20.755243436800356,70.6659841968406823
102034,44.4191658173138535,8.83457639817940432
102035,18.9289391830080724,72.8441630545142687
102036,22.7381084222603427,69.7199709570544712
102037,-0.926000000000000045,-52.4320000000000022
102038,46.4143910185333013,-86.6520141786541984
102039,65.2697680591946323,21.5004641503078098
102040,63.4739646042038359,22.331953565648373
102041,-2.0852,105.1334
102042,68.981034831951888,33.0604115539469632
102043,42.350917,140.916137
102044,-1.56,-48.767
102045,63.4381561175721131,10.8384109621106521
102046,23.6268101405800941,58.5756249922759196
102047,43.2407819226526513,-86.2592024135927886
102048,61.0795336153689234,28.2660581923575691
102050,-12.1671055816610583,44.3913549168197221
102051,33.9724,130.868
102052,59.4949133929374341,24.9728180045916588
102053,28.2,-177.383
102054,10.35,106.366
104167,42.4471315658088528,18.6531773261714306
104168,43.3446376770026447,-3.03258430035389726
104170,-8.44535787301621355,118.713617637505436
102708,34.861217,136.93219
102709,-10.4531023471106241,161.91602653934288
103030,17.6910136239072138,-64.7454201914666783
103031,63.4434564698423245,10.4197701390506339
103032,53.730904,-0.850982
106491,49.4995764069177895,-56.0632684053563111
106492,18.435365,-93.185311
106493,8.285664,73.055933
106494,24.8100719216685093,125.271943409645544
106495,37.417286,122.640114
106496,32.0511229999999969,120.422135999999995
105091,33.8582166743627795,12.0375338133011578
105092,-0.584772999999999987,117.277762899999999
105093,-1.13530695815754967,119.38780055363064
105094,40.4012796608808671,27.3080391026829616
105095,19.971,110.042
105096,-20.7515571575217024,164.355141288499254
105097,-21.4671097236705464,165.934828215433726
105098,-20.6060015046731557,164.308065766199746
105099,-10.329,56.51
105100,6.362,115.308
105101,38.7012721577353886,-9.39850418050083825
105102,37.415741,119.943446
105103,34.234,132.701
105105,27.834,121.133
105106,53.359,-2.969
105107,30.6688,122.4132
105108,24.4529270001153272,35.2058223890830675
105109,1.72274270952311004,128.01572136216825
105110,29.6120304294758867,-95.0254398422895576
105111,-2.20525792696595868,113.924396883181956
105112,-2.74825510000000017,114.254743599999998
105113,-3.02805860000000004,114.392218999999997
105114,-2.97694120000000018,114.767761199999995
105115,46.2194711625588113,-119.099890624365756
105116,17.255,95.598
105117,17.6422812166748422,95.4851352267348545
105119,19.9702771086088049,95.048706595153547
105120,20.1555871136617917,94.9133913753973957
105122,20.4513337999999969,94.8075185999999945
105123,20.9052696000000111,94.8156296999999739
105124,28.4938813297000095,-13.8573950521567077
105125,30.583,121.068
105126,55.20448,11.245376
105127,-9.006,-158.059
105583,57.507,10.849
105584,29.1709999999999994,32.6910958070139515
105586,9.06874703073856736,-14.3949999999999996
105587,22.5947759035169327,69.8109688124857399
105588,3.37528183148605976,113.039461420267685
105589,3.112,101.316
105590,35.914,14.78
105591,3.72699999999999987,6.93089674503849107
110207,6.4679,-58.3143
110208,51.4475,5.6926
110211,50.5855,5.4257
110212,50.59005,5.4503
110213,47.0754664283041606,-55.8290062134195608
110214,48.5361,-123.014
110215,51.6454,4.3891
110216,65.4613,12.7675
110217,34.3594,133.1543
110218,47.4824391899128386,-55.8020039839409279
110219,65.8024,12.7247
110220,60.3493518332377761,5.64294966223160088
110221,69.1375,17.3259
110222,-4.9345,11.6432
110223,64.9816,11.7615
110224,45.84866872522921,-84.6158348187560989
110226,63.2551,8.5219
110227,63.3237,8.6546
110228,-7.238,11.284
110229,64.6074,11.3548
110230,62.043,-7.1696
110231,60.233,5.7169
110232,67.5216,14.7616
110233,34.6966,135.2413
110234,18.1982,-63.0928
110235,17.1086,-62.625
110236,6.25097,-57.53854
110237,6.86324,-58.42455
110238,10.3642,103.7647
110239,36.856,126.1187
110240,4.0658,111.7195
110241,1.2776,103.6468
110242,-2.1333,105
110243,11.2483,124.9952
110244,16.2058583347650647,120.416032162051039
110245,10.8774867120669576,-14.4693727293141023
110247,68.7813,16.5992
110248,63.8628,8.6335
110250,7.1209,103.4352
110251,69.072,17.6573
110252,69.5784,17.9943
110254,63.6659,8.4414
102186,36.710188283980969,24.4642383631137683
102187,43.0160241867081226,-87.89355967684088
102188,29.0277184968265516,48.2049979435270259
102189,29.0673467720050134,48.1737919999999988
102190,29.685141836939767,48.7999999999999972
102192,23.6240678261841666,58.5698682189793232
102193,25.9777759120083758,56.0491837250878291
102194,28.761,48.467
102195,26.2053224449066029,50.6193004865065745
102196,32.1989999999999981,130.38300000000001
102197,17.977308,-94.537808
102198,18.4454666966712182,-73.0909113177526706
106610,44.2435459813216738,-76.086648841497535
106611,50.000741,8.411065
106612,52.100759,5.076362
106613,50.978335,6.983811
101954,41.6346498665189628,-70.9173759470765788
101955,39.582866,-75.589474
105446,-8.37020674580024071,123.405070304934924
105447,3.25323250464626579,97.1810001014237486
105448,8.03049910797065714,93.538616988460106
105449,5.38681867450071117,95.964612924010595
105450,4.96499046633845698,97.7831514720381278
105451,6.99954794603399311,93.9306936040810712
105454,-37.834,77.559
105455,-38.718,77.526
105456,2.26804708820391765,97.8126303819858691
105457,-2.84802581320819348,108.296173026861084
105458,39.1688574155092439,22.8890383124882106
105460,50.8135422277316238,-0.137588129796971548
105461,52.633342,5.063524
105462,52.503,5.081
105463,52.886077,5.353194
105464,52.935496,5.036266
105466,52.945377,5.402233
105467,53.055355,5.397498
105468,52.774615,5.113915
105471,-10.246671,150.941767
105472,-3.36512908174616676,127.388422300436446
105473,53.5571,6.74949
105474,53.356236,5.216592
105475,53.4084,6.20024
105476,-16.5831547945699285,-151.4983060643616
105478,51.5947743541167227,3.71972124227709688
106564,27.975889,120.933564
106565,27.99162,120.881565
103159,56.9898023588455018,10.3087522832006897
103160,66.7481192430372801,13.5403861009642661
103161,60.8438000000000017,5.09959999999999969
103162,25.6439350727070909,52.4605533979150849
103163,34.886191,132.055343
103164,50.8482911385106888,-1.32704775245436091
103165,53.544065,9.967283
106002,27.878801,-97.261515
106004,30.106049,-93.307029
106005,30.109295,-93.296247
106006,30.110211,-93.289641
106007,30.106,-93.290159
106008,30.135271,-93.321738
106009,30.136027,-93.319629
106010,30.146969,-93.332381
106012,30.175212,-93.318276
106013,30.182772,-93.310666
107466,38.216708,-85.856712
100023,33.4802288490086966,11.1207474883742474
100024,42.5894662865113318,10.0990070625939623
100025,51.3379327661763512,3.19697133417303814
100026,27.8302427284620535,33.6064558274654246
100027,42.4491611392825376,18.5716028954316386
100028,51.18362,3.802072
100030,31.966,120.399
100031,21.3,110.416
100032,23.0415,112.4595
100033,30.589,121.077
100034,29.947,121.717
100035,32.216,119.433
100037,30.0539999999999985,121.980000000000004
100038,22.283,113.575
104649,29.456,-88.226
104650,28.5833,-93.75
104651,28.627,-93.378
104652,28.2847,-90.5333
104653,41.522,-71.36
104654,40.21,-72
104656,38.34,-73.75
104657,32.95,-118
104658,-35.115,-56
104660,-36.255,-56.5
104661,-35.072,-55.194
104663,-34.75,-57.79
104664,-4.18995108917832937,115.109658116940608
109843,68.7276,16.9105
109844,68.8532,17.0657
109845,68.908,17.4078
109846,63.8192,8.6361
109847,59.8381,5.3056
109848,68.21,14.4825
109849,66.5578,13.5262
109850,21.1812,94.8574
109851,16.7295,95.6571
109852,62.2839,5.8642
109853,62.8022,6.9813
109854,63.984,9.0571
109855,59.6842,5.5897
109856,70.5753,23.0344
109857,59.1834,5.3467
109858,70.6664,23.1643
109859,63.557,9.1964
109860,69.9075,21.8308
108870,60.8325,5.356
108871,60.8629,5.3474
108872,60.8631,5.364
108873,60.8853,5.4616
108874,60.8675,5.5521
108875,59.8451,5.2614
108876,60.2499,5.5719
108877,60.2196,5.5558
108878,60.1282,5.4004
108879,60.1733,5.2937
108880,60.5634,5.353
108881,65.0019,11.0586
108882,61.1398040761479749,5.20015183182787588
108883,64.1569,10.0089
108884,60.7462,5.2701
108885,60.7234,5.3286
108886,60.6883,5.4232
108887,60.6537,5.4192
108888,68.1982,16.1341
108889,68.1791,16.4137
108890,68.1707,16.1532
108891,68.0814,16.3214
108892,68.0571,16.2045
108893,68.0292,16.1314
108894,68.0336,16.2538
108895,68.0251,16.2142
108896,67.9734,16.2639
108897,67.9237,16.2118
108898,67.9059,16.2389
108899,67.8924,16.2367
108900,63.4197,8.4116
108901,63.4159,8.4839
108902,63.2698,8.2283
108903,63.0767,8.1931
108904,63.0489,8.2163
108905,66.0823000000000036,12.2012
108906,70.6634,22.6217
108907,70.6592,22.6409
108908,61.8195,5.2477
108909,61.8457,5.2944
108910,65.8514,12.2872
108911,65.8563,12.3118
108912,65.893,12.33
108913,67.5348,15.3145
108914,67.533,15.3864
108915,67.5313,15.4435
108916,67.5125,15.5685
108917,67.4585,15.5116
108918,67.4473,15.4865
108920,66.2312,12.3241
108921,66.5008,12.0674
108922,45.9921612611577117,-83.8976880369798863
108923,45.984808808455,-83.8796698785046431
108924,10.134,108.5675
108925,6.3683,103.8192
108926,61.2063,4.9362
108927,61.0583,4.9213
108928,61.1463,5.0811
108929,61.0982,4.9048
108930,61.4066,5.0808
108931,59.9533,5.6697
108932,60.0587,5.453
108933,60.0242999999999967,5.3080999999999996
108934,60.1749,5.0917
108935,60.0715,5.3064
108944,61.8938,5.3482
105128,11.124593,72.723585
105129,11.5980175331343194,72.1870514075637431
105130,11.484,73
105131,11.254,72.787
103737,10.4732729633222768,-64.1916923733996754
103738,11.4893861804763766,-69.3585910986993639
103739,12.1206520113815941,-68.9325164304139832
103740,13.3279,-87.8133
104283,54.6347894424773202,19.9190433720965245
104284,39.256516746687716,-76.55680716603868
104285,7.41000859012677182,99.5073686981830008
104286,-0.86779,169.538872
104287,-6.01227032328654154,12.4033853076079001
104288,27.1303168123925076,56.2039974266040758
104290,30.4215398373475523,49.074253515051133
107199,-7.0553111277163838,113.945634569927677
106303,60.433591,77.873042
106304,60.660865,77.470806
106305,54.9569045922319219,20.211142497497427
106306,57.593346,83.796849
106307,57.339344,83.952286
106308,56.367655,84.07521
101165,47.823625,-4.101375
101166,52.037,3.887
107285,1.265,103.35
107286,20.8194858753284464,86.9697083668627755
107287,64.2791861301321177,23.9127588530759922
107288,18.3776817153721517,-70.6515465819794031
107289,57.888333,0.53
107290,18.2162509067002532,-70.5167253900422821
107291,36.3632946999889981,22.4830168364755281
107292,61.443333,1.486667
107293,53.977342470740716,8.478354468171664
107294,10.518944,100.288169
107295,12.9620764332084484,124.004953706785301
107297,48.5160900384651796,-53.0745345453602084
107298,47.6647436592645732,-54.7275978896722606
107299,47.8625,-55.836667
107300,48.4352825685967474,-54.0028904477631428
107301,50.8630464268772613,-56.1314425226544884
107302,49.864197,-56.777509
107303,49.9602595479697555,-55.6024978546984983
110829,8.349981569360429,76.98340152990565
110830,0.5002598488021112,108.8764961733666
110831,3.933618884845009,5.869797164186594
110832,21.701284301274804,91.8728036724203
110833,68.57693433965507,16.52879104741955
105309,-27.61368,-144.321028
105324,-6.33999146970902761,11.0859475749013878
105339,50.8060546772111437,-0.543938117321359216
105355,5.76283408724376756,-56.6877175421744752
105373,6.10052545763765064,171.768967251606426
101693,16.76185,-22.892923
101710,37.9579282150721511,23.5625851545358493
100476,65.8739999999999952,-23.4819999999999993
100505,0.050241899910551821,129.280147393926029
102130,51.694,4.602
102144,45.7847731754440943,13.5510028123324897
102162,2.435,103.841
100820,12.4331695722960092,-69.9275988938939577
100836,59.7336,5.9334
100850,23.34895,116.72797
100865,31.4541653281175542,131.091251162426715
100879,29.3513656671121339,47.9274280794712979
107155,-9.73118584485594695,46.4986396936845026
107171,45.9165,-59.9708
107189,-10.5698753302264858,142.135372886077221
106313,58.922909,81.581712
100518,34.9095887599992096,35.857164989371114
100531,-6.84874258893012389,109.12894694180234
100546,3.60597757940760077,125.500754383636504
100559,-4.57361481446293006,-81.2813177286634669
100574,-1.816,116.166
108066,-17.77136145498649,177.382074373201135
108068,19.0511,108.6217
108070,-10.5917156958183547,142.245094147552209
108090,43.055,17.6506
108071,42.287217270972441,3.27953431429745867
108072,42.1192617215259588,3.14584792610838804
108073,50.1484932481793777,-125.357101826532272
108074,63.5614673052114654,9.89965832728478468
108075,61.3949839913558719,7.29394630025467183
108076,62.4962378549670277,6.61034692448407046
108077,61.1239451184759162,5.33088109017212908
108078,58.96,5.5986
108079,59.1201,9.5612
108081,-36.944615088567808,-73.1703697690336696
108082,-8.59351780719849501,119.489561996565911
108084,21.6354333325648369,-106.535370619934696
108085,-13.0892170078447059,48.8271564053064822
108086,21.2525517417127183,-86.7479106692503166
108087,-35.0833,-54.15
108088,-34.8,-53
108089,-22.783,-43.1324
108080,-1.89345347002258624,121.451835433843726
108057,63.1738260918568244,18.589685438190493
108058,13.7582872277945487,120.957302930285636
108091,1.1333,103.6167
108092,72.5217797311268271,20.3389001807203762
109054,69.0188,17.52
109055,5.2215,104.4392
109056,69.2466,17.0256
109057,69.2575,17.0887
109058,69.233,17.0894
109059,69.6953,18.1702
105993,35.2238411800056781,23.6766821575289832
105951,7.99124562615623191,77.5212168821738317
110255,63.6636,8.4323
110256,63.8538,8.6315
110257,10.1734570140333052,-14.4538857569477255
110258,35.75,24.05
110259,69.01152,17.43841
110260,70.0527,19.8229
110261,17.49305,120.37836
110262,67.1588,14.1074
103035,23.9993614455428776,121.637570179190178
103036,65.8970000000000056,-19.4229999999999983
103037,38.320641,117.87617
103038,23.092171,113.454758
103039,30.218313,115.099218
103040,58.477155,5.876641
103041,56.0495000000000019,12.6856000000000009
104959,10.306,105.769
104960,10.493,105.571
104961,10.336755,105.48465
104962,33.8082166743627823,11.8875338133011574
104963,58.332,0.684
104792,40.393837067136694,27.7896875776148136
104793,39.3282595019994048,26.6957335883070463
104826,53.695587,-130.114234
104827,53.872,-130.301
104828,55.635,-130.651
104879,55.1995497764720966,-131.116211891342857
104880,-12.0819453796098664,131.038701501067948
104881,42.904,133.89
104899,35.4971,12.6027
104900,38.7082147887256056,13.195531288196241
103546,56.4228314213320701,-62.0578044267822833
103547,53.45,6.833
103548,68.709343,-52.872666
103549,58.4485,5.9858
103551,60.4680000000000035,7.06799999999999962
103552,60.729,5.793
103553,60.442,5.31
103554,60.7008999999999972,5.55069999999999997
103555,29.5425817938307951,34.9511439181412129
103557,64.7063512682448021,40.5235213798145111
103559,31.1524626079412066,33.8307199229592541
103560,11.998522900513894,-83.6916407422227167
103561,33.9202166743627771,12.6955338133011573
103562,10.2415441664926963,-64.6404980815314616
103563,31.1383172896841991,29.8076375460708682
103960,-14.9859440079335968,145.354666318144695
103961,68.8931840291259618,-179.384439024276332
103962,4.0024072406622313,-7.66761968422977258
103963,-33.9129391240986919,18.4341560000000015
103964,58.322,-1.765
103965,9.24158801509124039,92.7749122852479076
105027,8.49949482401205891,117.437352705400883
105028,3.942,108.379
105030,29,-92.5
105031,-6.59364455747455036,110.648756309023796
105033,49.1863705822091504,-122.919872693167861
105034,42.387279017011366,-71.0579383040068109
105035,21.700581,108.60504
105036,13.4015118774942632,-87.4228920017297071
105037,20.5730081236620315,-87.1283691500384379
105038,29.741606085972311,129.779508443770396
105040,-21.5224735663643543,166.071460478062733
105041,-1.84438982799955165,105.130283035930177
105042,0.77474820637065811,104.360731783150797
105043,39.823,124.154
105045,33.965,131.015
105047,61.2301408131792613,-48.1025061916751824
105048,-2.10801763251218155,106.134409355237963
105049,-7.90102916177025261,157.166612813743853
105050,-6.3319914697090276,12.1589475749013882
105051,-7.33699146970902749,12.3899475749013881
105157,41.0243528908751642,28.9972070847885739
105158,6.637,115.8
105159,19.075,-104.34
105160,46.247865,-124.095544
105162,36.89,-75.417
105163,31.22,121.5
105164,6.968,104.153
105165,62.5853332564040699,6.92895793733883014
105166,45.0852666021400523,13.6355074696587213
105167,31.9852513221488515,-116.851797809096411
105168,36.5071224456325538,23.0582317184164864
105169,57.83091,12.00861
105170,59.0243,5.6184
105171,-3.14281585168215827,142.352898763700409
105172,25.0802693578127034,56.3606815838921662
105173,36,18
105174,17.6160135498550012,-63.2513800906563901
105175,62.3232857274781864,5.65402693033866655
105176,60.269871,5.105703
105178,33.935,131.059
105179,33.2319999999999993,131.983116372618952
105180,34.178,135
103875,35.6015,140.0906
106484,33.4684209999999993,135.785201999999998
106485,31.4501879161048521,131.203620582854853
106487,35.022095,132.227187
106488,35.0962,139.080813
106489,63.3127017750542578,10.1626092374167136
107364,39.683933,-79.949255
108198,38.5392460082344854,25.5684077045556002
108308,40.8604062771907479,29.2603232485832052
108309,40.1929102039615174,26.40579020389454
108310,37.6307229862619081,26.1803026830140375
108311,38.2885664230467953,25.9300426748444437
108312,48.1822313188547895,-64.961571578630867
108331,66.7616506053007015,12.4766733325670103
108332,66.1637864754430751,12.3494571681655998
108333,62.9697637633698335,7.73267871090815895
108334,65.0901858129955855,12.3732198255510966
108335,66.5595027064983071,12.8389338387014842
108336,66.5950236313680364,12.660906638995538
108337,68.7383014838003987,14.532666047888652
108338,68.088818720109316,13.220972861996577
108339,68.149,13.4629
108340,68.5932944196624135,15.3269831017162357
108342,64.4596,10.6332
108343,64.7198,11.4616
102676,-3.236112,116.223819
102677,60.4851777773960038,26.9485930495061723
102678,42.4262225599278295,18.7664038482643925
102679,59.8792281996063096,23.2243016422725823
102680,22.298,114.164
102681,34.332027,133.042317
102683,8.0665728327544528,98.7380631853127682
102684,58.864447,9.411201
102685,62.231619,-6.593703
102686,54.7187362642882533,-5.76529602858004253
102687,52.6283177101030546,-9.50021353939636271
102688,-8.7454838269192372,39.4134228511756675
102689,-8.9407270912237724,39.5070577349381225
102690,5.63610382708014424,115.884425055616333
107019,59.9215769666494538,23.3170331420426855
107020,29.75,32.4667
107021,13.3457795834828303,74.6986191826655812
107022,38.0161,-121.775
107023,-7.83431,13.103
107025,46.0956692382167361,-60.7529136462124981
107026,-33.0173,-58.5043
107027,-35.1220984165490293,150.705708290888111
107028,45.3923845585785983,-61.4963198427333992
107029,58.6226,8.93242
107030,35.897814910064497,-5.49431823511328243
107031,25.8217943666018819,55.1776160029696214
107032,-8.47061517003774789,13.3717409255669519
107034,-5.2193888496249885,12.1394578164611318
107035,54.5620262504860492,-130.429462333200775
107036,45.0706289237918654,-67.0557957371228355
107037,-42.1372,-73.4698
107038,1.12833866349861545,128.132384145884032
107040,-6.69294687532828902,111.339748441967828
107041,35.5504,140.073
107042,9.11518290000000064,-79.7045550999999932
107043,-11.1217447923952459,-77.6156994585279563
107044,9.41381718095779441,125.899650626001474
107045,13.7826613330828138,120.989399959050743
107046,9.91948,125.673
107047,11.0024519352266665,125.654505231540469
107048,-40.7689212986722112,145.304773025930444
107049,-30.8760871443502687,153.047079313668064
107050,-30.8814401974440678,153.041763888007893
102516,39.3789358599392685,-31.1675550106915757
102517,30.2272,-93.2323
100410,-44.3907139528182668,171.259633744998098
100411,-4.7757,136.5491
100412,6.43111552955831289,3.34984645956847071
100413,62.9091927813047747,8.20441626586232431
100414,37.5361892868371996,25.1555615548154705
100415,8.49788085611895561,78.1325714129504547
100416,51.038779,4.3597
100417,41.673544,-71.200255
100418,63.4136876399092273,8.68189443052080811
100419,-10.498362,142.293808
100420,-18.1530946214537927,49.4258371922305031
100421,33.922,130.864
100422,10.7122907989239238,123.51652942231182
100423,32.0739725535885469,23.9802307389951501
100425,-22.0914631304227491,-70.2134328448420888
100426,59.5446699725329864,10.5681917392781894
100427,42.304,143.332
100429,34.028086,131.781763
100430,35.64277,139.767936
100431,41.6570295710364533,-83.5140853146103552
101868,43.4392093248152165,-79.6657277735022262
104291,30.4633383114286929,49.1777112957057341
104292,27.0906470706295579,56.0653774569341792
104293,27.6584172608156535,52.3496767797401432
104294,54.8385743877960579,11.493496653936452
104295,40.3561542244067368,27.9602664701230026
104296,11.2,99.583
104297,-1.59143672697376704,123.496786205564177
104298,13.698382,100.583802
100781,35.461313,139.964899
100782,61.309552983958568,17.077466947846542
100784,43.2720946614364834,-76.9734773703270321
100785,61.2296,7.1046
100787,58.924668,5.597922
100788,-3.938358,-63.157396
100790,56.031806074785429,14.5794110879488752
109703,80.3827,18.2758
109704,78.459,12.135
109705,74.2463,-20.2094
109706,73.4380990910927238,-21.5201210125850046
109707,72.8946,-25.1862
109708,72.8006,-22.9834
109709,72.212,-25.4553
109710,70.887,-27.7572
109711,70.1702,-22.0825
109712,63.2042,-41.3745
109713,72.04,-22.549
109714,73.216,-22.6294
109715,56.1563,14.7282
109716,62.1019310248988887,-7.64784295618309073
109717,64.423,-50.296
109718,62.0353699743103277,-7.1245720488279547
109719,59.9923,-1.19
109720,60.1278,-2.0201
109721,60.3101,-1.673
109722,60.3044,-1.5789
109723,60.5826,-0.8655
109724,60.7572,-0.8377
109725,59.1161,-5.8516
109726,59.0945,-6.1499
109727,57.8644,-8.4768
109728,57.8643,-8.5082
109729,57.4553,-6.6302
109730,57.4089,-6.1688
109731,57.1757,-6.3254
109732,57.1705,-6.1469
109733,57.0648,-5.893
109734,57.0142,-6.2371
109735,57.0452,-6.543
109736,58.3857,-5.2154
109737,58.0067,-5.3732
109738,57.7844,-5.6312
109739,56.6211,-6.0637
109740,56.3696,-6.0538
109741,56.3232,-6.3868
109743,56.4346,-6.3336
109744,56.4779,-6.4335
109745,56.0502,-6.1606
109746,55.8347,-5.9185
109747,55.6691,-5.6998
109748,55.3229,-6.1647
109749,57.8857,-6.3233
109750,54.2278,-4.6947
109751,51.7366000000000028,-5.32249999999999979
109752,51.7309,-5.4755
109753,50.3257,-5.2079
109754,49.9735,-6.2801
109755,49.891,-6.3605
109756,49.4721,-2.4348
109757,49.4199,-2.3325
109758,74.6883,-91.7825
109759,74.6869,-91.1014
109760,73.8302,-90.3104
109761,78.0372568473423911,20.7681032038161462
109762,33.4738295636311207,126.931063324862919
109763,33.2265493948697994,126.480924465803113
109764,33.2364029777361054,126.33267892053793
109765,33.4148075685747088,126.25775578203563
109766,33.469486391987914,126.323717175610255
109767,-7.471,144.561
109768,-7.4849,144.512
109769,-2.066,-80.7497
109770,61.977,4.89
109771,61.7722,5.161
109772,69.754,18.154
109773,60.9803,5.0395
109774,30.2137,-91.0593
109775,3.573,113.317
109776,9.5814,106.5348
109777,-10.765,40.499
109778,51.406,3.75
109779,59.411,5.154
109780,59.1,5.434
109781,60.3866,4.9636
109782,68.81875,17.34635
109783,59.3994,6.0205
109784,46.5433,-48.4983
109785,61.0801,4.6941
109786,65.19105,12.6723
108543,69.9602234528214382,19.6214034202738539
108544,69.9937693485594536,19.3871507563524155
108545,68.1650302489710214,14.6589050629879054
108546,69.6031491799822106,20.5286099441577115
108547,70.5274,23.5586
108548,70.1277,23.2371
108549,70.3428,23.3924
108550,69.6883,18.7332
108551,70.6231,23.1081
108552,10.375,-14.775
108553,70.4383568309333299,28.0582771854400583
108554,65.9300450803643372,13.1306729958966333
108555,68.4390421119758798,17.7151883379516946
108556,58.3798001556375112,12.3101578246774839
108557,66.34873,12.78473
108558,66.3685514662123524,12.5927475449258512
108559,22.8669980916751392,-83.4679847849463243
108560,66.8706,13.5989
108561,66.8137,13.6842
108562,66.0046001165069356,12.6502705881804953
108563,65.1296,12.0731
108564,64.7537,11.2449
108565,69.8841,21.7285
108566,69.9089,21.6008
108567,70.0175,22.0204
108568,66.5375,13.3305
108569,66.0128,12.3549
108570,65.9176,12.2457
108571,70.0199,29.2182
108572,70.0242999999999967,29.2922000000000011
108573,66.6783,13.3102
108574,67.0819,13.8551
108575,67.09582,13.87296
108576,67.0689,14.0755
108577,67.024,14.1216
108578,63.869,9.6203
108579,64.5964,11.2677
108580,63.656,8.6908
108581,63.6166,9.1269
108582,63.5964,9.1114
108583,64.4377436700293629,10.5493307274987345
108584,68.5834,14.7062
108585,65.4918,12.1675
108586,63.846,8.5358
108587,64.4523,10.6304
108588,64.4355,10.6846
103649,-4.9326932967223529,11.8997869374159784
103650,11.5993191176002757,43.1348866420900592
103651,36.825307713413693,5.77927602812503949
103652,69.751827831805187,20.4904044482867391
103655,48.4427999999999983,35.0949999999999989
103656,-5.75645427775367668,134.238861804492615
103657,25.3015179583534007,51.5618738390577747
103658,63.2648334569366497,18.7302163547654672
103659,30.113384,-90.989385
103661,54.6514559082597202,-8.11468412528869365
102896,35.133,128.649
102897,30.6835,121.285
102898,40.8,121.066
102899,29.729858,115.965931
102900,22.2330000000000005,113.582999999999998
102901,62.5947438874284217,29.7256189262443371
102902,45.6939129205868042,-64.4511493878016921
102903,1.433,103.908
102905,6.05705000659618431,120.999364595324636
102906,53.6316733945612683,-0.163081083221517986
102907,-1.52473684685690025,-50.623510027317316
102908,51.4958821999999969,-0.122501399999999996
102909,55.5,-7.25
102910,21.0504183799792806,-73.6516358480205326
102911,37.468,126.615
102912,41.9798969572186138,33.7745298470471056
102913,-23.8681550727960818,35.37653862241973
102914,60.0143196186707613,23.9242755795876683
102915,-17.5236762486662947,146.033311078258663
102916,34.277352,133.186187
102917,57.6846427144751175,-4.16957540736280752
102919,55.8972033118736178,-4.89919540578479307
102920,57.4903903999263193,-4.23534332249284251
102921,36.7226738298645401,25.2727342005872799
102922,52.0461146000000028,1.16194289999999989
102923,-20.2034738903862916,-70.1576965175656824
102924,-3.71885,-73.23559
102925,35.3465641822567918,25.1498464592047561
102926,-1.548,-48.764
102927,10.8990650175743973,124.431300560685031
108093,58.8237,2.6152
108094,38.3367185768746879,21.8455239983192477
108095,28.8106035389270474,-111.923989806509084
108096,60,1.66667
108097,2.388423003067687,101.9699584665239
108098,3.37048824487845788,9.12902181842535398
108099,-21.21064,-39.74317
105181,-2.73422769296878831,-79.9117467051096497
101033,10.5361202957661231,-71.6199180708912735
101034,-27.26488,-55.570167
101035,13.919982177977877,-90.8079533406577042
107498,39.221466,-92.850356
107499,38.981072,-92.746055
107500,38.971764,-92.562434
107501,38.584098,-92.171681
107502,38.685065,-91.758355
107503,38.671741,-91.551256
107504,38.709629,-91.436117
107506,38.560344,-91.005576
107507,38.687787,-90.662984
103923,36.9751942641513693,-1.89726033744240574
103924,41.6655032510848926,-87.5841965691317483
103925,42.5663874092988479,8.76108029964229829
103926,21.027329,107.372916
103927,-6.30457520801085991,113.017869717236252
103928,39.9391,-75.1362
103929,-2.24629008893278659,-49.4952555782678019
103930,-2.90060014396423638,-40.8377163368498444
103932,-34.153685,-58.952264
103933,49.9863053586202426,-125.21730590258511
103934,48.0125968631849886,-66.66582773717208
103935,19.816001798464935,-90.5928882533247446
103936,-21.75,-41.316
103937,9.55410002474855169,123.146726234420811
103938,11.898161,109.205638
103939,10.120208,105.704959
103940,40.1505747754834346,26.400153812854434
103941,45.2052019233114564,-65.9822229284558546
103943,-27.444756,-55.743545
103944,32.7363477502997711,-16.7327831844018178
103945,11.8543682001540738,75.3755992604609162
104691,13.4299314955174758,121.194380973985886
104692,8.7693999999999992,117.827475249554837
109465,41.3960000000000008,-82.5515999999999934
109466,42.2816906460564326,-83.1054146254005559
109467,42.7116,-82.4826
109468,42.7600527893482436,-82.4714438313726816
109469,41.5455337281357089,-82.7288372205675557
109470,56.2969,-158.3945
109471,59.0167,10.9317
109472,59.075,10.5733
109871,58.9433,9.7933
109890,59.3229,5.3894
109891,58.0505355419952238,6.98509741702922415
109892,59.491,10.382
109893,45.2969722363841711,-83.4208477254107379
109894,44.7288352572683507,-75.4723923640506484
109895,58.3933,8.84
109896,58.0533,8.1233
109897,58.8417,5.465
109898,60.1614,5.9229
109899,59.5769,5.5619
109900,59.48366,5.88722
109901,59.2923,5.97436
109902,59.7493,5.4339
109903,59.986699999999999,5.98200000000000021
109904,59.10576,9.56792
109905,59.43222,5.9145
109906,56.30014,10.86633
109907,57.93928,11.5773
109908,32.25,119.874
109909,15.0723,120.0491
109910,67.225,13.7683
109911,68.2116,15.595
109912,63.00842,7.27622
109913,70.2669,25.45925
109922,70.2719,21.6898
109923,70.2469,21.7083
109924,70.2204,21.8091
109925,63.014800000000001,7.30030000000000001
109926,70.4457,23.7533
109927,65.934,12.29
109928,70.1064,19.5839
109929,66.04,12.607
109930,70.0844,20.0904
109931,69.9869,19.9316
109932,69.9367,19.8322
109933,-10.8079577431770772,40.5705116746270704
109934,68.9765,16.4744
109935,69.1869,17.0137
109936,25.13,121.29
109937,69.521,18.068
109938,-62.1534,-58.464
109939,59.4955,5.8962
109940,59.5224,5.2582
109941,70.0461,21.282
109942,69.9539,21.8803
109943,67.4421,14.7129
109944,67.277,14.557
109945,-51.3517,-60.68
109946,59.3215,18.1706
109947,59,4
100711,47.558522,-52.706736
102741,45.8887364426976276,-80.7290447417492771
104502,17.8659319268723564,-77.5661605564757224
104510,69.9805357654651203,23.3332521510467785
104516,60.4308,6.4247
104883,48.549647,44.624452
101133,63.5355106944553611,19.4578786273847335
101522,49.519340265536016,-123.484115956578094
101523,-8.13476732974817729,114.403243649366317
101524,55.9838958396836261,-160.570710641686958
101525,49.282963796010705,-122.850405608854416
101526,-9.47466467127161494,147.148152726730444
106556,-14.453918,124.988511
106557,43.3562928484208783,10.4229400686028697
106559,48.1616119999999981,7.59718499999999963
106560,48.603006,7.820748
106561,49.9841679999999968,8.30747200000000063
106562,51.988811,5.097331
107485,40.636966,-80.421811
107486,40.645508,-80.496385
107488,40.478504,-80.049089
107489,35.058131,-85.312594
107490,34.625801,-86.990068
107491,34.784056,-87.671475
107492,39.112047,-94.604929
107493,39.136267,-94.430766
107494,39.229963,-94.306193
109628,-64.7355,-62.6097
109629,-64.843,-62.5388
109630,-64.811,-63.5
109631,-64.8367,-63.5913
109632,-64.8868,-63.5792
109633,-65.0136,-63.7506
109634,-65.071,-63.945
109635,-65.0914,-64.039
109073,63.3558,8.2304
109074,59.2699,6.1429
109075,59.2694,6.1931
109076,59.2998,6.3225
109077,59.2798,6.3216
109078,59.736,5.884
109079,59.2852,5.6346
109080,65.1156000000000006,11.7908000000000008
109081,59.8954,5.1039
109082,59.8319,5.0801
109083,59.8125,5.1101
109084,59.8106,5.1246
109085,59.7996,5.1294
109086,59.7879,5.1005
109087,59.7285,5.1531
109088,59.7266,5.1456
109089,59.7145,5.154
109090,59.6233,5.1597
109091,59.6099,5.1339
109092,59.5968,5.1616
109093,62.1665,5.5954
109094,62.5174,6.158
109095,62.7834,6.926
109096,58.976,5.861
109097,58.9542,5.9436
109098,60.2606,4.9878
109099,59.7419000000000011,5.98090000000000011
109100,59.7909,6.1766
109101,59.8322,5.9843
109102,59.9071,5.1598
109103,61.2442526310965292,4.97588888536235707
109104,59.8707,5.725
109105,32.1381,121.4453
109106,51.499,4.272
109107,45.9827808281618218,-84.2760934231215089
109108,-6.94903954891074171,106.236237118973406
109111,61.1567,5.134
109112,61.1101,5.3405
109113,61.0766,5.3859
109114,61.1888,5.09
109115,61.206,5.1317
109116,61.2017,5.1709
109117,61.2009,5.2621
109118,60.6963,4.7549
109119,60.1197,5.7209
109120,59.8758,5.6388
102088,55.832,37.478
102089,65.8519915764411508,13.1894661551720525
102090,53.583,142.5
102091,59.429843736702523,10.6532784516465018
102092,60.466695,-1.2059
102093,-34.1771039215137193,22.1470046559077787
102094,56.0342056771258186,-3.30997485292453009
102095,35.9345786039763766,0.0732174693788536224
102097,36.7170673704965935,-3.51869506791935605
102098,4.13300000000000001,8.44889674503848909
102099,-37.6426946638874469,176.181294747640351
102100,37.924413,-87.879358
102101,-17.6000441081620345,146.124663900227404
102102,0.460024595837470629,121.222326237479635
109787,60.5309,4.9732
109788,60.7125,5.4036
109789,60.7421,5.3432
109790,60.7791,5.1608
109791,60.7502,5.2984
109792,63.091,7.772
109793,58.4672,5.9214
109794,60.8607,5.5185
100349,60.116,6.558
104300,13.544,100.997
104301,35.1857149857769684,35.9415325106722676
104302,-3.32272899999999982,114.556389899999999
104303,13.44527,-16.57057
104305,-40.666141199573012,148.179842807800298
104306,-5.9967080977481082,105.946449552380386
104307,51.6811276172340115,-9.52846706742719896
109861,62.442,6.277
109862,63.771,8.4763
109864,66.8085,13.2423
109865,66.8096,13.1176
109866,65.8065,12.6197
109867,69.8461,22.0194
109868,13.1693,-61.2488
109869,63.9426,9.1319
109870,55.5102,9.6134
109872,67.2655,15.1252
109873,67.2273,15.351
109874,67.243,15.3988
109875,67.044,14.5735
109876,62.5061,17.4907
109878,64.9533170000000268,11.1957170000000019
109879,42.8132,-70.8624
110263,67.8125,12.8
110264,62.6417,6.1918
110265,68.5414,16.6281
110266,47.7806,-122.3986
110267,64.2564,10.3455
110268,30.22865,-91.13264
110269,-6.82,112.8
110270,-8.2147,117.7094
110271,68.925,16.3452
110272,57.5027,-132.8217
110273,58.1274999999999977,-135.467000000000013
110274,64.3038,-95.9536
110275,63.9474,-93.6242
110276,69.0026,17.4408
110277,69.5315,19.021
110278,68.777,17.2869
110279,62.6797,6.2392
110280,69.8513,18.8215
110281,70.7134,23.8274
110283,-8.10665,127.81612
110284,-7.15336,131.71365
110285,-7.8692,129.5896
110286,68.2985,15.0767
110287,70.6453,22.6943
110288,-13.937,123.2965
110289,-2.6285,111.8065
110291,66.54,11.721
110293,69.323,32.9
110294,66.5752,13.0031
110295,70.0645,29.0347
110296,66.22,13.03
110297,70.2466,22.8875
110300,23.6388422376282499,-74.8320729213531308
110301,68.0643,16.6595
110302,68.7588,17.1529
110303,70.0760330780257163,28.8687688253288464
110304,66.0616,12.9555
110305,15.831,-88.628
110306,4.4681,-2.5541
110308,1.788,102.7035
110309,67.579,12.426
110310,69.1514,16.9065
110311,63.9804,9.865
110312,37.1643,129.3655
110313,63.053,7.441
110315,68.9705,15.2648
110316,68.9414,15.3074
110317,68.8858,15.3146
110318,68.869,15.301
110319,60.1877,5.7644
110320,10.3983,125.59
110322,60.16,5.68294
110323,0,0
110324,63.4926,8.0154
110325,17.887,-102.163
110326,25.1835,119.0121
110327,25.0533,119.0211
110328,21.1356,110.3955
110329,51.3496,51.3496
110330,29.342,-93.227
110331,28.186,-96.075
109688,70.1322,20.7894
106622,58.8884,5.74988
106896,-23.3385,-149.512
106912,51.9501,4.08746
106931,39.4157551202862635,53.1024739090646207
103004,53.3186703473037227,-4.61903586915489495
103019,58.1117787396939107,-135.455672172091823
103034,-16.7367659318414717,-151.033617920223605
103050,42.4496450910423135,18.5319683522418401
103064,33.922165,130.907654
107060,-0.738391419020730133,109.545408006244216
107061,53.299686548960949,-6.13176032257249126
107062,55.1862,-7.0404
107063,18.3433640909133011,84.1239992571899649
107064,18.2069819782860165,-78.1344311349897396
107065,39.2304,127.367
107066,35.246633732782648,-3.91912406276122738
107067,8.52187343997814217,124.748010462181455
107068,15.5640222488502236,-61.4601462670681329
107069,36.1968161693491481,29.6430994173096529
107071,53.4232653265868009,-129.250405984203326
107073,56.8119130640360481,-132.968226076684971
107074,50.2042997427054871,-123.769650193911417
107075,60.9556,-147.11
107076,60.6432604089964258,-146.961921392752942
102607,59.98005326651682,29.774708846923275
102608,5.59770266661006932,95.5256047623348081
102609,34.859,129.216
106524,0.830759849287026508,128.259624227708485
106525,0.840246822562600415,128.312057401671836
102710,2.00865700454751162,-157.496974064294221
102711,56.1131042906404218,-3.15056328004343111
102712,69.7292896049537916,30.0720655927756475
102713,58.9885404836703842,-2.96132189953875491
102715,35.384277,139.906303
102716,51.9739546213014947,177.536421188333804
102717,-0.386729706828413455,42.5441257923822178
102718,33.937,130.854
102719,36.1399530493323198,22.9970461466389509
102720,53.993649,-128.680881
102721,67.7260732688500866,-164.543360839230672
102722,70.9491655658028293,27.3368326830497352
102723,59.171457,10.385564
102724,68.0942679487419724,16.3792893571760239
102725,68.191043,16.179038
102726,55.6505243681714603,21.1557971988652795
102729,4.24884,103.464
102730,65.7281495890142367,24.5523100881567053
102731,60.551321,-151.24125
102732,-3.97413295991260807,122.58382303717525
102733,34.271339046526279,-6.64813781534170101
102734,1.262132,103.817469
102735,45.3587537679308568,36.4823038717745618
100969,48.7926287042646578,-87.2914412392868684
100970,70.4830000000000041,-21.9660000000000011
100971,58.6103586908181029,-3.54404989047135377
100972,-0.713,131.254
100973,-5.70868111659839883,120.480794917782887
100974,29.2284879243421898,50.285141571663722
100975,-12.8530271813377208,-38.8401147022118352
100977,59.125,10.228
100978,64.038157,-22.718071
100979,20.9247497206297943,88.2109546931015984
100980,58.856,5.746
100981,66.024,12.634
105444,-1.92267784450215906,123.945235219599653
105445,18.8361521115430328,72.8312524363764311
105964,45.3547889549736993,12.2470739004036506
105965,18.2244922498881863,-65.6246831955184433
105966,47.262661,39.892668
105967,-34.4782,-57.8482
105968,17.7543090067215878,-16.7543090067215878
105969,41.2355161999999993,-72.2061371880513718
105970,40.489,-74.272
105971,40.546,-74.246
105972,40.556,-74.223
105973,40.6037995927624991,-74.1972816776282258
105974,40.629584,-74.201993
105975,40.645,-74.18
105977,40.641263,-74.126174
105978,40.644,-74.114
105979,40.636,-74.07
105980,40.619,-74.065
105981,27.76,-82.63
105982,27.9149314245936822,-82.4282782148388833
105983,27.796,-82.413
105984,1.317,104.025
105985,21.0776924292704031,-75.9525682092080245
105986,21.5426057325018228,-77.2079978608714583
105988,38.2535428100535313,26.3851313904505602
105989,39.8352952197680281,26.0745143719959778
105990,62.9577,7.4028
105991,39.3306268384274063,26.6562066679616692
105992,39.4765917393849648,26.0656531987856681
105998,54.1375279991499809,13.7312988243929279
105999,49.2897167339257649,-122.963342713890228
106000,49.2887035272897691,-122.865159359671026
106001,29.75,-95.106
109230,60.0358,5.3422
109231,63.8010000000000019,8.90610000000000035
109948,-13.939,127.315
109949,70.7738,25.6453
109950,68.8174,14.7101
109951,34.2389,134.6517
109952,66.1988,12.4394
105994,37.0998443911598415,25.7948535189987496
108116,36.3865288231224469,25.4297073547630212
110374,59.3983,5.6896
110375,66.676,12.5074
110377,63.0399,7.8503
110378,63.0345,7.8351
110379,59.4849,6.2472
110380,61.0091,4.6331
110381,59.5119,5.4464
110382,59.5389,5.5443
106497,17.6638894534531232,-101.620518553394149
106498,17.6352471555152874,-101.558665008356996
106499,19.1946381484363791,-104.679179507487831
110639,34.2008,136.3427
110657,34.2753,136.5042
110681,33.7131,135.3921
110706,33.9288,134.6979
110392,40.1892,141.8128
110526,38.4425,141.4563
110613,37.238,141.0283
110668,37.14656,141.00665
110690,37.104,141.0042
110717,31.4013,130.7639
110718,31.4946,130.695
103624,19.9204341614000278,-75.1507498338994964
103625,29.9371939419481166,-90.3502073231240388
103626,42.3274065909929078,-83.0388317919368291
105523,-13.3540772218653903,50.0058024507890622
105525,43.8161478090010519,7.78675841647513689
105526,-34.6519737982640876,-54.1437164071867585
105527,17.1634920707147849,73.1760572227942419
105529,23.2,113.2
105530,-22.2993852735487152,167.014530818192526
105531,43.7356111715872018,7.4289827189498574
105532,28.5011950479289418,50.0010198856982413
105533,36.486453,-4.951831
105534,-33.8404512184120989,151.253959272585178
105535,-33.8703354516572332,151.262267331185654
105536,-33.8545546205362768,151.204912278457272
105537,44.092921,-87.649588
105538,45.1078842440901084,-87.6011976371693777
105539,64.2231768603218569,23.7119704269150553
105540,30.682221,117.471598
105541,-3.52624765117454375,126.150467357070653
105543,40.9912066893306104,28.9558248312578783
105544,57.722,10.601
105545,-2.61360797883021689,116.454463409228268
105546,37.2149731950181746,-7.41054236734125116
105547,37.0235614789467604,-7.83388568759063908
105548,-5.00061671440546807,151.247733619730809
105549,65.6981963111284131,40.1890244745084502
100282,57.3327,10.536
100283,49.6008855274875486,-124.886681403367234
100284,34.472732,133.936176
100286,36.818,137.393
100287,54.312671797208985,-164.765154487804665
100288,72.7830000000000013,-56.1499999999999986
100289,35.217472,139.723763
100290,52.658298,5.598025
100291,48.7833,-5.68333
100292,-26.1251861566113064,113.420241502673576
100294,41.0276266543279604,29.0147324890686562
100295,68.8967264622218778,170.706833337980697
100296,45.4681,29.7056
100297,59.6857060845780651,28.4198590637050756
100299,56.2160000000000011,162.483000000000004
100300,33.125947,131.812388
100301,62.7716289153287406,17.9365928014529885
100302,1.93262410006784746,9.81093063846913083
100303,-16.7305435730828016,-151.440511737204986
100304,60.7945340166866117,21.378979419547175
100305,33.225033,132.549231
100306,61.9348203720855253,5.04645585861943413
100307,63.098858,21.599163
100308,8.86052494812702207,-79.6660678414257148
100309,43.3498305280226361,10.4488579947397913
100310,61.2063597295745367,5.83208486374089041
100311,5.55826815803946594,95.2801901064776331
100313,44.2696029115223197,8.44924977972741331
100314,39.1713662844829003,22.8515517755724176
100315,34.7096420000000023,136.524934000000002
100316,33.083,131.866
100317,34.3822,133.2993
100318,35.672307,136.073206
100319,33.256967,131.775663
100320,34,129.5
100321,10.95,-60.9
100322,-5.63457292496400708,132.740849332691937
100323,44.0920394612408799,39.0726731173254436
100324,-6.78680611539408751,111.900628667177202
100325,-20.28944,-40.2483377852070419
102103,18.2489676723076855,-68.2489676723076855
102104,-10.2679413704609814,40.1986802590522245
102105,2.05,102.557
102106,5.0249124997586625,115.072800563060099
102107,-0.24722260124903403,117.530020431476558
102108,-1.00525124538529087,117.244336798219052
102109,1.94593080801530549,118.10359691206564
102111,40.3577572647891643,28.9290001760482021
102112,36.9193780587134199,-121.992228908615601
100563,59.4474902806793111,24.7689317843084424
100564,-25.3998662692754813,-70.4813264874523924
100565,34.491639,133.951941
109999,52.1593,10.3916
110000,52.3107,10.09
110001,48.2379,14.5176
110002,48.4008,15.6407
110003,48.3393,15.9493
110004,60.5883,5.3698
110005,48.83106,8.11307
110006,48.68624,7.91203
110007,48.52561,7.79456
110008,48.40081,7.72889
110009,48.14963,7.58952
110010,48.01967,7.57788
110011,47.91053,7.57145
110012,47.76859,7.52612
110013,47.65243,7.526
110014,49.99931,8.33387
110015,50.03876,8.47732
110016,50.0883660000000006,8.59938700000000011
110017,50.10787,8.72678
110018,50.12501,8.87009
110019,50.07956,8.96061
110020,50.00543,9.04746
110021,49.93403,9.12879
110022,49.87028,9.15973
110023,49.71278,9.231
110024,49.75356,9.31821
110025,49.78075,9.44085
110026,49.75556,9.55192
110027,49.81172,9.59353
110028,49.90035,9.58923
110029,50.01177,9.60674
110030,49.99979,9.71732
110031,49.9215,9.80132
110032,49.85651,9.85453
110033,49.79296,9.92521
110034,49.7539,9.98158
110035,49.67723,10.03975
110036,49.66775,10.1249
110037,49.71932,10.15387
110038,49.79549,10.1825
110039,49.81766,10.22148
110040,49.91325,10.18415
110041,49.97667,10.17529
110042,50.0391,10.23067
110043,50.01702,10.37974
110044,50.00251,10.54921
110045,49.98143,10.63803
110046,49.92385,10.78483
110047,49.87984,10.90835
110048,49.83776,10.95702
110049,49.74357,11.04805
110050,49.68541,11.03802
110051,49.62299,10.97976
110052,49.55552,10.96983
110053,49.41498,11.05802
110054,49.38482,11.06411
110055,49.29146,11.11254
110056,49.21054,11.1775
110057,49.19432,11.22624
110058,49.15257,11.43581
110059,49.09174,11.44316
110060,49.03296,11.5601
110061,48.97474,11.68756
110062,48.92422,11.85155
110063,51.99261,5.13437
110064,51.97645,5.40894
110065,51.96699,5.80527
110066,38.71195,-90.17427
110067,38.7028393314567865,-90.1811341554638801
110068,38.86992,-90.1521
110069,39.0035,-90.6896
110070,49.9765,9.0778
110071,49.7846,9.4731
106563,51.761606,5.742643
100021,-34.067353,-59.031102
106402,52.557398,4.780511
106403,51.433483,5.445764
106404,51.552205,5.095545
106405,49.856852,4.757598
106406,50.411822,4.424143
106407,48.826097,12.956297
106408,48.813457,12.969586
106409,48.635427,13.189784
106410,50.974996,5.755743
103079,62.3530026629388416,6.08336390666741345
103096,43.8471566913498805,-82.6398576776375222
100925,64.5764261718043002,39.8034346181283141
105698,43.9464533388052345,-83.282883059731688
105712,8.52571673784088624,-60.4655058923106026
108102,4.04999999999999982,8.29889674503849051
108103,-34.22422,-58.07412
108104,-6.8616306444520303,112.418015215760533
108105,45.7217006422029542,-120.206904998599185
108106,46.1004889307372707,-118.922568376993624
108107,46.7015891807915864,-117.473903570891608
108108,46.6306,-117.7954
108109,46.4274077313271221,-117.052954929477821
108111,-0.1436,99.7344
108112,60.01097,1.42358
100791,42.331,130.4
100792,54.913048,9.78224
100793,66.9685000000000059,-50.9487000000000023
100794,40.683,129.2
100795,7.234335,100.568196
100796,38.721606,125.620771
100798,-0.882030963717592487,131.253204557038799
100799,69.1569578136927845,18.1242499402110191
100800,69.3964988825176476,20.265333076369938
100801,40.62924,14.376621
100803,29.3589448596048719,-10.195955700190618
100805,33.5675575970280065,35.3703018795412376
100806,36.9905672287812308,24.6742981432452808
100808,66.152808,-18.898197
100809,10.6473990871642279,103.507939596881897
100810,1.63200712325374298,110.470914187600556
100811,22.4568326885498379,69.7976027302972142
107856,40.67078,-74.0829
107857,66.0016,12.3071
107858,66.1916190891514304,13.7843827755741497
107859,66.2233107016911049,13.6052984163414408
107860,66.74564,13.49742
107861,68.386099999999999,14.4138000000000002
107862,0.789750188947777376,128.254134801404291
107866,65.0846861900520821,11.8295873032072176
107867,69.4459375531450434,20.1567291294222848
107868,70.1285314919411746,19.9791551690466846
107869,71.0046324741173294,23.901006380794616
107870,69.4444,17.2957
107871,66.5747,12.9762
107872,64.9164,11.2517
107873,26.7534,119.7285
107874,69.4164,17.1661
107875,66.1892236474867701,13.2319555711735557
107876,62.577710664834477,7.12143795180187489
107877,66.7313188443782508,13.8945787690528864
107878,57.9489297869515667,22.1252219447446947
107879,61.072846928785097,28.2411124050305595
107881,67.1195944639330406,14.9783705379703402
107882,68.3414108752555052,15.4363023549377072
107883,68.8769,16.2874
107884,69.5980652462859126,19.8973927870671723
107885,67.2986710462762403,14.7016719204841255
107886,62.444,5.9549
107887,62.3367249358221969,5.7287475711692748
107888,-0.804110286035875754,103.918009602809533
107889,68.0602737733439795,39.5237225966372065
107890,51.4149438400522882,-57.1491988268872646
107892,60.2132,25.2012
107893,59.3403792437639055,13.1261519505537443
107894,59.417,13.6909
107897,7.76096214980284582,122.119029304099826
107898,72.6858520532456396,73.0109948638231003
107899,58.8671294487823857,23.0486126508639302
107900,60.4883949775653278,26.9503217743438697
107902,62.3334028021360353,17.3689723004879681
107903,43.5427902891809993,-6.72516817523991683
107904,59.1427999558552102,-2.59997520541680327
107905,60.0152755369735331,22.5110852890749094
107906,27.8997,121.1169
106720,29.6467,-93.325
106721,1.23885,103.745
106722,12.0548152203484662,-61.7550652140541985
106725,13.1311,-59.6381
106726,44.3458739680025715,9.23456087938903103
106727,41.1794998258793541,9.38525527921369118
106728,41.2125120796599731,9.41185649620984499
106729,40.7840102826987874,14.3617295534083969
104668,11.0612818722316142,92.7057396999517493
104669,-1.62992307627825195,105.732607835946041
104670,11.816,123.083
104671,13.577,120.324
104673,10.4980897388894352,122.771896911519605
104674,9.595,123.614
104675,45.55,149.166
104676,51.336,-179.898
102055,38.3747554783115987,24.0517504710432775
102858,22.9841405217633294,70.2268804272272149
102859,10.6659418544167242,122.584338672210848
102860,-6.20798010802406441,149.544523042553038
102861,34.17,132.259
103061,33.9464179349813335,130.838682210720549
103062,34.6980999999999966,134.83189999999999
103063,33.952,131.922
103065,45.9328840196111869,-64.6340672650545116
103066,19.733,-155.066
103067,10.3687682222765609,124.741173100114537
103068,34.76818,134.687244
103069,37.0420000000000016,137.842999999999989
103070,36.86278,136.992203
103071,10.2749278227164584,122.845704792959381
101077,-21.44039,115.05409
101079,68.9089253306556913,17.7238637022381305
101080,-8.22634332926413947,-78.9843934863254447
101081,22.3721249324036329,69.6215549463954773
101082,-33.0356595518669849,17.9824710152493381
101083,15.3168543739612595,42.6718047170719572
101084,66.5409225203739254,66.5739681728160377
101085,42.5222464371701321,-70.8774629628716326
101086,39.5754890804968724,-75.4797742154027276
103432,-25.0274176496718646,46.9972496456627837
103433,14.5989293429101448,-61.0603910401364658
103434,19.6688805437005385,-71.8369438185603002
103435,-3.71013282106496023,-38.4827194871557055
103436,43.3985263663441501,4.88013189135463499
103437,40.1455709688080304,-8.84952552563022365
103438,52.871728,-0.041291
103439,51.9643,4.12676
103440,37.96865,-87.580995
103442,6.19883302013637127,-57.5257711717703657
103443,50.7163706999999988,-3.52806959999999981
103444,50.6159999999999997,-3.41599999999999993
103445,58.4986,8.887
103447,63.6969,-51.5448
103448,59.7348793051724698,10.5847285408927103
103449,40.139892,-74.755398
103450,41.7590080000000015,-81.2804639999999949
103451,18.3342430885003154,-65.6296754322896589
103452,-2.93562350217770573,132.306480889480724
108404,61.2844852856187501,4.63563450069349692
108405,66.8068907140217334,13.5884954055635312
108406,60.5277,5.4917
108408,68.8377515096019579,17.0746175196693137
108409,-1.56048418428396918,-80.8174713239676805
108410,3.89463220245041697,-77.07593292174802
108411,70.029966422916786,22.0674006164675731
108412,69.9410026183315807,22.0413811101793762
108413,69.8703464345248051,21.9312854765570613
108414,53.1300000000000026,-49.6199999999999974
108415,59.9500000000000028,-56.0799999999999983
108416,45.0399999999999991,-48.1000000000000014
108417,51.56,-137.62
108418,49.236,-5.804
108419,7.59117840118509157,-81.7080025989626506
108420,5.70584550101080445,-77.2745921413532244
108421,-6.46625781915037035,-80.8733972233068954
108422,10.3258,106.0324
108424,-21.8046033581667658,-40.9812989269110233
108425,68.600665869936293,15.3794242234017471
108427,71.0841634954652051,24.0621459368359041
108428,70.9841555896009453,26.0281029702325846
108430,65.923787531239995,12.4305310444893866
108431,65.9953612375839498,12.3390306961752803
108432,66.6508489471901129,13.5604407740462811
109014,53.1808,8.5588
109015,62.0893422226036975,5.73669004241617841
109016,66.1752,12.7649
109017,65.0788000000000011,11.7240000000000002
109018,70.3465,22.9749
109019,70.3533,23.0791
109026,70.98,25.7478
109027,70.8956,25.5633
109028,70.8854,25.4951
109029,70.8712,25.4463
109030,55.4752,10.5325
109031,17.9871900974206049,-66.7308011923632449
109020,69.6618,20.329
109021,69.577,20.2431
109022,69.5783,20.5104
109023,69.7917,20.6005
109024,69.7989,20.6419
109025,69.8161,20.7178
109032,70.2634,23.3193
109033,70.2831,23.4
109034,70.2871,23.4668
109035,-6.09609523187713709,106.916095681659982
109036,69.3684,17.0281
100326,-3.76727042126996459,-49.661290643919294
100327,69.4304127833587046,-132.985294105681362
100329,-23.378147667394817,43.6640976860285974
100330,1.80475086756297265,-78.7607204850283438
100331,-34.3777539821376763,136.107105377462858
100186,38.7197385875598172,16.1268424853539365
109955,69.852,21.829
109956,69.9311,20.9554
109958,69.7756,19.3674
109959,50.7396,-1.16
109960,70.7833,23.5367
109961,50.3740999999999985,-4.18789999999999996
109962,62.688,7.5064
103042,56.0329573766827593,12.6162524016770661
103043,60.1512967063715109,24.9199731194306615
103044,51.150755,4.329892
103045,37.841,-87.6
103046,26.90703,112.611207
103047,26.6852527889891888,55.8944067669606355
103048,47.797651,-3.277163
103049,68.1553927458559485,14.2125090591951793
103051,40.7817146688409764,29.6167060122374046
103052,61.1835037159516162,6.84968105375218705
103053,51.3732409398035799,1.12069448472624145
103054,59.115,9.623
103055,60.1398946222170139,18.6468333883495809
103056,35.752367,140.841639
103057,63.5651848132503332,9.20138932912265695
108117,-2.59221330155499396,104.725225818850362
108118,35.0762,128.8052
108119,55.7666696101460957,-4.86403025271791911
108120,57.8089091755550299,-8.56828931769551971
108121,51.8681556745968066,-8.33117356407143284
108122,14.479728986358932,120.615160943748535
108123,19.1096078884538372,-72.7031586352572532
108124,18.3324022176141881,-64.9523873697861092
108126,-3.76243055888609979,115.61904505254806
108127,1.66190067368617966,101.637613184696818
106609,45.4079657868690276,-73.591384406607375
108128,8.02204268265601783,79.713342020360102
108129,-2.31543847452245899,104.92379335680954
108130,5.9,102.5
108131,-10.8465897879752315,142.365227315433231
108132,49.92031,-6.32539
108133,49.4285908972498973,-56.0995351195020788
108134,-25.5433,-42.8414
108135,14.4677294491140458,-60.8678721945430041
108136,18.372,-114.737
108137,18.7800000000000011,-110.986000000000004
108138,-2.02497043437720459,105.078510043892933
108139,-34.2393,-58.7603
108140,41.6780103053187716,8.90058387667239437
108141,31,-150
108142,44.3601,146.7348
108144,47.3145692128985615,-52.8112405314893181
108145,51.2713,3.8455
108146,38.0592787351161235,-122.240755194653318
108147,33.9037,130.8867
108148,-33.9532,-58.8291
108149,39.8505,-75.3204
108150,61.7400351678677666,5.91931470319073583
108151,-25.8,-43.25
108152,0.547289015073688656,104.085542126075879
108153,45.5738452434049677,-61.2594459192307355
108154,4.1166999999999998,8.48529674503848952
108155,-6.2402,10.7319
108156,37.0691,-8.1232
108157,58.1567,8.0362
108158,63.7005140981851667,20.3269902685652823
108159,61.8,2.7833
107713,51.086593,5.151099
107714,50.94035,5.494956
107716,51.811304,4.650147
107717,-12.75,124.416667000000004
107718,39.681305,52.275639
107719,36.8440103077030798,53.2713427110392388
107720,3.335,108.606
107721,0.863012217171504004,108.339168810785551
107722,36.9024592116516601,25.9752028519236582
107723,38.476867,21.100112
107724,36.8704971135334318,25.5100300377313687
107725,-13.926667,125.626667
107726,-14.2130640388676355,125.641107979496795
107727,-13.7563623916619626,126.146347167469955
107728,22.534312097030835,113.8545014343606
107729,21.9335,113.5501
107730,-23.117939,-134.968796
107731,-21.909,-157.962
107732,-5.5,57.5
107733,51.2402,4.4495
107734,46.61889,142.899753
107735,27.094024,142.195705
107736,26.638238,142.159644
107737,-1.27057174339057832,131.03066361856736
106411,51.152564,5.886594
106412,51.60474,4.762556
106413,52.026866,5.114647
106414,51.922402,5.016864
106415,51.955083,5.942018
106417,51.520035,5.646731
106418,51.661615,4.159798
106419,51.811879,4.882588
106420,51.817349,4.762808
106421,51.868408,6.048831
109414,65.7232,12.4753
102174,-22.7224676274988688,-70.2910769729587486
102176,54.583,-1.233
106427,17.7475756108463827,-64.6988875842947522
106428,-64.7335,-62.2586
106429,5.49492120967467823,-54.0563420289321783
106431,24.446246,118.011221
106432,-26.292,-80.095
106433,62.3477169457806752,6.066575076230321
106434,-15.5600186944869012,-175.630553260153732
106435,-10.422866,-161.035661
106436,32.3234,-64.8302
106437,64.022292,-22.554476
106438,63.997234,-22.544083
106439,63.985545,-22.533195
106440,-23.8730699408722984,-46.3753334922718139
106441,-49.2994010070817552,-67.7197504359047429
106442,31.5609024798028024,25.164306784955297
100631,57.8432677585456361,18.7984824754886368
100633,54.2974443451133979,13.1106676960395525
100634,62.3086824254285716,6.94985041066212261
100700,64.009416116708266,11.4853632402526529
100707,70.2616957843073351,22.6146076587022371
100444,59.26,10.4184
103749,6.09279540877101056,125.157816387779718
105661,-29.2717186614857816,114.915367582698394
105667,43.7088469489003515,7.33773446331238155
105673,28.3882076912741574,129.498581886837428
105679,42.798,140.236
105684,45.4489999999999981,141.036000000000001
105987,21.5682439303825468,-77.2437821107741485
105996,33.889584646957104,10.8565975706995559
106003,33.873,131.003
106011,30.156212,-93.329688
104225,-8.74901845196932726,115.214789357199848
104232,51.6513899801301477,-9.90655015136863248
104239,-20.8148724621483794,115.533973058576876
101142,29.4167,-93.6667
100901,69.2716361571071815,19.4097781273371304
100908,31.5891540000000006,130.192250000000001
100917,37.1416944060775265,24.5190759701874477
101777,40.1482760453683767,18.4929423571224163
104866,47.6332984208077832,40.853774837881069
104872,57.460941,42.138085
106869,53.1842,5.54434
106870,53.1829999999999998,5.80400999999999989
106871,53.1089,6.05707
106872,53.0296,5.67199
106873,61.3454822646934304,5.06551687019934338
106874,61.4103524769950155,4.96991897261414017
106875,61.6102371704176761,5.0688794054387607
106876,61.5883171947045227,5.45911548154525939
106877,59.4113,5.22766
106878,62.4745,6.3433
106879,50.2707,7.64213
106881,18.3316312449098007,-64.7961109705584732
106882,49.9724,7.93691
106883,52.007,4.71084
106884,9.55620619168680285,-79.6593422350300813
105510,48.308,-124.038
105511,51.823,4.057
105512,5.82561541384756243,95.3474740268192704
105513,62.3019,6.0835
105514,4.63466849839556705,95.5709486180871295
105515,5.04959185249787712,95.3325457586936835
105516,37.469,126.578
105517,-54.0974589728201209,-37.1238552707441869
105518,26.2192015736201434,127.786665545100945
105520,-9.45832417844925466,147.12136439040188
105521,47.196529,-1.674549
105522,9.81191229034525847,125.636780758126648
101612,-20.7861253989786015,-40.5717614180740185
101613,-0.0223991331887996997,109.344654327014396
101614,50.7070353406838805,-1.98638532662576961
101615,21.6256520938825751,69.5903811163321961
101616,61.4911219999999972,21.7956380000000003
101617,10.946,-63.849
101618,16.615524829730461,120.305394343569247
101619,49.2160000000000011,143.099999999999994
104915,-33.626,-78.867
104916,-33.745,-80.75
104677,51.624,-177.11
104678,-55.111,-66.51
104679,38.4627874426489811,23.5893602011631955
104680,68.5545,16.46
104681,45.609805,-61.379235
104682,22.5168846360263899,70.0287326687270593
104683,57.3170052515924695,24.4031057634390223
104684,57.1635563736364745,23.2329405891947829
106490,49.431832054645561,-56.0864411379138161
105006,-5.578,119.945
105000,10.5289277902405249,124.03123792356952
105001,46.621606,142.908478
105002,27.7300000000000004,52.1543602410615961
105003,-13.2322398081937322,-76.3268895618036112
106626,-17.0557857135713675,42.7271346027525638
106627,22.529,-73.303
104308,31.418923,121.478933
104309,42.0931249765311364,19.0816002450099163
104310,44.4038485425590252,-68.2129983395145274
104311,18.207753468221167,-71.0905047978001505
104312,21.325031,-158.116232
104313,29.682,-95
104314,17.569943527548066,-61.8623614343159005
104315,12.479607936786822,-69.9979090861821192
104316,-1.567,-48.7789
104317,41.314,2.17
104318,10.1387275269282409,-64.7169950047763649
104319,78.0639115164420332,14.199352454964103
100187,32.334166,-90.90273
100188,-35.5621771489980674,138.635566800761183
100189,48.4157049755984374,-123.390067400102168
100190,4.11599999999999966,8.48189674503849034
100191,54.1332220551064864,13.5739482219550887
100192,42.24668128077478,-8.71086889564490185
100193,61.0891375040727809,6.58034397317532616
100195,-1.538861,-48.753999
100196,36.9438657311318082,-25.1500273048509229
100197,-33.2207,-60.3279
100198,42.605318,-8.780201
100199,8.57682364114300455,124.758370016662127
100200,49.494288,0.668492
100201,50.923433,4.419242
100202,58.5754297070102226,23.507145638479944
100203,17.6875367562880399,83.3011740511562806
100204,57.6337450308673596,18.2759624932354257
100205,67.0763989418347961,32.3434994229841948
100206,-20.3245168699457395,-40.3462406173474548
100207,42.602,131.181
100208,43.6812000135800957,-7.59976913983975333
100210,43.089,131.866
100211,51.440056,3.667805
100212,40.4503081833089126,19.4832538191014386
100213,62.1442194280550595,6.0625931587426436
100214,57.959,38.434
100216,39.3528811196636497,22.9380495461152236
100217,44.4157161386726216,8.77919707640620395
100218,65.755,-14.823
100219,54.9932055517090106,11.8982223332823001
100220,42.75,133.066
100222,59.166,10.4
100223,38.5646545204756563,23.5979335858565236
100224,50.944479,4.415561
104326,29.9242047999999983,-90.1976255000000009
104327,51.5051686490995735,-2.70600308101683051
104329,36.7669427122070047,35.7937264433298452
104330,55.4670971485556947,-4.63695052883945991
104331,9.85761701702600313,123.15160455118216
104332,59.4579279406818557,26.8829205709381434
104333,47.121203,39.396492
104335,32.7926475684644956,12.6777880822967486
104336,18.6900486739403533,121.983947319251769
104337,-20.2931014904921021,164.106648267169504
106481,58.7260801201992777,-157.011029084159929
109060,69.8227,18.5187
109061,68.3779,15.7679
109062,68.4275,15.8512
109063,68.4281,15.8672
109064,70.0664,19.3053
109065,70.0563,19.342
109066,61.1033,4.7122
109067,61.0684,4.7138
109068,61.0452,4.725
109069,60.9921,4.6975
109070,61.0534,4.7315
109071,60.745,4.6817
109072,63.3946,8.2099
110332,29.6422,-91.1197
110333,29.6985,-91.2158
110334,29.7635,-91.1778
110335,29.9023,-91.2137
110336,29.681,-91.4719
110337,29.751,-91.7276
105950,-16.664215,-57.845276
105949,52.34248,8.48904
105823,-21.039064,-57.866732
105822,-21.278933,-57.921853
105821,-25.096228,-57.504621
105596,-29.019256,-59.187927
105595,-29.166465,-59.335294
106450,55.546,9.748
106451,37.3237104040425436,11.8149216596472026
106452,-24.1178298826173396,152.711748949661541
106453,-10.2360934105083246,142.21452655591267
106454,-10.1689481677179892,142.168748999999991
100857,51.4378314332059503,0.738762159635052762
100858,44.9036767444967637,-62.5037963811273727
100859,22.4664999999999999,113.875
110076,52.6485,13.2185
110077,52.2523,11.4973
110078,34.6109328114361574,119.568639348265506
110079,34.5899073895559113,119.609696273988305
110080,13.3048,80.3515
110081,5.3667,104.883
110082,30.4244190123978875,122.445053754326523
110083,59.3738000000000028,5.21943999999999964
110084,52.4010600000000011,9.46575999999999951
110085,51.2106,4.5884
110086,51.18065,6.74832
110087,33.4556,132.4122
110088,34.3892,133.1525
110089,51.8731,5.9061
110090,53.0427,5.7776
110091,51.0096,4.3657
110092,51.0985,4.3155
110093,51.0902,4.3439
110094,40.7526,13.9118
110095,49.0056,-123.1333
110096,50.9181,5.5285
110097,48.6893,-123.411
110098,37.8675,138.4206
110099,46.8105,18.9324
110100,46.1854,18.9255
110101,46.9641,18.9535
110102,45.2638,19.8634
110103,45.3692,18.9808
110104,53.26043,6.46905
110105,51.1107,4.3003
110106,54.1729,7.8964
110107,29.3442,-94.7295
110108,35.4216,26.9271
110109,35.5095,27.2152
110110,70.0374,18.9182
110111,32.1217447597939767,119.899540565333908
110112,53.237,6.2124
110113,40.915,29.123
110114,50.7723,7.0643
110115,50.7602,7.0907
110116,50.084,7.2081
110117,49.1096,11.4372
110118,29.7559502331461125,122.062530302967446
110119,29.7587784279503396,122.150600986261708
110120,52.2553,7.63545
110121,24.7101674483281357,-76.8229368883159083
110122,24.1735776982091473,-76.4456385960366021
110123,37.2774359998750242,118.988791876874785
110124,-6.3214,11.2802
110125,40.7977,-73.8755
110126,51.2314,4.5241
110127,51.2226,4.5513
110128,37.9221,-122.411
110129,45.9851,-81.9267
110131,51.7695,5.15
110132,53.214,6.1045
110133,-6.7113,112.2307
110134,16.1791,-22.9288
110135,35.2238,139.7201
110136,60.4074,18.2118
110137,60.3361,18.4626
110138,13.9019,121.6229
110140,53.2228,8.4626
110141,59.4746,5.7385
110142,59.0206000000000017,11.4423999999999992
110143,70.8332,25.2543
110144,41.5286,31.9018
110145,57.5568,16.5819
110147,57.7235786024750297,16.548081590332135
110148,51.8562,6.0908
110149,63.4459,8.9562
110150,51.7169,4.8972
110151,38.956714084812468,121.886879175972666
110152,19.7797142500053553,109.154207176412484
110153,29.8976483804636111,122.089281619285487
110154,25.2087093690535156,118.995784566014919
110155,21.4488807066026226,109.536287840482359
110156,51.4489,0.7345
110157,54.997122071231523,11.8886497995893929
107365,40.02314,-80.735753
107366,39.67896,-79.974809
107367,45.0282497276029758,14.051515298112454
107369,39.827682,-80.822107
107370,38.468046,-81.816519
107371,38.400793,-81.844985
106087,34.632907,135.411182
106088,34.631772,135.40966
107738,-0.894729260762424206,130.788895234269972
107739,-0.443033728653124903,127.714554264303189
107740,59.0663614262216328,22.701955884527365
107741,62.9413647982760196,7.43344079736364094
106606,62.1705467170174657,-92.5696906645962088
101197,33.8486868646560879,-118.400687844820567
101198,37.5049776937370609,-122.214733502717124
101199,52.558868,1.566492
101200,39.513723,-75.552237
101202,38.128616864060028,15.6505940195576709
101203,32.48,130.036
101204,58.3299999999999983,6.25779999999999959
107508,38.764035,-90.48187
107509,38.842872,-90.235259
107510,37.51605,-89.501189
107511,37.665424,-89.516593
107512,37.270423,-89.526139
107513,38.264806,-90.370044
107514,38.238382,-90.364678
107515,38.18522,-90.328014
103612,-45.8803789374306135,170.508702385567375
103613,15.420958,108.795655
105806,36.2220318643518553,27.6128537203119393
105807,-8.0799,127.1465
109246,60.2586,6.0553
109247,60.235,6.0062
109248,60.191,5.9676
106320,63.039337,65.182212
106334,59.273663,112.436946
106348,5.19500711882937516,97.1492162944444004
106365,-37.9490695305092913,177.00246201590511
106382,69.3727308849372406,-81.7860599797035519
107516,38.132418,-90.256984
107943,62.0449700240545283,5.34013650941231877
107956,61.263511,1.887231
107972,28.0494728263893549,-14.3623332608382199
107987,-1.21166548857610556,116.782394565282516
107535,36.194204,-89.644291
107552,32.91665,-91.06422
107571,40.561,-91.402
107600,40.0162,-90.444381
107618,31.506022,-87.925968
107634,38.906167,-81.845233
107651,41.483,-73.998
107667,53.083876,7.987556
107682,50.417279,4.53547
107699,52.411005,12.167503
107764,37.6553267747086764,24.0205638013409022
107784,40.7679017066728306,29.7249332110192768
105250,16,-81
103942,48.6678502101957733,-1.85701178945142287
103614,50.9125641822322592,0.980439095108449399
103615,17.467,106.627
103616,21.1066817875016213,37.1226208571637954
103618,53.3297,6.93274
103619,36.9142639245841409,3.91757185834569421
103620,52.960457,4.775345
103621,-17.2918572780582913,123.606624382415504
103623,32.7624960968933578,22.655592914324103
102620,-0.810878647297480382,103.463624975219304
102621,3.80303,103.344
102622,1.55429060000000008,110.402221400000002
102623,34,131.866
102624,6.8775700907327959,116.845688661453252
102625,-5.44699146970902781,11.4909475749013872
102628,32.761657,130.583043
102629,-8.04995060351935976,144.561632272182692
102630,4.69440999268996162,118.247930103160968
102631,59.5268977331859759,26.5464151854015533
102632,35.982555,126.596264
102634,-10.1983342914552981,123.52765790984445
102635,34.2344440000000034,132.545718999999991
102636,58.245643787661912,22.4728401987362858
102637,-33.9982989977563221,151.21083810630401
102638,37.8635642071809144,27.2539658744134172
102639,43,144.333
102641,12.1491149545244355,-68.2797657587991011
102642,55.5398497168068701,-133.108195341086429
102644,57.3855686905674247,18.1857826885034726
102645,60.3729999999999976,5.16199999999999992
103663,32.2177,119.377808
103664,51.509629626402301,0.145650625399067341
103665,38.966,117.666
103666,28.4979713455852739,34.5181502323604903
103667,19.9700649857829582,72.7183372077241472
103668,21.6911071929821233,72.508878413971857
103669,8.48874,108.6776
103670,14.6777472739457995,-17.4235561127879208
107154,8.46276497737083133,76.9235079542345517
107156,-25.981485526785562,32.8888143767087939
107157,39.7432760371864831,20.0188508787796167
104917,10.3,-109.215
104918,70.9202746406161992,-8.71240593418677456
104941,15.7597511198912326,-96.1199790462664794
104942,9.58845148014706439,-78.8799517921185895
104951,13.3801864113356199,-81.3702988155377085
104952,-10.4646598732608513,-138.665863569932668
104953,-9.80490409677578612,-139.030794509776428
103302,49.4707254597311277,0.237248321182030653
103303,29.9882881208030163,-90.4024652324720535
103304,53.6973085532720873,-0.866955218340884071
103305,48.950658,2.286826
103306,-46.565,167.861
106907,-5.87804613881388338,106.077932040801286
104221,-3.91279546943620149,102.291098351299794
104222,-12.5857250949323198,13.3861931994131584
104223,38.0411554597939769,-122.13419487427538
104224,35.3065668895602585,-1.39145090191243903
104226,47.883012,-4.119118
104227,33.283,131.516
104228,13.0103712222371968,-61.2368081720017585
104229,-2.47248366690510002,132.323278887378535
104231,46.7518709926727638,36.7774874258871733
104233,40.626107,-74.202771
104234,-26.3563315522959769,-70.6457919710135798
104235,15.9980574633771226,-88.9170137574798645
104236,10.961526,-74.755765
104238,54.1008817315582107,-3.21286135170645082
104240,51.3993485437218567,-3.26691492328378486
104241,41.685602874873446,32.2302828316483314
104242,53.4715,-2.3008
104243,53.6978082944700006,-0.442842015220404561
104244,18.872468771844968,84.5932065819556414
101141,29.722652,-93.862069
100445,25.5803929349398089,-109.060399492006809
100446,-26.0887779869511256,113.418566044818164
100447,38.983,117.766
100448,11.7441953380191038,75.4885485454435781
106250,40.9598819013437065,28.6727951738951568
106251,57.001667,1.293333
106252,5.588686,104.574869
106253,56.8445,10.7886
106254,6.32044956978687189,4.49306487675600064
106255,-15.800648075999975,11.8381269197841856
106256,38.0936865742634794,-122.260788456480114
106257,38.0570091877809418,-122.262164576484423
106258,30.0481638999999987,-90.592775599999996
106260,36.506942,-4.87493
106261,42.5409808424577633,3.05009019990320374
106262,42.7025900351430892,3.03968221009483308
106263,43.3059689405955979,6.63747290112542387
106264,-22.6602745346159473,167.437629146789646
106265,14.8159650068849018,120.294823815336485
106266,-8.48480835319250382,116.67361847612024
106267,-8.52064610591352789,116.832987043907323
106268,-8.754416,-67.399171
106270,-5.624353,-63.191316
104747,1.61374799999999996,110.457089199999999
104748,18.7078338000000066,73.0261137999999903
101008,43.443231170773295,-3.80999471525898947
101009,-2.414284,-54.738104
101010,20.0268426087865983,-75.8401331064955144
101012,18.468687236006037,-69.8826445862947168
101013,15.6974866636595518,-88.6149956891877366
101014,-23.9665034495960718,-46.2953725438105792
101015,18.237,109.492
101016,14.898,-24.507
101017,-26.2367277390808908,-48.6369860164461443
104598,-15.979,-140.172
104599,-9.377,46.204
104601,-7.487,178.684
104602,-8.026603,178.314781
104603,-7.244994,177.144346
104604,-5.67287,176.115928
104605,-8.561,-172.507
104606,-9.176,-171.828
104607,28.394,-178.307
104609,-15.827,-140.896
104610,-17.81,-140.814
104611,-18.098855,-140.913547
102297,1.496452745566341,124.840845934912252
102298,-22.1410685591416616,48.0219187919751889
105295,-16.689,-179.205
105297,48.592977,7.804894
105298,0.670150107060121125,103.700146430561617
105299,0.609008788511217647,104.24490354169923
105300,58.673,1.744
105301,43.0148999999999972,-79.212299999999999
105302,-11.06,126.628
105303,7.05700384341559062,117.005276783079623
110338,29.8046,-91.8196
110339,29.7817,-91.7325
110340,29.9357,-91.843
110341,29.5714,-90.7174
107750,45.71256,4.83869
107751,61.0772503552896211,5.83182521658927477
107752,33.007933671979238,-79.8986565702669793
107753,67.8997270137821261,13.04245652878895
103033,61.217125289016316,6.06653642159097206
100333,62.4119754380254648,17.3912546836092012
100335,36.7970687868335062,10.1957359828516587
100336,60.4534012605352444,22.0654741315688625
100337,8.06672308786095371,-76.7346683934475351
100338,10.4521027894117537,-67.8440985188484831
105519,26.4398822689173976,127.919968025079399
101621,66.194,-15.342
108113,13.3683,99.9956
104775,27.7332624089225419,52.1501486445355553
104791,1.3351,103.5479
104808,47.511,19.042
104822,60.853,2.664
104838,34.8404,128.4415
104852,5.87899999999999956,-162.472000000000008
104869,45.937462,47.664029
101259,32.1845460998355435,20.0893340346310367
107470,38.139984,-85.906603
107487,40.512241,-80.114374
107505,38.616892,-91.21498
103617,38.8154137359999964,-75.0426765029999956
105528,43.464099,-8.257329
105542,45.5054585391626318,13.5942456117794368
100582,1.34413922925080431,102.159619455021243
100583,2.244059,102.122812
100584,62.6836149963976155,8.55007053817102758
100585,33.992809,-77.955687
100586,-8.864,116.55
100587,46.732869262453022,-92.0714651900336065
100588,42.018877328824793,41.7122203771902065
101126,51.892037,4.253005
101127,22.5701810490254893,70.0435001910976069
102871,-11.931951,125.007695
102872,30.318,-81.646
102873,20.8638649995537193,71.3877391213789139
102875,9.66007316605617916,80.0079187939738148
102876,9.64825775557918597,124.368304292464273
102877,-6.0957894041286238,106.898788660651562
102878,-1.584875,103.618917
102879,-15.9184256249419249,-5.71197382264351994
108788,70.5734,24.0747
108789,70.5124,23.9526
108790,68.7292,17.3071
108791,68.7265,17.3435
108792,68.7131,17.4296
108793,62.3410000000000011,6.4009999999999998
108795,62.2589,6.4482
108796,63.7110158034796896,8.84513822853490161
105592,4.19200000000000017,6.91989674503849095
105593,3.91800000000000015,7.09289674503849099
105597,4,6.78889674503849072
105598,6.18946097475287527,3.37191966791599551
105599,5.91046097475287535,3.29891966791599511
105600,8.779415,167.735494
105601,24.7840683571421998,67.2873037659048805
105602,-15.4549254998775396,49.7412493726599507
105604,-14.2522853628798334,50.1539804273350427
105605,-14.9004331420469267,50.2827255467153265
105606,-20.2873587575747756,44.2752527595179686
105607,-16.1071956061193795,45.3276772564820263
105608,-21.7417354919774581,43.3582909826634975
105609,-18.061608269710014,44.0125817472063972
105610,-22.8176724261758146,47.8401312863269439
105611,29.045,49.471
105612,-5.96948094501419568,105.992039335363174
105613,47.109,-60.289
105614,52.3130617251304955,1.67554812639458395
105615,54.0803184669158767,-0.18878734432540506
105616,53.9148857098319496,-0.155430367111655393
105619,50.8504592384483942,0.573318641041196897
105620,44.332472102176915,9.21768151931536295
105621,44.3518107226602538,9.15011614054986211
105622,44.3116514798673933,9.32100092125048718
105623,-3.06716810051834976,128.179379289359815
105624,-3.29322112133804623,128.06154989737496
105625,-1.71949083295844352,126.954455495391315
105626,-1.24568012087553348,128.107272253042822
104723,-2.15909279578440216,132.186809644806686
104724,-2.69860211725159749,132.441642288805468
104725,-3.64721417509081114,130.843033516298306
104727,-3.54596617135622427,118.965952744736569
104728,-10.6882581495434259,152.845798428566439
104729,-10.7360192065335802,13.7442150358755395
108100,-20.6041076096962534,116.754793491770428
107797,34.9487,128.4366
107799,52.0534,29.2602
107800,49.7567,31.4757
107801,50.5826,30.5023
107802,47.7918,35.1628
107803,45.0848264528088762,12.5886122982333024
107804,5.26377376758231819,95.2250816249460854
107805,-21.4033,114.0883
107806,69.3973669103183113,18.1558385943933303
107807,69.3542476237099947,18.0817737291921645
107809,18.3349021162836721,67.9819656396858107
107810,13.9148999999999994,120.823120027412699
107811,-23.0633438034976912,-70.3900577775324336
107812,-21.5415151007628722,114.113554469449682
107813,61.8456170652218731,21.4812284151680473
107815,60.3421,5.1184
107816,60.3853,6.2122
107817,60.7,4.9215
107818,60.43223,5.46164
107819,60.6396,5.0061
107820,60.0655,5.9246
107821,60.2979,5.2079
107823,62.7232847393423683,7.93026735470965072
107824,59.281,5.4694
107825,60.4062,5.2278
107826,60.7313499999999991,5.27597000000000005
107827,60.43794,5.2333
108826,69.5104,18.0218
108827,61.1,5.73
108831,60.9442,4.8828
108832,60.9822,4.875
108833,60.4966,4.931
108834,61.351,4.8723
108835,63.7222,8.9133
108836,63.6553,9.1568
108837,61.887008131827038,6.61345132476118369
108838,63.6722,9.0329
108839,68.0059,15.2643
107587,44.567317,-92.539068
107588,44.30455,-91.915576
107589,44.136,-91.727
107590,43.559,-91.236
107591,43.338715,-91.166356
107592,43.024319,-91.170404
107593,43.04146,-91.17573
107594,42.902337,-91.141044
107595,42.708518,-90.988367
107596,42.503956,-90.646994
104970,7.44521662253590755,151.839216055309407
102072,45.5190173670159126,-73.5443852661723128
102073,56.704820231411162,-2.46819748301194597
102074,-17.4925286809217688,-149.821861917997921
102075,54.0757607065476122,-2.88017822654573985
102077,34.7153519768502363,-76.6983439439130734
102078,29.7052568720054673,-91.2179202735430863
102079,48.5875715935216803,-3.8377204717163198
102080,-7.75641757940989685,147.59444511794598
102082,-11.7035432545296381,43.2494477388256655
101682,-20.7451860749899915,-70.1944603372122344
107201,37.7730609153126053,-122.308545196400416
107202,34.5111,133.652
107203,1.26821,103.852
107204,-40.8234275311466845,172.89725311745147
107205,33.0203,129.567
107206,42.0968701314545086,-83.1134458101884377
107207,27.459,-80.3238
107208,56.4511,-2.88022
107209,51.8555100000000024,0.949875699999999989
107210,47.3833726591937534,-2.54477591189892083
107212,55.0055440138255705,-1.43817290647944418
107213,42.6143458565465849,-70.654735017657714
107214,-6.159991469709027,11.2667475749013875
107215,47.1645,-55.1478
107216,47.1948,-55.0982
107217,55.9296131580391034,-4.4895656616082702
107218,55.9709211522417434,-2.97413036568438027
107219,30.1195,-90.9172
107220,64.8592874818949241,11.2825611745499899
107221,37.0031084941399655,6.57241880725592686
107222,41.8561252228275649,9.40358390763565133
107223,62.3936136120610811,17.3554382372522333
107224,62.9236,17.9161
107226,-35.7498018838841887,137.807016161567475
106117,58.4793232209649858,16.4204566055456489
106118,35.470874,139.738817
110158,10.9062159117803201,103.707637823380054
110159,29.8411231520525249,115.561308061069369
110161,65.6624,12.6403
110162,65.5857,12.4131
110163,70.2426,19.4984
110164,70.1,20.215
110166,67.7319,14.7705
110167,60.0067,5.2082
110169,38.5577,-82.7801
107158,36.6159807159941906,27.836797399193685
107159,39.3684641756166371,26.1687624815914575
107161,40.941512837430885,12.8545384233937696
107162,38.3788578291561606,22.388075968993018
107163,36.6869488796652305,23.0570112658698818
107164,39.9029255034210522,3.08577017148037669
107165,38.7338919048719816,1.41863193451683633
107166,40.3535744263513507,14.9836563623626535
107167,43.2135580946346067,5.53384528992613678
107168,42.6802363708324322,9.298492708689027
107169,42.3934668063053834,11.208951587749155
107170,25.8285434763618404,-77.9170904190139169
110383,64.2109,10.1152
110384,60.16,5.9849
110385,59.7601,6.0742
110386,59.4358,5.0947
110387,59.874,6.3799
110388,59.7873,6.1014
110389,59.1797,5.4726
110390,59.195,5.4786
110391,59.2522,5.3905
110393,61.7807,6.1269
110394,61.5719,5.4381
110395,60.7417,5.3888
110398,60.1482,5.3779
110399,60.1808,5.4715
110400,5.31,120.09
110401,-11.6802,160.3017
110402,70.671,24.4872
110403,60.0304,6.0076
110404,60.2373,5.0496
110405,57.2489,12.1132
110406,62.361,5.6612
110407,62.0747,6.2149
110408,63.5182,9.2974
110409,63.7588,9.7426
110410,63.8035,10.5996
110411,63.8056,10.5921
110412,60.816,5.7947
110413,-5.7048,151.4323
110414,-6.093,149.173
110415,-6.2766,150.346
110416,-6.2878,150.0665
110417,-5.488,148.543
110418,-1.8285,136.7594
110419,63.2286,8.2316
110420,18.7074,93.8214
110421,63.86576,9.8457
110422,62.1203,5.3204
110423,63.47815,7.9935
110424,60.3517,5.186
110425,62.2629,7.1724
110426,62.2555,7.2345
110427,62.3824,6.9848
110428,62.4842,6.6949
110429,60.2709,22.3082
110431,59.997,22.7171
110432,60.3892,21.3629
110433,60.4058,21.3763
110434,60.3846,21.4051
110435,59.9515,22.3312
110436,59.9404,22.3567
110437,59.9586,22.3706
110439,59.9199,22.4128
110440,59.9537,22.3708
110441,60.5202,21.6609
110442,60.12015,21.30551
110443,-9.8333,130.25
110445,65.6849,12.3393
110446,60.4198,5.2987
110447,59.9096,22.5123
110448,61.1146,21.4479
110449,60.7948,21.3404
110450,15,-156
110451,46.8365,31.9504
110452,30.4324,-91.211
110453,-4.2472,10.8172
110455,64.3566,10.425
110456,63.6639,8.6032
110457,-12.93,141.615
110458,60.3608,5.1614
110459,59.7118,5.8271
110460,50.90037,3.37307
109918,51.7824,4.6278
109919,50.6641,5.6449
107771,49.7988,9.1592210000000005
107772,50.0289,10.5164
107773,49.5842,10.9713
107786,49.501,10.9525
107614,52.9713,7.3674
107615,52.3464,7.4331
107616,52.2944,7.5048
108039,33.9643,118.2842
108040,3.57500000000000018,7.39219674503849067
108041,35.5172,140.0369
108042,-4.4333492937196981,116.20527486323121
108043,7.3444,108.3119
108044,16.0442,-80.1946
108045,15.909,-79.6
108046,-10.6257,126.1671
108047,15.4739,108.684
106285,65.043833,6.595492
108048,-7.58929146970902746,12.1098475749013872
108031,11.2955000000000005,124.652310974056391
108050,45.1189,36.6664
108051,30.0517806702830086,-90.4937822971986208
108052,9.9718,107.9725
108053,71.28637,22.31862
105304,-12.7952037597713613,143.361163718211429
105305,-16.0564,-145.621
105306,6.131,105.028
105307,-4.68933821499275272,106.626448052351705
105308,-17.544413,-142.665912
105310,-16.623,-145.396
105311,-1.35181842781990147,130.991764673003217
105312,53.517,8.5534
105313,48.138,17.15
105314,36.7498957246423359,24.5389557743526154
105315,-38.1266751000268513,144.441094445203504
105316,55.291,10.848
105317,20,-45
105320,77.8937325101832982,16.7378555782809784
105321,62.4861764861557063,6.10334904950794321
105322,59.156,5.908
105323,30.002689,-93.954965
105325,-7.08499146970902771,12.4669475749013881
105326,5.29974295661769457,98.0479368498933326
105327,52.711,143.557
105328,38.840509,-75.097356
103362,61.9956999999999994,-49.6760000000000019
103363,57.432669,10.552109
103365,55.8365309104861041,12.0524546398754175
103366,55.9614257065006413,12.0122771693549701
105905,56.7890451898105155,8.86556883754423986
105906,60.7369278975917126,33.5805520553731185
105908,-33.045574,-60.569174
105909,53.56726,9.685504
105910,19.7844493035972597,-72.2499619157791386
105911,18.9491080323537808,72.408487743603132
105912,59.4695916660466111,24.8191023474623194
105914,24.4724933536262874,122.998235833978143
105915,-1.97903548014877861,137.827779231537164
105916,-4.20240670000000005,143.603786899999989
105917,-4.19059380000000026,143.513836400000002
105479,4.49610627522609541,118.787474389157694
105480,4.44089996526156217,118.648868394671524
100273,60.567,6.9192
100274,45.4363600477103802,13.5157886701830616
100275,70.6659999999999968,-52.1330000000000027
100276,46.1004889307372707,-118.922568376993624
100277,63.6820536220614457,20.3430723772544653
100278,25.5904093513787352,55.5846538148266802
100279,25.021744857456035,37.2655622687097789
100280,30.0583942598984564,47.9332106570527969
100281,-8.47035181517385816,143.892893939776116
108620,64.148591822808342,10.1581700121901637
108621,64.1889000000000038,10.1266999999999996
108622,64.1589,10.0523
108623,64.7323807587254407,11.1811087781904774
108624,64.7673,10.9151
108625,57.7388370208734614,21.5
108626,63.5047,9.1933
108627,63.5599,9.4053
108630,63.7791,8.5225
108595,63.7608,8.4485
108601,63.762,8.8815
108609,64.0876,9.8769
108628,64.2946,10.4023
108629,64.7639,10.8028
108632,63.6305,8.5774
108633,63.4555,8.9502
108634,63.608,8.489
108635,63.595,8.512
108636,65.975,11.75
108637,65,10.45
108638,64.3662,10.439
108639,66.9524230147587645,13.4756304260941295
108640,66.667,13.3808
108641,66.7668,13.1673
108642,67.7557,15.7065
108643,67.7257,15.3802
108644,64.3574706329017943,11.2730044812109966
108645,65.6813,12.1408
108646,64.8178,10.9439
108647,67.201,15.277
108648,69.5984511406011279,19.9609736450412036
108649,69.5977,19.895
103058,54.0329962962011621,-2.91841394696023082
103059,46.849,-48.883
103060,34.45,133.916
109920,50.5743,3.4406
109921,50.5158,3.6175
109884,50.4753,3.7983
109877,50.4777,3.88
109863,50.4744,3.9943
109827,50.4961,4.188
109641,51.0995,3.7007
109662,50.6149,3.3814
109618,50.75819,3.44928
109953,50.39165,4.3604
109957,50.5986,5.4809
109550,50.7328,5.6766
104730,45.1887401672835196,33.3757256761366889
104732,54.853154,10.523439
104733,25.476712760382437,53.0989999999999966
104734,5.06951210759601611,119.883535539001173
104735,62.8126208678617104,-92.0714792523503718
104736,58.6019527337116131,-62.8152963186684232
104737,52.5379925127279392,-56.2800842439689788
104738,-2.35524924555032067,140.151632521894101
104739,35.535,129.448
104740,40.41792218918701,29.0844370833938655
104741,63.86,-21.373
104742,26.949444213632777,56.2852283736174002
104743,36.6250356595854143,29.1068298512188655
104744,9.42505810811420197,-84.1711569036974083
104745,-20.586428844951012,116.763643223562553
106628,21.328,-71.353
106629,21,-71.172
106630,20.7371622144825807,-70.3313378350987932
106632,30.9653431730559916,-116.277365286500711
106633,31.8925504350548259,-116.702679602470283
106634,36.9015739719826996,4.41961626141878572
106635,-39.4333,173.239
106636,61.87235,5.3094
106637,64.8507000000000033,11.2184000000000008
106638,38.3245506631858106,26.2966490416003431
106639,1.4418,104.01
106640,-23.0825,-41.0103
106641,-23.5061,-41.0733
106642,19.5853,-92.2989
106643,35.2087,139.771
106644,-39.971667,173.298333
106646,27.7667,-96.4167
106647,28.5,-95.0833
106648,27.75,-90.8333
106649,27.8,-94.7
106650,28.5833,-94.25
106651,28.5833,-94.1667
106652,39.95,-72.75
106653,37.0833,-75.0833
106654,12.4167,-69.9667
106655,20,-79.75
106656,14.5833,-61.3333
106657,17.6735,-66.6749
106658,32.25,-120
106660,62.2991390889903656,5.6506738932859415
106661,68.0703,13.5392
106662,68.2315003058812835,14.8490381434020424
106663,66.3654167160485429,12.3732218749957141
106664,62.4395678021290763,6.24007870272427745
105065,62.4753,6.1505
105066,5.44017363737818371,73.3676401389486159
105067,62.223,-7.0225
105068,-20.911,114.907
105069,18.3862062317462005,122.109164060456592
105070,30.6235,122.053
105071,-11.7573417854210955,142.072093095922639
105072,59.9731117917518688,29.1201317155996477
105074,55.5337726749534539,-5.12294820322168221
105075,55.839442347936,-5.05334533964314048
105076,39.8344690278982654,3.13793967951003427
105077,-2.98766216108809424,104.828192837789047
105078,-8.51439717342659996,115.513361743790654
105079,-33.8042661830827598,25.6926455048286755
105080,8.49494751008853655,124.663450673130143
105081,-19.75,116.7
105082,34.249062,132.993768
105083,-22.648879,-40.428594
105084,51.4712559869945139,0.303576524941997772
105085,10.257,105.969
105086,41.034877071505413,37.5013157165086142
105087,-6.03999146970902778,11.0239475749013884
105088,24.5047076959000307,56.6217738210965749
105090,38.947,117.975
102780,10.8386681114922734,79.8481245223442357
102781,33.45,129.966
102782,-1.18684626782151947,116.782305977565684
102783,0.990292525828814663,103.445504180727767
102784,65.7984713350222279,23.2753007910979193
102786,56.1532096362809057,15.5907663351089774
102787,59.371,13.525
102788,59.3149999999999977,5.32200000000000006
102789,59.2706,5.4893
102791,14.8018533628521833,74.1159564908147956
103758,6.94803013573631301,79.8489372690622901
102794,35.9151,140.6751
102795,37.366957,138.536866
102796,-1.30788331057412477,131.025626914488242
102797,62.3576052876560425,21.2162719743127077
102798,-6.99274764256286385,139.218956593522762
102799,55.6365439624652609,12.6558572355326433
102800,35.651363,134.636392
102801,34.7374,134.182
102802,37.6464569546270269,21.3214228892206172
109232,63.1038,7.7817
109233,62.334,6.1577
109234,62.3067,6.0919
109235,62.2749,6.0028
109236,62.2037925267321867,5.57254768818570589
109237,62.8314,6.9627
109238,62.1957,5.9044
109239,62.1453,5.9454
109240,62.0049,5.8504
109241,32.5511,131.6997
109242,60.4142,6.402
109243,60.4075,6.3567
109244,60.3181,6.1832
109245,60.2564,6.1658
101220,36.4462893620371986,28.2360099619258804
101221,-11.37669833273638,154.623301667263604
101906,47.5527180728539918,34.3780545876933132
101907,8.93397249172749675,76.537557284817467
103671,23.6583688613829963,-15.944000339582507
103672,48.070641372652851,-66.3625757235165565
103674,65.973,-18.519
103675,31.4645962743293843,31.7643892794483556
103677,-20.6485888411061183,116.674976913769868
103678,40.133,124.399
103679,36.9908,126.7256
103680,16.9684952088326142,-88.2211518641611576
103681,-6.83117025816576184,39.2922689342929274
103682,40.143534096683247,26.3894802614944801
103683,40.756204189767594,29.3655687929837441
103684,29.2306295748275993,50.3403221449735128
103685,54.439147935094212,16.3738630315972706
103686,30.111,-90.99
103688,50.3509612812136638,-3.57422112401836634
103689,44.637786,-63.541119
103690,-9.064155,143.209813
103691,-12.4721920758826652,130.846124755971687
103692,25.1351182121582077,52.9261683736237316
103693,42.462,140.854
103694,29.6175140597298565,-89.8942525083786563
103695,7.07820779621145668,125.627067214485677
103696,41.6129,-71.4037
103697,27.8280496392201115,51.9252231583643038
103698,54.333,-133.129
103699,51.466,140.783
103700,44.450274,-88.062969
103701,49.3654576808211871,0.0700859515538569677
103703,29.734,-95.128
103704,4.74735561557006758,6.76152075656999241
103705,56.3540174779901335,16.4056138031399996
103706,37.0219999999999985,126.382999999999996
103707,27.8123,-97.3952
103708,-39.8865,-73.4272
103709,14.3884894323134596,120.585572312477495
103710,-27.4601,-58.8351
103711,-18.995002,-57.656965
103712,51.507195052896634,0.528344251214327931
103713,-19.588577,116.445889
103715,6.3422566398677791,2.43463754837343416
103716,38.3872739876652034,-76.3315882763397582
104281,69.3126655386097639,19.3468472085919494
104282,43.4027664003706448,28.1656947500868782
103720,48.7486859748663335,-123.622765246132957
103721,20.511,-86.958
103722,36.5592671769214519,15.2341000699544526
103723,46.4207614179658421,-53
103724,9.35136700637882079,-79.9125927435148498
103725,38.0605136868199168,-122.215915070497843
103726,48.8706684225436376,-123.637997966015433
103727,57.6831451333230021,-4.03982710769183573
103728,39.0892805045843232,17.1284740447744888
103729,-29.4505891800369923,-71.3141875657276358
103730,38.717238410326928,8.60616907031860912
103731,18.83,105.706
103733,-12.9841661131901525,12.9758784510843945
103734,13.9861803889356739,-61.0188146471453479
103735,11.6100308369861018,122.714847065991549
100343,20.9479662055040414,-97.3986611467690437
100344,13.0956,109.3414
100345,40.813989749155283,29.2989532677437445
100346,47.0154548814863631,-91.6721358734672123
100347,55.0111492129957824,-1.41521847594397165
100348,33.2743559627154539,35.1961165730651402
102945,-4.2809,-55.9761
102946,-26.9010769226347541,-48.6617807528418993
102947,-2.57869080923313598,-44.3716761323384503
102948,38.4294068114288976,22.423293881990741
102949,-28.2280882986267017,-48.6530109775038824
102950,34.3815,133.1047
102951,59.9889950182393008,-139.56374853623953
102953,42.254448,-73.801517
102954,16.466,107.583
108054,18.9494,-72.7206
108055,5.3876609747528752,4.58967966791599569
108056,5.01926097475287492,5.12761966791599555
108059,11.7955200455492442,-86.5203220888326143
108060,59.5891,1.057
108061,-33.9037,-58.8887
108062,-5.8595104484574092,13.4317420133399192
110634,41.3451,28.6875
110635,63.7326,8.8564
110636,60.9183,4.9013
110637,60.9862,5.0358
110638,59.3154,5.323
110640,5.427,4.9525
110641,47.0353,-53.759
110642,67.8019,14.7366
109963,47.5454,7.6608
109964,30.7572,-91.3837
109965,51.99543,4.36822
109966,47.7588423390485417,-53.9895810188235643
109967,46.2925870554359093,-83.7651573349130274
109968,42.7985,-82.4756
109969,46.1975951566066243,-82.6975925979852491
109970,49.0183,-123.1518
109971,66.164,12.4008
109972,64.4673,10.7358
109973,64.6218,11.179
109974,64.6212,11.2341
109975,65.2032,11.569
109976,63.872,9.7698
109977,40.7654,29.5344
109978,59.459,24.7193
109979,59.4505277419091911,24.6699585409013906
109980,59.344,18.1315
109981,53.9032,10.7699
109982,60.1629,24.97
109983,52.6286,6.0531
109984,52.6377,6.0679
109985,52.4394,6.1119
109742,51.9500170000000026,5.95343800000000023
109649,51.971,6.2643
109650,65.4241,-22.2069
109651,51.0034,6.9631
109914,16.6514,96.2541
109915,53.489,9.9557
109916,19.6476,-90.7092
109917,51.0094,5.236
109636,-65.1415,-64.087
109637,-65.2308,-64.1617
109638,-65.2454784384230209,-64.2591896506808951
109639,-64.7743,-64.0559
109640,-64.776,-64.0753
109642,61.2491,21.4883
109643,-64.819,-62.857
109644,61.1656,5.0524
109645,63.7995,9.4407
109646,43.4371,34.3858
109647,38.6165,19.551
109648,69.7094,18.364
109607,63.6388,8.806
109608,60.4019,5.0629
109609,59.3033,18.07936
109610,59.2654,17.5403
109611,54.897,12.0475
109612,62.90433,6.85995
109613,69.5091,17.6303
109614,61.2425,4.56
109615,33.3502,129.8027
109616,43.2068,140.7849
109617,-3.6645,128.1747
109652,-54.1351,-36.8051
109653,-54.1202,-36.661
109654,-54.1588,-36.6961
109655,-54.2387,-36.5
109656,-54.2861,-36.281
109657,-54.4383,-36.1697
109658,-54.5279,-36.0626
109659,-54.6278,-35.933
109660,-54.7955,-35.8041
109661,-54.791,-36.074
109663,-60.6294,-46.0361
109664,-60.658,-45.5507
109665,-61.0849,-54.8932
109666,17.9387,106.5185
109667,39.115,-94.608
109668,54.55,161.1167
109669,-54.0554,-37.1345
109670,-54.0266,-37.2462
109671,-54.055,-37.3089
109672,-54.0050000000000026,-37.6788000000000025
109673,-54.0168,-37.9697
108939,39.8668,-75.2143
108940,21.4817920163178862,109.552647458993576
108941,41.5696659771597652,12.510631378195141
107828,58.8615,6.147
107829,60.8112,4.9727
107830,-0.892894273767314006,131.151032148681168
107831,60.0472,5.5246
107832,11.9000000000000004,44.9937459580854977
109565,50.7447,3.407
109533,51.1977189999999993,4.34192499999999981
109486,50.9319,4.4123
109986,59.361,17.8223
109987,51.937,4.6339
109988,51.9716,4.6409
109989,51.8936,4.6839
109990,51.926,4.8142
109991,51.8143,5.1317
109992,52.9722,5.8966
109993,53.1966,6.0422
109995,50.0026,10.5885
109348,68.3315,14.9482
109349,68.3394,15.0358
102178,34.387413,133.09318
102179,33.011169,130.414237
102180,37.4650163988690466,25.3218258682930291
102181,38.2131315587928526,15.2702914105441732
102182,51.7069856961024499,-5.02293203717932002
102183,-44.6683404984672947,167.92624364936654
102184,47.0606903531168825,-65.4429437519976034
102134,33.946,130.959
102135,13.3134711455996531,43.231154152661972
102136,34.776,126.38
102137,62.7341719352357003,7.15685601896356438
102138,41.2101679538242678,16.5888177692758028
102139,-17.0307947147332754,-72.0192024341198476
102140,-4.05164901328433391,39.6431702150183511
102141,44.355,143.364
102142,46.0910147155542447,-64.7676935652935555
102143,52.6026785229786213,-9.42051455734544518
102145,22.4892178225051609,89.5865055927366711
102146,60.816,5.033
102147,40.9568267424864416,17.3044638251829994
102148,41.8985183839745829,-83.3521491894608033
102150,57.0983,16.558
102151,49.2336077052364445,-65.736384791902168
102152,46.1651972709742111,-62.6450715137688263
102153,18.4606456051370458,-77.9397484001205356
102154,36.6068566203369343,-121.887816514175228
102155,47.146914,-65.018121
102156,-5.92620847494419589,105.992313504202599
102158,29.92409852364991,-89.9460122820490824
102159,47.5950356148710867,-122.236305365599165
102160,14.9059433099024403,40.3069820155430776
102161,36.7977416052041946,34.6499999999999986
102163,24.9172249461084405,51.5752484184676661
107200,9.54723577637652987,125.81829698852296
100814,54.316083,48.442838
104984,-4.454,-171.246
104985,-0.665,174.367
104986,-1.89,175.542
104987,-1.327,175.987
102646,34.671999999999997,135.22999999999999
104989,-2.635,176.82
104990,-1.358,176.468
104991,0.941,173.989
104992,0.16,173.585
104993,3.07611,172.789645
104994,4.70999999999999996,-160.75
104995,18.424566155928833,-69.6284570525196642
105382,-4.0545612877906807,121.579924523716954
105383,6.442,101.831
105385,-5.53538162529191524,138.134061568600401
105386,12.1920001143852375,170.087768423333131
105387,-4.22106720000000024,142.822899299999989
105388,-4.06319389999999991,144.071454499999987
105389,-2.16081229999999991,116.088761399999996
105390,3.53979953764816679,112.815851617916422
101495,-20.3078397972396374,118.573312582818815
101496,43.9405232207947947,-78.2906649496196252
101497,34.1500438128743724,-119.207988480542085
101498,42.9734211219599231,-82.4199672004937867
101499,27.816512,-97.209498
101500,26.060888,-97.214627
101501,-33.8290797841933255,151.278643266255017
101502,40.9494911857033586,-73.0708931303874607
101504,17.8596555876921741,-77.6041816580713117
101505,10.640992241991782,-14.6291070098705447
101506,3.00238899999999997,101.351213999999999
101507,-34.4544014190205488,150.886237265563068
101508,-33.1729243578207686,134.684379884392683
101509,43.0189568300079372,3.05788776492040482
101510,-40.8335297053741826,145.388656213095203
101511,48.214954,-4.074174
101512,28.6218586745583146,-96.6231988699137219
101513,-34.7128016904067636,135.870207738408453
101514,-20.15423,57.49342
101515,47.921320027714593,-122.686913075511853
101516,-31.4266179209370584,152.913319292731956
102803,36.8274428113549206,25.8627324943301744
102804,44.282535,-88.274669
102805,61.183,7.25
102806,40.9317121427166839,24.4069246191081106
102807,-2.58489297558155995,150.788659002116503
102809,20.03544,-155.82862
102810,34.016,133.566
109954,62.049613167591481,-6.84337006987668861
104106,-46.5968999192976483,168.344636522521199
104108,41.3001598373523819,9.22771907102440636
104109,41.10741859299092,29.063844555808988
104110,18.4405463507230429,-69.6298445100827053
104111,26.7188424229766177,-82.2563482055759323
104112,9.92355449780568755,-61.5625372843174858
101635,18.4312085925112434,-72.8711709408547819
101650,42.9317328995291305,10.5499512920753062
101666,50.3642818795611831,-4.15509648916946972
100131,42.2267630620211634,-83.1454775514852713
100147,-3.070508,126.541801
100162,5.51095284668494134,5.72330745272006158
100177,26.7155916566189369,-80.0477806413601485
100194,66.2053495280999584,12.9688516789518804
100209,51.894,4.327633
100225,61.4716999999999985,-6.80660000000000043
106949,25.2073109979535381,121.68804125580921
106962,37.3873162868218358,25.2604211359998629
100433,9.52057893768640007,-75.587262805335115
100435,42.644,141.669
100436,-36.6210203338067188,-72.9607030723710039
100437,0.505300624156805878,120.549944642572001
100438,32.516,130.045
100439,34.05,131.766
108847,59.2714,5.1919
108848,59.658,5.5336
108849,59.6088,5.5269
108850,59.5624,5.5546
108851,59.7430000000000021,5.36390000000000011
108852,59.7005,5.3898
108853,59.8665,5.2441
108854,59.9442,5.4347
108855,60.1386,5.1103
108856,60.0976,5.118
108857,60.081,5.1693
108864,60.9602,5.1068
108865,60.9696,5.1683
108866,60.9977,5.0304
108858,60.1563,5.7132
108859,60.1698,5.6964
108860,60.176,5.7244
108861,60.1717,5.5636
108862,60.2076,5.6138
108863,60.2231,5.6412
108829,60.2309,5.6733
108830,60.2354,5.6383
108814,60.2471,5.6347
108815,60.2641,5.6591
108717,60.2576,5.5877
108631,60.5735,4.8185
108868,60.809,5.2957
108869,60.818,5.2784
103966,12.066,-68.866
103967,8.4789999999999992,108.688999999999993
103968,47.7980023080373684,-64.9281426052484818
103970,5.3585594689590117,5.51514824001630011
103971,28.9976760404501626,50.831660718128731
102570,10.602037374086871,-66.9425915728764096
102571,-2.216434,-80.907107
102572,49.485304,0.775149
102573,43.4027201698399523,5.09352533420202747
102574,46.1595053123724526,-1.22335434084396
102575,-11.9291295219282603,-77.146633475645416
102576,24.1537646025163895,-110.33030955969862
102577,-30.726202,-59.653433
102578,-34.8500837546522391,-57.8884017043127272
102579,46.1549716441385982,-1.15428939986278478
102580,18.417236374273859,-68.9603255881459205
102581,10.3657861657221222,-71.4669122649697925
102583,-29.8911760843948642,-71.2830792352290246
102584,43.1062627189078214,5.89304420895188308
102585,34.3064240548978532,10.1571013752429931
102586,44.1050631693601218,9.84203752075543647
102587,13.3369999999999997,-87.8389999999999986
102588,7.1388596415396659,-66.9327597372289347
102589,-16.4286741462396542,179.378279580777843
102590,-8.81080758260713282,116.812690065929473
102591,5.26591123217363943,115.246713710566951
102592,-0.629835228255339219,127.476211780286519
102593,45.4312561933532137,-73.6869483328744508
102594,48.996601509656486,-123.80781193111126
102595,-6.74135008886752995,146.984491428657066
102596,59.015311,5.637072
102597,45.2733973570285073,14.5664166147627281
109037,69.3341,17.0842
109038,69.3278,17.0617
109039,68.9361,15.0223
109040,68.9184,14.9812
109041,68.9041,15.0394
109042,68.8976,15.0063
109043,68.863,15.0924
109044,69.9157,20.6014
109045,69.9578,20.6931
109046,69.8997,20.7343
109047,60.521,5.3515
109048,60.5136,5.3756
109049,60.4763,5.4351
109050,60.4327,5.568
109051,60.4549,5.6318
109052,60.4724,5.6684
109053,69.017,17.4572
101040,-32.734211,-60.724007
101041,1.29750819798177019,-78.8415066887510108
101042,13.4147163937661951,-87.4460495584350355
101043,9.77855826327154709,-71.0685796797569367
101045,-32.714015,-60.720504
101046,-33.3511,-60.1751
101047,-15.2471013636126074,-75.2369777133933582
101048,-33.685883,-59.639247
101049,33.7432623620039607,-118.276498159285268
101050,4.73987729683902614,-6.61589123376292765
101051,18.4446044845618999,-69.3118504510880058
101052,36.1769112961974244,-5.39794352238481068
101053,43.3178626859185272,-1.97821070989802172
101054,-53.2948715718474872,-68.4535197501083132
101055,-36.7309959567948212,-73.1369551266783446
101056,-2.05696004168466917,125.982196719970133
101057,23.5630999999999986,117.106499999999997
101058,22.448,112.759
107710,52.165457,6.428053
107711,52.140469,6.190148
107712,52.246137,6.187227
106920,62.2214205598086423,5.64214065278579113
106926,42.9502217932350021,17.1501786947266801
106932,29.270337787357235,-89.3513716318873605
106939,43.3023994517468012,10.4821066386496078
106185,52.024034,11.741117
103089,51.45,4
103095,45.803592,126.673353
103101,59.277,1.55074
103107,44.65989575431162,-83.2851529557567432
100924,50.1873482382583589,-66.3712757855999058
102336,14.1663876000000002,-16.1660570000000021
102342,59.051,6.61
102349,0.0341784404354562588,-51.0448770098568545
102356,-6.84148652985341865,112.948184584479847
102363,50.017212,8.261703
104125,4.06682122399515844,9.69192528368662742
106467,-16.6677013275450676,139.171146309399404
106474,34.333937,132.95572
106455,-10.195587,142.334169
106456,-9.37546248671399418,142.621911870929324
106457,-9.229216,142.221576
106458,-9.90118215387515299,142.766854262529222
106459,-14.6645582525543698,145.443596048166143
106460,-16.7580439198689817,145.969046325991258
106461,-16.93108234848102,145.988210809660472
106462,-17.935548602621445,146.136058272603321
106463,-18.735481,146.576286
106464,-9.74820757969509977,143.400953376698368
106465,-9.59904997189581799,143.767654160381738
106466,-9.92540652776250631,144.040114610619526
106469,51.879509,-175.803714
106470,51.7708543128996794,-176.411686102011146
106471,52.107347319590076,-174.060769358677135
106472,54.104042,-165.634463
106473,54.0928979999999981,-165.556215000000009
106475,66.8917315051592851,-162.614197601645316
106476,43.66,145.374
106477,39.42466,141.97761
106478,39.352893,141.914554
106479,38.907672,141.581542
105579,42.5516608242772847,27.6400253821295649
105580,-33.0106031229871633,-71.5572876250138421
105581,57.127,10.79
106187,52.174402,9.929116
106188,17.1385290434203483,-62.6309999916349298
106189,29.8598250651388604,-89.9731985143457109
106190,30.9938775674623983,-114.825553628643604
106191,65.110369,6.791183
105787,80.827,-66.64
100175,51.65332,6.599626
100176,50.828031,6.985372
100178,-38.3070300407524158,145.228995016832499
100179,-41.7550825236882446,171.596814356087947
107833,14.4038479537274959,52.9889137437046998
107834,-34.0362,-58.5956
107835,-33.8991223981722598,-58.4732342883761262
107837,67.0728196704556865,14.0659212349848701
107838,66.0712,13
107839,6.982,101.303
110823,10.537631425715842,106.74103975823401
108063,56.1797,44.1962
108064,-45.3266797259463061,166.991907467664419
108065,-35.1460754455535991,174.195704628992928
100920,43.3993667266983607,3.72516998303776292
100922,38.5129139951717576,-8.87122703214952146
100923,44.6141997460294633,33.5312008541721625
101205,54.312,9.665
101206,-0.370893299999999981,102.546794399999996
101207,45.428002,28.286205
101208,42.611414,-73.759704
101209,-8.284047690622657,120.453533482219882
101210,61.6044662509889065,21.4608074587727664
101211,70.7465,25.6707
101212,30.0521529275771968,-90.5641104937541286
101213,-32.655219,-60.731539
101214,35.3715474238918688,24.4798839926803424
101215,18.5382804303463971,72.9264404568517648
101216,42.3968834570054085,-71.0123476496602422
101219,51.406632,6.744647
109626,-64.6247,-62.5403
109627,-64.724,-62.8796
107840,63.7081680169510705,9.79113478164623352
107841,62.321269554578123,5.67032770737972935
107842,57.3223488839783997,11.1267113710587946
107843,63.2066249473439044,8.98231162846379938
107844,60.5517,4.9877
107845,62.3653347218889564,6.4127459182711668
107846,62.5271633124061452,6.13895843741400515
107847,62.4842122758197291,6.69582003807804416
107848,63.7368762649971927,8.8401425597803911
107849,68.6760417154001459,17.1184324635330931
107851,68.4010679145399365,16.8357489038696357
107852,68.76,16.2364
107853,67.1365931976062171,13.9790071485891545
107854,63.3794560123769486,9.16721754425922164
107855,66.232538767594562,12.8586582860338883
102480,-37.5934866052770573,-73.6623478898535069
102481,53.216634,7.451454
102482,38.4113117430150623,23.6930680786999126
102483,13.1459878835057165,123.759644138959857
102484,51.5361207056510722,0.664395830774386464
102485,61.1826603560096842,6.7978867266058991
102486,70.4715760415680279,28.4855994881381562
102487,59.782,5.511
102489,41.193793,-8.685902
104245,20.447097641581653,121.966571744440103
104246,47.5848,7.5857
104247,40.7207422976682665,29.9284791487916273
104248,30.5229165999999914,47.843291200000003
104249,15.9962919835730855,-61.7338261428484998
104250,16.7780178000000006,94.7283804999999717
104251,44.910326,-0.543496
104252,42.6984661586406062,9.45462390223495852
104253,19.1029528944328639,108.620906661121339
104254,1.82433119555367296,9.73816644602320025
104255,14.5001284112393449,120.618301867573223
104256,-4.07799100300470396,114.562343787679254
104257,1.07131615666329405,104.139175824253329
104259,43.9039816820500164,-69.8110199064323069
104260,47.6227269190082154,-65.6490943734617218
104261,30.475428,-91.196449
104262,9.17920648557942975,118.347731850854629
104263,70.6347820458458813,29.7282782732833475
104264,1.16630070609754521,103.998662749914331
104265,-3.45174847568167698,116.010062511757027
104266,41.6479755076020695,41.6528710532964084
102881,8.64386001682717087,124.749269151586304
102882,25.650180397484057,57.767782871570013
102883,18.9491357882675437,72.9413609753119943
102884,-2.54481061913217488,140.712689236997676
102885,-11.2627,152.11
102886,25.0022371029430026,55.0485263150084378
102889,33.529072,126.54012
102890,59.3733,6.0438
102891,40.711,-74.035
100619,-3.69066005365634009,114.43702560368591
100620,5.31159480450897892,-4.38994155712731704
100621,33.883,134.716
107525,36.971593,-89.165207
107526,36.961728,-89.099621
107527,36.762723,-89.117591
107528,36.590353,-89.207226
107529,36.567336,-89.216513
101517,43.9859639072475446,-66.1596662527060175
101518,42.8559757817057303,-79.5775235550611626
101520,-19.680505,63.420261
101521,44.7479726046075612,-79.8001310079952333
103295,69.25,-53.5330000000000013
103296,64.169372,-51.721186
103297,40.7275983641598458,29.8198493224172339
103298,49.6782272963532279,-126.124195658717539
103299,8.63494292371210648,-83.1653711848177579
103300,37.2380481817975166,27.5953253744735072
108450,71.8895935628780336,-80.9144140781609735
108451,9.97281874388533573,76.2279000000000053
103307,33.9228199428331507,10.1010987404133878
103308,25.1206055398321766,66.7202556873236432
103310,53.3984019999999973,-0.778418900000000025
103311,45.436793,28.079085
103312,29.727,-95.257
103313,6.03206280609235268,80.2308707126688887
103314,40.0580524303829009,17.9790992157485263
103315,29.308866,-94.804187
103316,29.178,-94.426
103317,53.2683644378660617,-9.04769857667683475
103318,34.812868,137.220846
103319,-2.83116631751743331,9.98486805757812412
103320,71.061756054885322,28.2600532878720827
103321,-0.687038237204561919,73.1494834072132676
103322,21.6593290974628303,72.5620288669111773
103323,38.9954243580166491,-0.147917221903181462
103325,9.61536267154630586,124.306306920865893
103326,60.44557,5.47315
103327,37.1812166977191652,-1.81769333342733463
103328,53.3470541424418272,-2.90481743786162161
103329,48.8265066613998542,-64.4391208332725967
103330,60.6807270016187417,17.181133468267781
103331,55.343,11.039
103332,6.21853216860242952,95.1045363696329105
106998,62.1062,-6.75876
106999,62.0947,-6.74185
103741,53.8711,8.7135
103742,14.7524193967840844,-17.9512957175159862
103743,58.6490273976866945,-5.05626267085241832
103744,29.016,49.466
103745,16.082996,108.225248
103746,38.989,121.884
103747,17.5277580301645699,73.1406471497772657
104554,49.6653165190548478,0.133285011637384487
104555,20.8222806255361306,-75.7431956043405563
104556,-23.649499734751025,-70.4061757473778584
104557,-25.4294222525976679,-48.7062348523299988
104558,-12.2688812335614656,49.2875901108797692
104559,51.282147,4.32284
104560,-6.01962690535906653,105.944796642889742
104561,40.833,140.749
104562,29.947294,122.133772
104564,29.7226799881029393,-84.9819976098431766
104565,6.44015510693381454,3.39703902347846087
104566,18.3553959257266435,121.632073749040103
104567,-13.828235,-171.765984
104568,51.048152489754159,-4.19065654783826691
104569,44.251,-88.409
107398,40.673342,-79.674696
107399,40.574255,-79.774487
107400,40.534611,-79.778189
107401,40.861211,-79.48719
107402,40.385701,-79.849415
107403,40.352882,-79.879354
107404,40.31622,-79.893358
105396,-6.65224029999999988,140.414242300000012
105397,-5.802949,-61.304554
105398,-5.111396,-60.37445
105399,-4.384527,-59.603579
105400,-3.76264,-59.054661
105401,13.9800166440535296,48.1690496039802909
105402,14.2497232959549152,80.1273553854988165
105403,52.109,4.275
105404,36.8961358185667763,54.0405797819708198
105405,63.2848181846663493,22.2487812613593867
105406,-8.7769790912110075,160.698380816026685
105407,5.27611424116745997,115.125240532476752
105408,-1.833826,125.322573
105410,50.47559,4.978523
105411,50.461233,4.87213999999999992
105412,50.413,4.425
105413,51.372216,6.166006
105414,51.702354,5.281563
105415,49.968239,9.106841
105416,49.703122,9.255313
105417,49.762869,9.515334
105418,49.803613,9.916684
105419,49.737666,10.166631
105420,50.03195,10.224215
102599,58.081,55.758
102600,51.361963,6.655924
102601,2.93793518357466743,9.90706490173154108
102602,58.1428950000000029,7.98622999999999994
102603,63.1148510403578911,7.73723084574595177
102604,59.318,14.095
108115,-4.13607442036477213,115.235530275533094
102811,35.511579,139.765627
102812,55.757,49.073
102813,54.284462,9.642964
102814,37.6607521448527933,24.3131617658185668
102815,33.932048,130.936218
102816,53.5922953000000035,-0.738093800000000022
102817,33.1256271147749857,-8.63925573849411776
105132,10.825,73.675
101377,5.66264150000000033,-67.6375369999999947
101378,-0.900513,-89.611344
101379,15.7340763290690919,-88.6083217628384148
101380,-5.79660496809900483,-81.0496696612126755
101381,-38.8919563509240547,-62.1037224850036367
101382,12.2577441714559026,-71.9599933090594845
101383,-3.257,-80
101384,-32.801,-60.701
101385,-33.3588,-60.1451
101386,10.4829557382430281,-67.9958232385127843
103541,-37.6593668303519493,178.618231952621983
103542,54.465,9.837
103545,39.5752287457885146,26.9332256005106032
104324,40.6469019457238332,-8.72680587001308261
104325,43.5903886867819494,-5.92418836085784495
104878,46.206693,47.865839
104882,48.263,46.151
104884,47.103,51.913
104885,44.5491379123858451,50.2676394828356692
101129,44.36,135.841
101130,50.803259,4.296625
101131,43.95,141.633
101132,53.339967,-2.751491
101134,55.8866910346369963,12.550679422022549
101135,50.514,-127.647
101136,-35.27022916166095,174.119428883641177
101138,58.065,38.838
101140,5.88407655317659994,95.3190454678457826
106014,30.190381,-93.298814
106015,30.214843,-93.280535
106016,30.220962,-93.279881
106566,27.972959,120.79683
106567,28.02262,120.703502
106568,28.009385,121.071516
105261,35.9278707550573273,27.4653418363235602
105262,35.3625662012777795,26.581408862251223
101257,24.2688736537097611,37.5571350003867437
101258,28.9337763437125197,33.1228241567251089
101260,28.3483776366745914,33.1115969214123993
101261,15.120724205024306,42.6022498226626851
101262,25.9187612679014698,51.6536823216542587
101264,28.1342798891621584,33.2805781328837682
101265,29.5852161245344796,32.6888413069323462
101266,26.6449741997098819,50.1760156431573989
101267,63.9903908350708548,20.8915795055333007
101268,17.0015393316190391,73.269815201499128
101270,61.9844964669156226,5.13955553276315147
101271,62.8429299907377867,8.12575818905403935
101272,66.454,-15.946
107467,38.223487,-85.845443
107468,38.224906,-85.844207
107469,38.229127,-85.843323
107471,41.50349,-90.60229
107472,33.986223,-91.367105
107473,41.750848,-90.300901
107474,34.169932,-91.747676
107475,38.2027,-81.413
107476,38.494444,-82.654167
107477,31.1795031281880988,-81.3432800161949388
107478,38.213492,-81.455607
107479,38.203584,-81.469257
107480,40.688317,-80.261294
107481,40.609394,-80.234682
107482,40.525922,-80.167363
107483,40.579812,-80.233081
107484,40.560757,-80.218744
103949,-2.816,-171.716
103950,51.5062989075654087,0.568364913289343687
103951,37.2318058411803392,11.2318058411803516
103952,-11.85,49.255
103953,19.7583194631551997,-72.1968951563068657
103954,-0.6308,8.71746
103956,5.10330591903477693,-1.23936284274283981
103957,41.753399743004984,-70.57750908399643
103958,-24.2199062436593415,113.397439481750141
100180,29.9170473000000001,-90.1372187999999994
100181,-5.95452458381861316,147.742379460807228
100182,63.7939018414168899,11.4330496310477674
100183,62.6243610926908474,7.09542102285662857
100184,41.6873853254930395,-8.83864403638910368
100185,43.8612983942920494,10.2356140607719386
100780,43.5780710538187463,39.7100162013368987
101649,38.132391055641115,-76.5327734596047691
101651,20.9092845816972321,71.5016914982039253
101652,37.9406072631789044,23.6284841870312015
101653,-19.5962735631408798,-70.2156068734672658
101654,-13.7094121620933471,-76.2241650915949407
101655,65.3123879094614921,21.4703946314186176
101656,38.034517,-121.877251
101657,47.25,-54
110170,18.8565,105.7302
110171,67.3859,14.377
110172,67.2884,13.8503
110173,66.1417,12.697
110174,65.0877,11.7407
110175,65.7032,12.441
110177,65.714,11.9111
110178,65.6783,12.1354
110179,64.5332,10.818
110180,69.2229,18.0764
110181,68.9292,16.3523
110182,34.0371,131.5886
110183,67.123,14.0458
110185,69.4684,17.6062
110186,11.3048366809747556,108.806495756549552
110187,66.08,-169.45
110188,68.1929,14.3475
110189,70.386,23.4723
110190,68.5534,16.5575
110191,68.7334,15.5162
110192,67.1202,14.3096
110194,50.8316,3.5869
110195,50.861,3.6257
110196,50.9352,3.6519
110197,58.767906780409966,17.3930324579293938
110198,66.7773,13.502
110199,68.8402,16.3348
109795,62.4857,6.3842
105750,41.7214657926728094,-71.1574578207402908
105751,-38.3527904593049342,145.22571856165581
105752,21.636,116.153
105754,42.6059080302529622,-8.93169174202257743
105755,42.5591281579678835,-8.98795800628708186
105756,40.7445985834775755,13.9407217254094729
105757,40.6318659837534852,14.6004023129417213
105758,40.8950069150737434,12.9642985265677737
105760,-6.35232446970902753,11.1476135749013885
105761,55.9849696032232274,-4.94682337827496532
105762,71.474937760719655,71.8221573756569143
105763,70.3516987747112807,-148.445079234577292
105764,71.088752234591567,66.8026145096201844
105765,77.0951495036268142,67.756543344225733
105766,63.728801,9.588295
105767,63.8882752162178917,9.87233616770884304
105768,63.7586972230071396,9.74234848013260546
102326,12.647062,101.147574
102327,7.73948766764156471,-64.7054924455510445
102328,-25.973457926484862,32.5587692190109195
102329,28.4027970445456184,34.7396542313214951
102330,-2.66368382688287886,121.029712727311491
102331,-38.0419120885375364,-57.5312659046372303
102332,4.49910814352250199,113.949530958832398
102334,51.7103032145970829,-2.50584831871300873
102335,50.516,-3.15
101330,19.8007866988509349,-70.7014549703883119
101331,9.74378031199181827,118.727219701004159
101332,11.0652491208082839,-74.2318509385621894
101333,13.9227191497490264,-90.7948943979814942
101334,36.5238018872084922,-6.19110901915151768
101335,-38.9233383690582997,-62.0714178931717484
101336,12.2028555953667421,-86.7650623718852074
101337,10.4602268659779956,-64.1932745150699304
101339,-25.968082,-54.608086
101340,-54.9323625977875878,-67.6084279250855786
101341,48.182,-122.8
101342,62.1022354991083247,29.9137513352048856
101344,1.236792,103.769149
101345,-4.02854582356274182,116.032586157667808
101346,1.15806773197761959,103.897201626476729
101347,1.203,103.793
101348,10.5207599811802162,122.795771219761562
101349,-53.1704834314968977,-70.9047899961434922
101350,10.546052681718022,-71.5379753194639818
101351,11.6250010904656929,-70.234988503022123
101352,-31.8898917163564874,-71.5073761292247667
101353,-41.6994292330249507,-65.0077554874435606
101354,8.28713220271530027,-62.8448672003821542
101355,10.4372432201909078,-71.6343353490642301
